event_id,date,asset_target,actual,pred_case_model,pred_baseline_reg,pred_baseline,pred_std_baseline,confidence_baseline,pred_shock_main_reg,pred_shock_main,pred_std_shock_main,confidence_shock_main,pred_shock_interactions_reg,pred_shock_interactions,pred_std_shock_interactions,confidence_shock_interactions,pred_rag_memory_reg,pred_rag_memory,pred_std_rag_memory,confidence_rag_memory,pred_shock_rag_reg,pred_shock_rag,pred_std_shock_rag,confidence_shock_rag,pred_fusion_reg,pred_fusion,pred_std_fusion,confidence_fusion,case_avg_similarity,case_neighbor_count,case_weight_final,pred_final,bayesian_std_final,bayesian_confidence_final,pred_interval_low_90_baseline,pred_interval_high_90_baseline,pred_interval_half_width_90_baseline,pred_interval_width_90_baseline,pred_interval_source_90_baseline,pred_interval_low_90_shock_main,pred_interval_high_90_shock_main,pred_interval_half_width_90_shock_main,pred_interval_width_90_shock_main,pred_interval_source_90_shock_main,pred_interval_low_90_shock_interactions,pred_interval_high_90_shock_interactions,pred_interval_half_width_90_shock_interactions,pred_interval_width_90_shock_interactions,pred_interval_source_90_shock_interactions,pred_interval_low_90_rag_memory,pred_interval_high_90_rag_memory,pred_interval_half_width_90_rag_memory,pred_interval_width_90_rag_memory,pred_interval_source_90_rag_memory,pred_interval_low_90_shock_rag,pred_interval_high_90_shock_rag,pred_interval_half_width_90_shock_rag,pred_interval_width_90_shock_rag,pred_interval_source_90_shock_rag,pred_interval_low_90_case_model,pred_interval_high_90_case_model,pred_interval_half_width_90_case_model,pred_interval_width_90_case_model,pred_interval_source_90_case_model,pred_interval_low_90_fusion,pred_interval_high_90_fusion,pred_interval_half_width_90_fusion,pred_interval_width_90_fusion,pred_interval_source_90_fusion,pred_interval_low_90_fusion_case,pred_interval_high_90_fusion_case,pred_interval_half_width_90_fusion_case,pred_interval_width_90_fusion_case,pred_interval_source_90_fusion_case,pred_interval_low_90,pred_interval_high_90,pred_interval_half_width_90,pred_interval_width_90,pred_interval_source_90
FOMC_0304,2008-06-25,QQQ_ret,0.0163,0.0088064955307498,0.000208604369072,0.0001877439321648,2.710505431213761e-20,0.9999999999999998,0.0008756470414943,0.0012111673476083,0.0,1.0,-0.0011048674009153,0.001689055042708,0.0,1.0,0.0066506858508701,0.0059856172657831,0.0,1.0,0.0044326245524072,0.0065786626206938,0.0,1.0,0.0077741847519353,0.0117613042808559,8.673617379884035e-19,0.9999999999999998,0.919569935039906,3.0,0.2351916191220014,0.0138329475334032,0.0072465497997322,0.656227743599055,-0.0318628984892698,0.0322383863535994,0.0320506424214346,0.0641012848428693,recent_volatility_fallback,-0.0308394750738262,0.033261809769043,0.0320506424214346,0.0641012848428693,recent_volatility_fallback,-0.0303615873787266,0.0337396974641427,0.0320506424214346,0.0641012848428693,recent_volatility_fallback,-0.0260650251556515,0.0380362596872178,0.0320506424214346,0.0641012848428693,recent_volatility_fallback,-0.0254719798007408,0.0386293050421284,0.0320506424214346,0.0641012848428693,recent_volatility_fallback,-0.0232441468906848,0.0408571379521844,0.0320506424214346,0.0641012848428693,recent_volatility_fallback,-0.0202893381405787,0.0438119467022906,0.0320506424214346,0.0641012848428693,recent_volatility_fallback,-0.0182176948880313,0.0458835899548379,0.0320506424214346,0.0641012848428693,recent_volatility_fallback,-0.0182176948880313,0.0458835899548379,0.0320506424214346,0.0641012848428693,recent_volatility_fallback
FOMC_0304,2008-06-25,SPY_ret,0.0047,0.0063340801537002,-0.0032876375596608,0.0051040573113735,0.0,1.0,-0.001193341883985,0.0018526632748867,0.0,1.0,-0.0074150307549192,-0.0102372569850069,8.673617379884035e-19,0.9999999999999998,0.0016809146673843,0.0026096200211141,2.1684043449710093e-19,0.9999999999999998,0.0073344008072691,0.0113866572532853,8.673617379884035e-19,0.9999999999999998,-0.0006734707098882,-0.0009281197451658,0.0,1.0,0.919569935039906,3.0,0.2316110999724591,0.0008669693158749,0.0057623172422212,0.1307799867266691,-0.0169829328740023,0.0271910474967493,0.0220869901853758,0.0441739803707516,recent_volatility_fallback,-0.020234326910489,0.0239396534602626,0.0220869901853758,0.0441739803707516,recent_volatility_fallback,-0.0323242471703828,0.0118497332003688,0.0220869901853758,0.0441739803707516,recent_volatility_fallback,-0.0194773701642616,0.02469661020649,0.0220869901853758,0.0441739803707516,recent_volatility_fallback,-0.0107003329320904,0.0334736474386611,0.0220869901853758,0.0441739803707516,recent_volatility_fallback,-0.0157529100316755,0.0284210703390761,0.0220869901853758,0.0441739803707516,recent_volatility_fallback,-0.0230151099305417,0.0211588704402099,0.0220869901853758,0.0441739803707516,recent_volatility_fallback,-0.0212200208695008,0.0229539595012508,0.0220869901853758,0.0441739803707516,recent_volatility_fallback,-0.0212200208695008,0.0229539595012508,0.0220869901853758,0.0441739803707516,recent_volatility_fallback
FOMC_0302,2008-08-08,QQQ_ret,0.0228,0.0111638114206964,0.0014662933018629,0.0020985395059192,0.0,1.0,0.0022199848244352,0.0019979863419916,0.0,1.0,0.0033887360282326,0.0030498624254093,4.336808689942019e-19,0.9999999999999998,0.0094792237442995,0.0150699623757494,0.0,1.0,0.0061453792431565,0.0099410617269266,0.0,1.0,0.0089609597143158,0.0127138046620942,0.0,1.0,0.9111334864298358,3.0,0.227663300018755,0.0154511601071885,0.0072979761578125,0.6791978005328374,-0.0287952862130743,0.0329923652249129,0.0308938257189936,0.0617876514379873,recent_volatility_fallback,-0.0288958393770019,0.0328918120609853,0.0308938257189936,0.0617876514379873,recent_volatility_fallback,-0.0278439632935842,0.033943688144403,0.0308938257189936,0.0617876514379873,recent_volatility_fallback,-0.0158238633432442,0.045963788094743,0.0308938257189936,0.0617876514379873,recent_volatility_fallback,-0.020952763992067,0.0408348874459203,0.0308938257189936,0.0617876514379873,recent_volatility_fallback,-0.0197300142982972,0.04205763713969,0.0308938257189936,0.0617876514379873,recent_volatility_fallback,-0.0181800210568994,0.0436076303810878,0.0308938257189936,0.0617876514379873,recent_volatility_fallback,-0.0154426656118051,0.0463449858261822,0.0308938257189936,0.0617876514379873,recent_volatility_fallback,-0.0154426656118051,0.0463449858261822,0.0308938257189936,0.0617876514379873,recent_volatility_fallback
FOMC_0302,2008-08-08,SPY_ret,0.0186,0.0034555790003387,0.0078878130685118,0.0122458297888646,0.0,1.0,-0.0035513814940387,-0.0031962433446348,0.0,1.0,0.0015213004099682,-0.002103455180924,0.0,1.0,0.0068070997729552,0.010568022397513,0.0,1.0,0.0045811318392878,0.0071122071804944,0.0,1.0,0.0052616168141272,0.0070169431864893,0.0,1.0,0.9111334864298358,3.0,0.2148843116917279,0.0071894111788645,0.0056044336020689,0.5619433159096674,-0.009486797490464,0.0339784570681933,0.0217326272793287,0.0434652545586574,recent_volatility_fallback,-0.0249288706239635,0.0185363839346938,0.0217326272793287,0.0434652545586574,recent_volatility_fallback,-0.0238360824602527,0.0196291720984046,0.0217326272793287,0.0434652545586574,recent_volatility_fallback,-0.0111646048818156,0.0323006496768417,0.0217326272793287,0.0434652545586574,recent_volatility_fallback,-0.0146204200988342,0.0288448344598231,0.0217326272793287,0.0434652545586574,recent_volatility_fallback,-0.0182770482789899,0.0251882062796674,0.0217326272793287,0.0434652545586574,recent_volatility_fallback,-0.0147156840928393,0.028749570465818,0.0217326272793287,0.0434652545586574,recent_volatility_fallback,-0.0145432161004641,0.0289220384581932,0.0217326272793287,0.0434652545586574,recent_volatility_fallback,-0.0145432161004641,0.0289220384581932,0.0217326272793287,0.0434652545586574,recent_volatility_fallback
FOMC_0300,2008-09-16,QQQ_ret,0.0079,0.0121103634384324,0.0051740909770611,0.008495344513531,0.0,1.0,-0.0013832345967953,0.0021058772663148,0.0,1.0,0.0146127160882665,-0.0223048714862983,0.0,1.0,-0.0018623931001094,-0.0029453284753217,0.0,1.0,-0.0122500001014188,-0.0206718751711442,0.0,1.0,-0.0035471150699621,-0.0059818589527381,0.0,1.0,0.8518381645135762,3.0,0.113074851130476,-0.0049201044990463,0.0073834406613719,0.3998937246101701,-0.0165026289154402,0.0334933179425023,0.0249979734289713,0.0499959468579426,recent_volatility_fallback,-0.0228920961626564,0.0271038506952861,0.0249979734289713,0.0499959468579426,recent_volatility_fallback,-0.0473028449152697,0.0026931019426729,0.0249979734289713,0.0499959468579426,recent_volatility_fallback,-0.027943301904293,0.0220526449536495,0.0249979734289713,0.0499959468579426,recent_volatility_fallback,-0.0456698486001155,0.004326098257827,0.0249979734289713,0.0499959468579426,recent_volatility_fallback,-0.0128876099905388,0.0371083368674037,0.0249979734289713,0.0499959468579426,recent_volatility_fallback,-0.0309798323817094,0.0190161144762331,0.0249979734289713,0.0499959468579426,recent_volatility_fallback,-0.0299180779280176,0.0200778689299249,0.0249979734289713,0.0499959468579426,recent_volatility_fallback,-0.0299180779280176,0.0200778689299249,0.0249979734289713,0.0499959468579426,recent_volatility_fallback
FOMC_0300,2008-09-16,SPY_ret,0.0167,0.0083387699277262,0.0141079539655601,0.0199544222681478,1.734723475976807e-18,0.9999999999999998,0.0119477578568187,0.0185488940727111,0.0,1.0,0.0078043850802732,0.0111077300507539,8.673617379884035e-19,0.9999999999999998,-2.990553233709058e-06,-4.140601213233295e-06,0.0,1.0,0.0069063108592488,-0.0092536531308823,8.673617379884035e-19,0.9999999999999998,0.0031496063644486,0.0028346457280037,4.336808689942019e-19,0.9999999999999998,0.8518381645135762,3.0,0.1056037409966122,0.0039282871095651,0.005667073671658,0.4093950300755718,0.0012542779711407,0.038654566565155,0.0187001442970071,0.0374002885940142,recent_volatility_fallback,-0.0001512502242959,0.0372490383697182,0.0187001442970071,0.0374002885940142,recent_volatility_fallback,-0.0075924142462531,0.0298078743477611,0.0187001442970071,0.0374002885940142,recent_volatility_fallback,-0.0187042848982203,0.0186960036957939,0.0187001442970071,0.0374002885940142,recent_volatility_fallback,-0.0279537974278894,0.0094464911661248,0.0187001442970071,0.0374002885940142,recent_volatility_fallback,-0.0103613743692809,0.0270389142247333,0.0187001442970071,0.0374002885940142,recent_volatility_fallback,-0.0158654985690033,0.0215347900250109,0.0187001442970071,0.0374002885940142,recent_volatility_fallback,-0.014771857187442,0.0226284314065722,0.0187001442970071,0.0374002885940142,recent_volatility_fallback,-0.014771857187442,0.0226284314065722,0.0187001442970071,0.0374002885940142,recent_volatility_fallback
FOMC_0296,2008-10-07,QQQ_ret,-0.0634,-0.0115392529567659,-0.0013964931339257,0.0023565821634996,0.0,1.0,-0.0122220444855622,0.0206247000693862,0.0,1.0,0.0110492684689572,-0.0178570170774407,0.0,1.0,0.0263436724144082,0.0266905210494079,0.0,1.0,0.0213242535763408,0.0266905210494079,0.0,1.0,0.0230857319551253,0.0266905210494079,0.0,1.0,0.7447187892929633,3.0,0.0989329984367646,0.0266905210494079,0.0073464089186486,0.7841636490958596,-0.022656248991374,0.0273694133183734,0.0250128311548737,0.0500256623097474,recent_volatility_fallback,-0.0043881310854874,0.04563753122426,0.0250128311548737,0.0500256623097474,recent_volatility_fallback,-0.0428698482323144,0.007155814077433,0.0250128311548737,0.0500256623097474,recent_volatility_fallback,0.0016776898945342,0.0517033522042816,0.0250128311548737,0.0500256623097474,recent_volatility_fallback,0.0016776898945342,0.0517033522042816,0.0250128311548737,0.0500256623097474,recent_volatility_fallback,-0.0365520841116396,0.0134735781981077,0.0250128311548737,0.0500256623097474,recent_volatility_fallback,0.0016776898945342,0.0517033522042816,0.0250128311548737,0.0500256623097474,recent_volatility_fallback,0.0016776898945342,0.0517033522042816,0.0250128311548737,0.0500256623097474,recent_volatility_fallback,0.0016776898945342,0.0517033522042816,0.0250128311548737,0.0500256623097474,recent_volatility_fallback
FOMC_0296,2008-10-07,SPY_ret,-0.0448,-0.0051533688723405,-0.0068162776202853,0.0105822710054929,0.0,1.0,-0.0146285243713292,0.0194190418490739,0.0,1.0,-0.0161307914617574,0.0200747611157434,0.0,1.0,0.003521813113389,0.0054676148585364,0.0,1.0,0.0037328543342537,0.0052240340234099,0.0,1.0,0.0031302458886387,0.0048597067421115,4.336808689942019e-19,0.9999999999999998,0.7447187892929633,3.0,0.0924345898831688,0.0045242750348536,0.0057012367956435,0.4424502836970278,-0.0082306479829752,0.0293951899939611,0.0188129189884681,0.0376258379769363,recent_volatility_fallback,0.0006061228606058,0.0382319608375421,0.0188129189884681,0.0376258379769363,recent_volatility_fallback,0.0012618421272753,0.0388876801042116,0.0188129189884681,0.0376258379769363,recent_volatility_fallback,-0.0133453041299317,0.0242805338470046,0.0188129189884681,0.0376258379769363,recent_volatility_fallback,-0.0135888849650581,0.0240369530118781,0.0188129189884681,0.0376258379769363,recent_volatility_fallback,-0.0239662878608087,0.0136595501161276,0.0188129189884681,0.0376258379769363,recent_volatility_fallback,-0.0139532122463565,0.0236726257305797,0.0188129189884681,0.0376258379769363,recent_volatility_fallback,-0.0142886439536145,0.0233371940233218,0.0188129189884681,0.0376258379769363,recent_volatility_fallback,-0.0142886439536145,0.0233371940233218,0.0188129189884681,0.0376258379769363,recent_volatility_fallback
FOMC_0295,2008-10-29,QQQ_ret,-0.0025,-0.0340789386002172,-0.021573273850768,0.0294360426855327,0.0,1.0,-0.0037116720102496,0.0058274556232882,0.0,1.0,-0.0024356111623382,-0.0021920500461044,0.0,1.0,-0.0268182632423753,0.0295230013788684,0.0,1.0,-0.0087602157168958,0.0147828640222616,0.0,1.0,-0.0048353613495485,0.0081596722773632,0.0,1.0,0.8092936235551245,3.0,0.1168392947870895,0.0040306784620505,0.0086803131279925,0.3171023489768039,0.0017687728219074,0.057103312549158,0.0276672698636252,0.0553345397272505,recent_volatility_fallback,-0.021839814240337,0.0334947254869135,0.0276672698636252,0.0553345397272505,recent_volatility_fallback,-0.0298593199097296,0.0254752198175208,0.0276672698636252,0.0553345397272505,recent_volatility_fallback,0.0018557315152431,0.0571902712424936,0.0276672698636252,0.0553345397272505,recent_volatility_fallback,-0.0128844058413635,0.0424501338858869,0.0276672698636252,0.0553345397272505,recent_volatility_fallback,-0.0617462084638424,-0.0064116687365919,0.0276672698636252,0.0553345397272505,recent_volatility_fallback,-0.019507597586262,0.0358269421409885,0.0276672698636252,0.0553345397272505,recent_volatility_fallback,-0.0236365914015746,0.0316979483256758,0.0276672698636252,0.0553345397272505,recent_volatility_fallback,-0.0236365914015746,0.0316979483256758,0.0276672698636252,0.0553345397272505,recent_volatility_fallback
FOMC_0295,2008-10-29,SPY_ret,-0.0073,-0.0170215432474366,-0.0207051143664901,0.0225749163435142,0.0,1.0,-0.0016866115647271,0.0026184644542388,0.0,1.0,-0.0042585224083343,0.006611356038939,0.0,1.0,-0.0183365827346543,0.0225749163435142,0.0,1.0,-0.0049850236152745,0.0077392491627137,0.0,1.0,-0.0033134209742212,0.0051440860624785,4.336808689942019e-19,0.9999999999999998,0.8092936235551245,3.0,0.1073993991603042,0.0031780374114711,0.0066115399870226,0.3246354807517326,0.0014189947415923,0.0437308379454361,0.0211559216019219,0.0423118432038438,recent_volatility_fallback,-0.018537457147683,0.0237743860561607,0.0211559216019219,0.0423118432038438,recent_volatility_fallback,-0.0145445655629828,0.027767277640861,0.0211559216019219,0.0423118432038438,recent_volatility_fallback,0.0014189947415923,0.0437308379454361,0.0211559216019219,0.0423118432038438,recent_volatility_fallback,-0.0134166724392081,0.0288951707646356,0.0211559216019219,0.0423118432038438,recent_volatility_fallback,-0.0381774648493585,0.0041343783544852,0.0211559216019219,0.0423118432038438,recent_volatility_fallback,-0.0160118355394433,0.0263000076644004,0.0211559216019219,0.0423118432038438,recent_volatility_fallback,-0.0179778841904507,0.024333959013393,0.0211559216019219,0.0423118432038438,recent_volatility_fallback,-0.0179778841904507,0.024333959013393,0.0211559216019219,0.0423118432038438,recent_volatility_fallback
FOMC_0293,2008-12-16,QQQ_ret,0.0482,0.0296122125788921,-0.0204239221391986,-0.0295298974998926,0.0,1.0,-0.0360063023139436,-0.0295298974998926,0.0,1.0,-0.0297869565700912,-0.0295298974998926,3.469446951953614e-18,0.9999999999999998,-0.026401871655404,0.0295298974998926,0.0,1.0,-0.0372949467235221,-0.0295298974998926,0.0,1.0,-0.0340269847732727,-0.0295298974998926,0.0,1.0,0.8816587956140742,3.0,0.2068401784951074,-0.0216211661182743,0.0086578972042869,0.7140633363493378,-0.0572036300140777,-0.0018561649857075,0.0276737325141851,0.0553474650283702,recent_volatility_fallback,-0.0572036300140777,-0.0018561649857075,0.0276737325141851,0.0553474650283702,recent_volatility_fallback,-0.0572036300140777,-0.0018561649857075,0.0276737325141851,0.0553474650283702,recent_volatility_fallback,0.0018561649857075,0.0572036300140777,0.0276737325141851,0.0553474650283702,recent_volatility_fallback,-0.0572036300140777,-0.0018561649857075,0.0276737325141851,0.0553474650283702,recent_volatility_fallback,0.001938480064707,0.0572859450930773,0.0276737325141851,0.0553474650283702,recent_volatility_fallback,-0.0572036300140777,-0.0018561649857075,0.0276737325141851,0.0553474650283702,recent_volatility_fallback,-0.0492948986324595,0.0060525663959107,0.0276737325141851,0.0553474650283702,recent_volatility_fallback,-0.0492948986324595,0.0060525663959107,0.0276737325141851,0.0553474650283702,recent_volatility_fallback
FOMC_0293,2008-12-16,SPY_ret,0.0471,0.0290939057598935,-0.0284757742377407,0.0226559673392329,3.469446951953614e-18,0.9999999999999998,-0.0342835330372504,-0.0226559673392329,0.0,1.0,-0.0255558139414229,-0.0226559673392329,3.469446951953614e-18,0.9999999999999998,-0.0263197650374925,0.0226559673392329,3.469446951953614e-18,0.9999999999999998,-0.0358599127343224,0.0226559673392329,0.0,1.0,-0.0265046330247155,-0.0226559673392329,3.469446951953614e-18,0.9999999999999998,0.8816587956140742,3.0,0.2174652647209203,-0.0131124926094259,0.0066397702520493,0.6638477860945541,0.0014240893756089,0.0438878453028569,0.0212318779636239,0.0424637559272479,recent_volatility_fallback,-0.0438878453028569,-0.0014240893756089,0.0212318779636239,0.0424637559272479,recent_volatility_fallback,-0.0438878453028569,-0.0014240893756089,0.0212318779636239,0.0424637559272479,recent_volatility_fallback,0.0014240893756089,0.0438878453028569,0.0212318779636239,0.0424637559272479,recent_volatility_fallback,0.0014240893756089,0.0438878453028569,0.0212318779636239,0.0424637559272479,recent_volatility_fallback,0.0078620277962695,0.0503257837235175,0.0212318779636239,0.0424637559272479,recent_volatility_fallback,-0.0438878453028569,-0.0014240893756089,0.0212318779636239,0.0424637559272479,recent_volatility_fallback,-0.0343443705730499,0.008119385354198,0.0212318779636239,0.0424637559272479,recent_volatility_fallback,-0.0343443705730499,0.008119385354198,0.0212318779636239,0.0424637559272479,recent_volatility_fallback
FOMC_0290,2009-01-28,QQQ_ret,0.0353,0.034134595868034,0.0056203160926738,0.009484283406387,0.0,1.0,0.0042365126178454,0.0071491150426142,0.0,1.0,0.0185319817133794,0.0312727191413278,0.0,1.0,0.0008599835672226,0.0007739852105003,0.0,1.0,0.0071618451628036,0.0064456606465232,0.0,1.0,0.0106619059294838,0.0173373624188996,0.0,1.0,0.8966092939429742,3.0,0.2281463581739464,0.0264619875721465,0.0092155140930932,0.7416996403907895,-0.0198231253543114,0.0387916921670855,0.0293074087606984,0.0586148175213969,recent_volatility_fallback,-0.0221582937180842,0.0364565238033127,0.0293074087606984,0.0586148175213969,recent_volatility_fallback,0.0019653103806293,0.0605801279020262,0.0293074087606984,0.0586148175213969,recent_volatility_fallback,-0.0285334235501981,0.0300813939711988,0.0293074087606984,0.0586148175213969,recent_volatility_fallback,-0.0228617481141752,0.0357530694072217,0.0293074087606984,0.0586148175213969,recent_volatility_fallback,0.0048271871073355,0.0634420046287325,0.0293074087606984,0.0586148175213969,recent_volatility_fallback,-0.0119700463417988,0.0466447711795981,0.0293074087606984,0.0586148175213969,recent_volatility_fallback,-0.0028454211885519,0.055769396332845,0.0293074087606984,0.0586148175213969,recent_volatility_fallback,-0.0028454211885519,0.055769396332845,0.0293074087606984,0.0586148175213969,recent_volatility_fallback
FOMC_0290,2009-01-28,SPY_ret,0.0338,0.0337567464945623,-0.0040069709402826,0.0062208223847888,0.0,1.0,-0.0014370485313653,0.0019154148753132,0.0,1.0,0.0044937086061617,0.0069764826110661,0.0,1.0,0.0111670542656417,0.0173368517474087,0.0,1.0,0.0127056005037106,0.0197254447820107,0.0,1.0,0.0059898755567275,0.0092992818018195,0.0,1.0,0.8966092939429742,3.0,0.233454350740302,0.0172603308437803,0.0073371125792098,0.701712512550092,-0.0168884762673891,0.0293301210369668,0.0231092986521779,0.0462185973043559,recent_volatility_fallback,-0.0211938837768647,0.0250247135274911,0.0231092986521779,0.0462185973043559,recent_volatility_fallback,-0.0161328160411118,0.030085781263244,0.0231092986521779,0.0462185973043559,recent_volatility_fallback,-0.0057724469047692,0.0404461503995867,0.0231092986521779,0.0462185973043559,recent_volatility_fallback,-0.0033838538701672,0.0428347434341887,0.0231092986521779,0.0462185973043559,recent_volatility_fallback,0.0106474478423843,0.0568660451467403,0.0231092986521779,0.0462185973043559,recent_volatility_fallback,-0.0138100168503584,0.0324085804539975,0.0231092986521779,0.0462185973043559,recent_volatility_fallback,-0.0058489678083976,0.0403696294959583,0.0231092986521779,0.0462185973043559,recent_volatility_fallback,-0.0058489678083976,0.0403696294959583,0.0231092986521779,0.0462185973043559,recent_volatility_fallback
FOMC_0287,2009-03-17,QQQ_ret,0.0377,0.0213659540395541,0.0137828469606911,0.0232585542461663,0.0,1.0,0.0074667857093407,0.0126002008845125,0.0,1.0,0.0134420274821442,-0.0191596204845659,0.0,1.0,0.0144873310225815,0.0130385979203234,1.734723475976807e-18,0.9999999999999998,0.0123903629166325,0.0111513266249692,0.0,1.0,0.0109915061762333,0.0149473031074857,0.0,1.0,0.9062997817907814,3.0,0.2433297478858188,0.0206364397756912,0.0094734260434121,0.6853714674770699,-0.0068227271079692,0.0533398356003019,0.0300812813541356,0.0601625627082712,recent_volatility_fallback,-0.017481080469623,0.0426814822386481,0.0300812813541356,0.0601625627082712,recent_volatility_fallback,-0.0492409018387015,0.0109216608695696,0.0300812813541356,0.0601625627082712,recent_volatility_fallback,-0.0170426834338122,0.043119879274459,0.0300812813541356,0.0601625627082712,recent_volatility_fallback,-0.0189299547291663,0.0412326079791048,0.0300812813541356,0.0601625627082712,recent_volatility_fallback,-0.0087153273145814,0.0514472353936897,0.0300812813541356,0.0601625627082712,recent_volatility_fallback,-0.0151339782466498,0.0450285844616213,0.0300812813541356,0.0601625627082712,recent_volatility_fallback,-0.0094448415784443,0.0507177211298268,0.0300812813541356,0.0601625627082712,recent_volatility_fallback,-0.0094448415784443,0.0507177211298268,0.0300812813541356,0.0601625627082712,recent_volatility_fallback
FOMC_0287,2009-03-17,SPY_ret,0.0306,0.0209154954419379,0.0022250257805952,0.0034543525243741,0.0,1.0,0.007864855345161,0.0111456829378755,0.0,1.0,-0.0034225432313576,-0.0030802889082218,0.0,1.0,0.0268977197217707,0.025616618747922,3.469446951953614e-18,0.9999999999999998,0.0149442777298193,0.0232009911755445,0.0,1.0,0.0166032760964099,0.025616618747922,0.0,1.0,0.9062997817907814,3.0,0.2412815418405842,0.025616618747922,0.0075925835523884,0.7713711640092863,-0.0205520787593927,0.027460783808141,0.0240064312837669,0.0480128625675338,recent_volatility_fallback,-0.0128607483458913,0.0351521142216424,0.0240064312837669,0.0480128625675338,recent_volatility_fallback,-0.0270867201919887,0.020926142375545,0.0240064312837669,0.0480128625675338,recent_volatility_fallback,0.001610187464155,0.0496230500316889,0.0240064312837669,0.0480128625675338,recent_volatility_fallback,-0.0008054401082223,0.0472074224593114,0.0240064312837669,0.0480128625675338,recent_volatility_fallback,-0.0030909358418289,0.0449219267257048,0.0240064312837669,0.0480128625675338,recent_volatility_fallback,0.001610187464155,0.0496230500316889,0.0240064312837669,0.0480128625675338,recent_volatility_fallback,0.001610187464155,0.0496230500316889,0.0240064312837669,0.0480128625675338,recent_volatility_fallback,0.001610187464155,0.0496230500316889,0.0240064312837669,0.0480128625675338,recent_volatility_fallback
FOMC_0285,2009-04-29,QQQ_ret,0.0138,0.0284305084819457,0.016898535618564,0.0285162788563268,0.0,1.0,0.0103411544870214,0.0170294545875169,0.0,1.0,0.0056838941410063,0.0051155047269057,0.0,1.0,0.0205203423835259,0.0328753775326864,0.0,1.0,0.0226142003157304,0.0328753775326864,0.0,1.0,0.012570531459501,0.0181955797995334,0.0,1.0,0.928847352138245,3.0,0.285617462143636,0.0263985676937814,0.0097393929995662,0.7304941917682419,-0.002292646374305,0.0593252040869587,0.0308089252306318,0.0616178504612637,recent_volatility_fallback,-0.0137794706431149,0.0478383798181488,0.0308089252306318,0.0616178504612637,recent_volatility_fallback,-0.0256934205037261,0.0359244299575376,0.0308089252306318,0.0616178504612637,recent_volatility_fallback,0.0020664523020545,0.0636843027633183,0.0308089252306318,0.0616178504612637,recent_volatility_fallback,0.0020664523020545,0.0636843027633183,0.0308089252306318,0.0616178504612637,recent_volatility_fallback,-0.0023784167486861,0.0592394337125776,0.0308089252306318,0.0616178504612637,recent_volatility_fallback,-0.0126133454310984,0.0490045050301653,0.0308089252306318,0.0616178504612637,recent_volatility_fallback,-0.0044103575368504,0.0572074929244132,0.0308089252306318,0.0616178504612637,recent_volatility_fallback,-0.0044103575368504,0.0572074929244132,0.0308089252306318,0.0616178504612637,recent_volatility_fallback
FOMC_0285,2009-04-29,SPY_ret,0.0213,0.0224588062267151,0.0047755817106448,0.0042980235395803,0.0,1.0,0.0195675519888338,0.026299700911903,0.0,1.0,0.0092093805070495,0.0131180962582156,0.0,1.0,0.03067727014521,0.026299700911903,3.469446951953614e-18,0.9999999999999998,0.0251183493236239,0.026299700911903,0.0,1.0,0.0221911134064396,0.026299700911903,0.0,1.0,0.928847352138245,3.0,0.25,0.026299700911903,0.0078159068571727,0.7708994481624926,-0.0203485533150031,0.0289446003941637,0.0246465768545834,0.0492931537091669,recent_volatility_fallback,0.0016531240573196,0.0509462777664865,0.0246465768545834,0.0492931537091669,recent_volatility_fallback,-0.0115284805963678,0.037764673112799,0.0246465768545834,0.0492931537091669,recent_volatility_fallback,0.0016531240573196,0.0509462777664865,0.0246465768545834,0.0492931537091669,recent_volatility_fallback,0.0016531240573196,0.0509462777664865,0.0246465768545834,0.0492931537091669,recent_volatility_fallback,-0.0021877706278683,0.0471053830812985,0.0246465768545834,0.0492931537091669,recent_volatility_fallback,0.0016531240573196,0.0509462777664865,0.0246465768545834,0.0492931537091669,recent_volatility_fallback,0.0016531240573196,0.0509462777664865,0.0246465768545834,0.0492931537091669,recent_volatility_fallback,0.0016531240573196,0.0509462777664865,0.0246465768545834,0.0492931537091669,recent_volatility_fallback
FOMC_0282,2009-06-24,QQQ_ret,0.0166,-0.0011223088485798,0.0031603058872595,0.0047475992126163,0.0,1.0,0.0089884557898083,0.0132511493412235,0.0,1.0,0.0050475412380234,0.0070504377238072,0.0,1.0,0.0267304128345924,0.0329311449804318,0.0,1.0,0.0182822240417931,0.0306435870013116,0.0,1.0,0.0177092371627982,0.0285161931495064,0.0,1.0,0.9331673589402524,3.0,0.2337052290647071,0.0269869003136361,0.0096228083738584,0.7371515346512222,-0.0261135880833312,0.0356087865085639,0.0308611872959475,0.0617223745918951,recent_volatility_fallback,-0.017610037954724,0.044112336637171,0.0308611872959475,0.0617223745918951,recent_volatility_fallback,-0.0238107495721403,0.0379116250197548,0.0308611872959475,0.0617223745918951,recent_volatility_fallback,0.0020699576844842,0.0637923322763794,0.0308611872959475,0.0617223745918951,recent_volatility_fallback,-0.0002176002946359,0.0615047742972592,0.0308611872959475,0.0617223745918951,recent_volatility_fallback,-0.0319834961445273,0.0297388784473677,0.0308611872959475,0.0617223745918951,recent_volatility_fallback,-0.002344994146441,0.059377380445454,0.0308611872959475,0.0617223745918951,recent_volatility_fallback,-0.0038742869823113,0.0578480876095837,0.0308611872959475,0.0617223745918951,recent_volatility_fallback,-0.0038742869823113,0.0578480876095837,0.0308611872959475,0.0617223745918951,recent_volatility_fallback
FOMC_0282,2009-06-24,SPY_ret,0.0086,-0.0009106180708573,0.001954637557143,0.0025062143191414,0.0,1.0,0.0013197596280988,0.0017863532720721,0.0,1.0,0.0019861374854524,0.00249640328337,0.0,1.0,0.0093120614282055,0.014456975367289,0.0,1.0,0.0103352331435781,0.016045449455405,0.0,1.0,0.0044966400884792,0.0067260898479521,0.0,1.0,0.9331673589402524,3.0,0.2274014086733768,0.0057379154660258,0.0078749311743024,0.4215078155621791,-0.0224125702164921,0.027424998854775,0.0249187845356336,0.0498375690712672,recent_volatility_fallback,-0.0231324312635614,0.0267051378077057,0.0249187845356336,0.0498375690712672,recent_volatility_fallback,-0.0224223812522636,0.0274151878190036,0.0249187845356336,0.0498375690712672,recent_volatility_fallback,-0.0104618091683445,0.0393757599029227,0.0249187845356336,0.0498375690712672,recent_volatility_fallback,-0.0088733350802285,0.0409642339910386,0.0249187845356336,0.0498375690712672,recent_volatility_fallback,-0.0258294026064909,0.0240081664647762,0.0249187845356336,0.0498375690712672,recent_volatility_fallback,-0.0181926946876814,0.0316448743835857,0.0249187845356336,0.0498375690712672,recent_volatility_fallback,-0.0191808690696077,0.0306567000016595,0.0249187845356336,0.0498375690712672,recent_volatility_fallback,-0.0191808690696077,0.0306567000016595,0.0249187845356336,0.0498375690712672,recent_volatility_fallback
FOMC_0280,2009-08-11,QQQ_ret,-0.0086,-0.0001797296166122,0.0139581709970431,0.0235544135575102,0.0,1.0,0.0152475020496542,0.0245416320746023,0.0,1.0,0.0074610195271272,0.0108301052162529,8.673617379884035e-19,0.9999999999999998,0.0171798678885524,0.0289910270619323,0.0,1.0,0.0130509438309739,0.0220234677147685,0.0,1.0,0.0118537099793144,0.0200031355900931,0.0,1.0,0.9324173532512624,3.0,0.2225565201833881,0.0193891341779479,0.0094270793462238,0.6728551422320782,-0.006287335540691,0.0533961626557115,0.0298417490982013,0.0596834981964026,recent_volatility_fallback,-0.0053001170235989,0.0543833811728036,0.0298417490982013,0.0596834981964026,recent_volatility_fallback,-0.0190116438819484,0.0406718543144542,0.0298417490982013,0.0596834981964026,recent_volatility_fallback,-0.0008507220362689,0.0588327761601336,0.0298417490982013,0.0596834981964026,recent_volatility_fallback,-0.0078182813834327,0.0518652168129698,0.0298417490982013,0.0596834981964026,recent_volatility_fallback,-0.0300214787148135,0.029662019481589,0.0298417490982013,0.0596834981964026,recent_volatility_fallback,-0.0098386135081082,0.0498448846882944,0.0298417490982013,0.0596834981964026,recent_volatility_fallback,-0.0104526149202533,0.0492308832761493,0.0298417490982013,0.0596834981964026,recent_volatility_fallback,-0.0104526149202533,0.0492308832761493,0.0298417490982013,0.0596834981964026,recent_volatility_fallback
FOMC_0280,2009-08-11,SPY_ret,-0.0125,0.0018945601083973,0.0115657165502525,0.0179557749442671,0.0,1.0,0.0150549174494805,0.0233727593403184,1.734723475976807e-18,0.9999999999999998,0.015854814317566,0.0246145992280212,0.0,1.0,0.0139193605794299,0.0216098072995649,0.0,1.0,0.0153707860518312,0.023863145345468,1.734723475976807e-18,0.9999999999999998,0.0116287725082625,0.0180536693190776,0.0,1.0,0.9324173532512624,3.0,0.2486504517437638,0.0161410544411749,0.0078528173925031,0.6727158428578723,-0.0065253492792828,0.0424368991678171,0.02448112422355,0.0489622484471,recent_volatility_fallback,-0.0011083648832315,0.0478538835638685,0.02448112422355,0.0489622484471,recent_volatility_fallback,0.0001334750044712,0.0490957234515713,0.02448112422355,0.0489622484471,recent_volatility_fallback,-0.002871316923985,0.046090931523115,0.02448112422355,0.0489622484471,recent_volatility_fallback,-0.0006179788780819,0.0483442695690181,0.02448112422355,0.0489622484471,recent_volatility_fallback,-0.0225865641151527,0.0263756843319473,0.02448112422355,0.0489622484471,recent_volatility_fallback,-0.0064274549044723,0.0425347935426277,0.02448112422355,0.0489622484471,recent_volatility_fallback,-0.008340069782375,0.040622178664725,0.02448112422355,0.0489622484471,recent_volatility_fallback,-0.008340069782375,0.040622178664725,0.02448112422355,0.0489622484471,recent_volatility_fallback
FOMC_0277,2009-09-22,QQQ_ret,0.0019,0.0073318520095324,0.0103839999597291,0.0141749225255724,0.0,1.0,0.0089171249927664,0.0080254124934897,0.0,1.0,0.0195736063064735,0.0176162456758261,0.0,1.0,0.0147383228994378,0.0248709198928013,1.734723475976807e-18,0.9999999999999998,0.0127275083313817,0.0199384946286854,0.0,1.0,0.0172044674868054,0.026512442370624,0.0,1.0,0.8752890077613862,3.0,0.16686138863906,0.0291399280350691,0.0092814094296071,0.7584309233782017,-0.0157910858898898,0.0441409309410347,0.0299660084154622,0.0599320168309245,recent_volatility_fallback,-0.0219405959219724,0.037991420908952,0.0299660084154622,0.0599320168309245,recent_volatility_fallback,-0.012349762739636,0.0475822540912884,0.0299660084154622,0.0599320168309245,recent_volatility_fallback,-0.0050950885226609,0.0548369283082636,0.0299660084154622,0.0599320168309245,recent_volatility_fallback,-0.0100275137867767,0.0499045030441477,0.0299660084154622,0.0599320168309245,recent_volatility_fallback,-0.0226341564059298,0.0372978604249947,0.0299660084154622,0.0599320168309245,recent_volatility_fallback,-0.0034535660448382,0.0564784507860863,0.0299660084154622,0.0599320168309245,recent_volatility_fallback,-0.0008260803803931,0.0591059364505314,0.0299660084154622,0.0599320168309245,recent_volatility_fallback,-0.0008260803803931,0.0591059364505314,0.0299660084154622,0.0599320168309245,recent_volatility_fallback
FOMC_0277,2009-09-22,SPY_ret,0.0058,0.0035214756986585,0.0118780462220759,0.0184406667597729,0.0,1.0,0.0141726964596965,0.0220031112536788,0.0,1.0,0.016442961322793,0.0255276974536362,0.0,1.0,0.0109307486249283,0.0098376737624355,0.0,1.0,0.0164495665895681,0.0244887796642844,0.0,1.0,0.0129789397089546,0.020149803898152,1.734723475976807e-18,0.9999999999999998,0.8752890077613862,3.0,0.1632145907827877,0.0200511908330203,0.0078959324338547,0.7174689669078298,-0.0059165355699054,0.0427978690894512,0.0243572023296783,0.0487144046593567,recent_volatility_fallback,-0.0023540910759995,0.0463603135833571,0.0243572023296783,0.0487144046593567,recent_volatility_fallback,0.0011704951239579,0.0498848997833146,0.0243572023296783,0.0487144046593567,recent_volatility_fallback,-0.0145195285672428,0.0341948760921139,0.0243572023296783,0.0487144046593567,recent_volatility_fallback,0.0001315773346061,0.0488459819939628,0.0243572023296783,0.0487144046593567,recent_volatility_fallback,-0.0208357266310198,0.0278786780283368,0.0243572023296783,0.0487144046593567,recent_volatility_fallback,-0.0042073984315262,0.0445070062278304,0.0243572023296783,0.0487144046593567,recent_volatility_fallback,-0.004306011496658,0.0444083931626986,0.0243572023296783,0.0487144046593567,recent_volatility_fallback,-0.004306011496658,0.0444083931626986,0.0243572023296783,0.0487144046593567,recent_volatility_fallback
FOMC_0276,2009-11-04,QQQ_ret,0.0017,-0.0037357112469822,0.0058785894529549,0.0099201197018614,0.0,1.0,0.0043631481105086,0.0069382219132296,0.0,1.0,0.004391563566722,0.0064345881799548,0.0,1.0,0.0177006298350468,-0.028727802244788,0.0,1.0,0.0136009106451812,-0.0225039939554861,1.734723475976807e-18,0.9999999999999998,0.0069843027167774,0.0062858724450997,0.0,1.0,0.9413533233040629,3.0,0.2771671998884177,0.0043852726933974,0.0091671633562405,0.3235786866323327,-0.0199875198937707,0.0398277592974935,0.0299076395956321,0.0598152791912642,recent_volatility_fallback,-0.0229694176824025,0.0368458615088617,0.0299076395956321,0.0598152791912642,recent_volatility_fallback,-0.0234730514156772,0.0363422277755869,0.0299076395956321,0.0598152791912642,recent_volatility_fallback,-0.0586354418404201,0.0011798373508441,0.0299076395956321,0.0598152791912642,recent_volatility_fallback,-0.0524116335511183,0.0074036456401459,0.0299076395956321,0.0598152791912642,recent_volatility_fallback,-0.0336433508426143,0.0261719283486498,0.0299076395956321,0.0598152791912642,recent_volatility_fallback,-0.0236217671505324,0.0361935120407318,0.0299076395956321,0.0598152791912642,recent_volatility_fallback,-0.0255223669022347,0.0342929122890295,0.0299076395956321,0.0598152791912642,recent_volatility_fallback,-0.0255223669022347,0.0342929122890295,0.0299076395956321,0.0598152791912642,recent_volatility_fallback
FOMC_0276,2009-11-04,SPY_ret,0.0026,-0.0032603392562938,0.0181696055732644,0.024750293165645,0.0,1.0,0.006994957401497,0.0095814971878876,0.0,1.0,0.0090409218441226,0.0081368296597104,0.0,1.0,0.0078505712844892,-0.0102932446855419,0.0,1.0,0.0074164415384738,0.0066747973846265,8.673617379884035e-19,0.9999999999999998,0.0047046771814926,-0.006860147079118,0.0,1.0,0.9413533233040629,3.0,0.25,-0.0068542243919237,0.0078196489051619,0.467104327678894,0.0004591472221353,0.0490414391091548,0.0242911459435097,0.0485822918870194,recent_volatility_fallback,-0.014709648755622,0.0338726431313973,0.0242911459435097,0.0485822918870194,recent_volatility_fallback,-0.0161543162837993,0.0324279756032201,0.0242911459435097,0.0485822918870194,recent_volatility_fallback,-0.0345843906290517,0.0139979012579677,0.0242911459435097,0.0485822918870194,recent_volatility_fallback,-0.0176163485588832,0.0309659433281362,0.0242911459435097,0.0485822918870194,recent_volatility_fallback,-0.0275514851998035,0.0210308066872159,0.0242911459435097,0.0485822918870194,recent_volatility_fallback,-0.0311512930226277,0.0174309988643917,0.0242911459435097,0.0485822918870194,recent_volatility_fallback,-0.0311453703354334,0.0174369215515859,0.0242911459435097,0.0485822918870194,recent_volatility_fallback,-0.0311453703354334,0.0174369215515859,0.0242911459435097,0.0485822918870194,recent_volatility_fallback
FOMC_0274,2009-12-15,QQQ_ret,-0.0056,0.0055154142632611,0.0035146485527546,0.0059309694327735,4.336808689942019e-19,0.9999999999999998,0.001997074812886,0.0029732497445187,0.0,1.0,0.0047880470844975,0.0079780488033394,0.0,1.0,0.0056060556419705,0.009409754910074,0.0,1.0,0.004163812359712,0.0068178478306632,0.0,1.0,0.0032175126184981,0.0054295525437156,0.0,1.0,0.9240855961897868,3.0,0.2719096042793583,0.006816123962375,0.0091671633562405,0.4264535550143549,-0.0239015941305544,0.0357635329961014,0.0298325635633279,0.0596651271266558,recent_volatility_fallback,-0.0268593138188091,0.0328058133078466,0.0298325635633279,0.0596651271266558,recent_volatility_fallback,-0.0218545147599884,0.0378106123666673,0.0298325635633279,0.0596651271266558,recent_volatility_fallback,-0.0204228086532538,0.0392423184734019,0.0298325635633279,0.0596651271266558,recent_volatility_fallback,-0.0230147157326646,0.0366504113939911,0.0298325635633279,0.0596651271266558,recent_volatility_fallback,-0.0243171493000667,0.035347977826589,0.0298325635633279,0.0596651271266558,recent_volatility_fallback,-0.0244030110196122,0.0352621161070435,0.0298325635633279,0.0596651271266558,recent_volatility_fallback,-0.0230164396009528,0.0366486875257029,0.0298325635633279,0.0596651271266558,recent_volatility_fallback,-0.0230164396009528,0.0366486875257029,0.0298325635633279,0.0596651271266558,recent_volatility_fallback
FOMC_0274,2009-12-15,SPY_ret,-0.0046,0.0061365424562973,0.0072982988352546,0.0113306089417329,8.673617379884035e-19,0.9999999999999998,0.0067678354947948,0.010507064605669,0.0,1.0,0.0090685833808549,0.0140789756987773,0.0,1.0,0.0019192113857889,0.0029795756764373,2.1684043449710093e-19,0.9999999999999998,0.0021634341642407,0.0033587315399837,0.0,1.0,0.0025067096881435,0.0038916667908428,0.0,1.0,0.9240855961897868,3.0,0.25,0.0051208185632874,0.0078202790231551,0.3957024952525818,-0.0128861164795309,0.0355473343629968,0.0242167254212638,0.0484334508425277,recent_volatility_fallback,-0.0137096608155948,0.0347237900269329,0.0242167254212638,0.0484334508425277,recent_volatility_fallback,-0.0101377497224865,0.0382957011200412,0.0242167254212638,0.0484334508425277,recent_volatility_fallback,-0.0212371497448265,0.0271963010977012,0.0242167254212638,0.0484334508425277,recent_volatility_fallback,-0.0208579938812801,0.0275754569612476,0.0242167254212638,0.0484334508425277,recent_volatility_fallback,-0.0180801829649665,0.0303532678775612,0.0242167254212638,0.0484334508425277,recent_volatility_fallback,-0.020325058630421,0.0281083922121067,0.0242167254212638,0.0484334508425277,recent_volatility_fallback,-0.0190959068579764,0.0293375439845513,0.0242167254212638,0.0484334508425277,recent_volatility_fallback,-0.0190959068579764,0.0293375439845513,0.0242167254212638,0.0484334508425277,recent_volatility_fallback
FOMC_0272,2010-01-27,QQQ_ret,0.0079,0.0005382936544213,0.007837577780691,0.0132259125049161,0.0,1.0,0.0046659386056412,0.0078737713970195,0.0,1.0,0.0050912091340087,0.0081527853987851,0.0,1.0,0.0029290782435305,-0.0041452271215776,0.0,1.0,0.0052957301089193,-0.0076748298712427,0.0,1.0,0.0017505108990563,0.0015754598091506,2.1684043449710093e-19,0.9999999999999998,0.9364806697928132,3.0,0.2338395142383471,0.0016661617241803,0.0091917476575458,0.1534522099127514,-0.016596847430781,0.0430486724406132,0.0298227599356971,0.0596455198713942,recent_volatility_fallback,-0.0219489885386775,0.0376965313327166,0.0298227599356971,0.0596455198713942,recent_volatility_fallback,-0.021669974536912,0.0379755453344822,0.0298227599356971,0.0596455198713942,recent_volatility_fallback,-0.0339679870572747,0.0256775328141194,0.0298227599356971,0.0596455198713942,recent_volatility_fallback,-0.0374975898069399,0.0221479300644543,0.0298227599356971,0.0596455198713942,recent_volatility_fallback,-0.0292844662812757,0.0303610535901184,0.0298227599356971,0.0596455198713942,recent_volatility_fallback,-0.0282473001265464,0.0313982197448478,0.0298227599356971,0.0596455198713942,recent_volatility_fallback,-0.0281565982115167,0.0314889216598775,0.0298227599356971,0.0596455198713942,recent_volatility_fallback,-0.0281565982115167,0.0314889216598775,0.0298227599356971,0.0596455198713942,recent_volatility_fallback
FOMC_0272,2010-01-27,SPY_ret,0.0048,0.0035695473615588,0.0044388032255454,0.0062905469589541,0.0,1.0,0.0039108035318818,0.0060715224832465,0.0,1.0,0.0098640995958753,0.0153140146225964,0.0,1.0,-0.0010187805108487,0.0015816567430927,0.0,1.0,0.0073772161840551,0.0112586202430956,8.673617379884035e-19,0.9999999999999998,0.004880224241178,0.0075765481344289,0.0,1.0,0.9364806697928132,3.0,0.25,0.0075610176323931,0.0078371464194565,0.4910340412397714,-0.0179843725764199,0.0305654664943282,0.0242749195353741,0.0485498390707482,recent_volatility_fallback,-0.0182033970521275,0.0303464420186206,0.0242749195353741,0.0485498390707482,recent_volatility_fallback,-0.0089609049127777,0.0395889341579705,0.0242749195353741,0.0485498390707482,recent_volatility_fallback,-0.0226932627922814,0.0258565762784668,0.0242749195353741,0.0485498390707482,recent_volatility_fallback,-0.0130162992922784,0.0355335397784698,0.0242749195353741,0.0485498390707482,recent_volatility_fallback,-0.0207053721738153,0.0278444668969329,0.0242749195353741,0.0485498390707482,recent_volatility_fallback,-0.0166983714009452,0.031851467669803,0.0242749195353741,0.0485498390707482,recent_volatility_fallback,-0.016713901902981,0.0318359371677672,0.0242749195353741,0.0485498390707482,recent_volatility_fallback,-0.016713901902981,0.0318359371677672,0.0242749195353741,0.0485498390707482,recent_volatility_fallback
FOMC_0270,2010-03-16,QQQ_ret,0.0064,0.0013044800325649,0.0029288257592705,0.0043822682198007,0.0,1.0,0.0037230055751375,0.0062250500905273,0.0,1.0,0.0041057501582112,0.0069284533919815,0.0,1.0,0.0047991430659287,0.0066352297986698,0.0,1.0,0.0053552557871858,0.0076358090860897,0.0,1.0,0.0016855460818574,0.0026522168551159,2.1684043449710093e-19,0.9999999999999998,0.9458868628947364,3.0,0.259412362574788,0.0028782465773111,0.0091868428200334,0.2385605358497612,-0.0254037061465945,0.0341682425861959,0.0297859743663952,0.0595719487327905,recent_volatility_fallback,-0.0235609242758679,0.0360110244569226,0.0297859743663952,0.0595719487327905,recent_volatility_fallback,-0.0228575209744137,0.0367144277583767,0.0297859743663952,0.0595719487327905,recent_volatility_fallback,-0.0231507445677253,0.0364212041650651,0.0297859743663952,0.0595719487327905,recent_volatility_fallback,-0.0221501652803055,0.037421783452485,0.0297859743663952,0.0595719487327905,recent_volatility_fallback,-0.0284814943338303,0.0310904543989601,0.0297859743663952,0.0595719487327905,recent_volatility_fallback,-0.0271337575112793,0.0324381912215111,0.0297859743663952,0.0595719487327905,recent_volatility_fallback,-0.0269077277890841,0.0326642209437064,0.0297859743663952,0.0595719487327905,recent_volatility_fallback,-0.0269077277890841,0.0326642209437064,0.0297859743663952,0.0595719487327905,recent_volatility_fallback
FOMC_0270,2010-03-16,SPY_ret,0.008,0.0031524462789744,0.0012185140763027,0.0016247246717564,0.0,1.0,0.000741200926003,0.0010088045782452,0.0,1.0,0.0034990561469792,0.0047868493055933,0.0,1.0,-0.0006413747401735,-0.000992002295039,0.0,1.0,0.000265714345316,-0.0004100812878572,0.0,1.0,-0.0016681078506821,-0.0015012970656139,0.0,1.0,0.9458868628947364,3.0,0.25,-0.0003885404138868,0.0078368041955889,0.0472381352944026,-0.0226473898324779,0.0258968391759908,0.0242721145042344,0.0485442290084688,recent_volatility_fallback,-0.0232633099259891,0.0252809190824796,0.0242721145042344,0.0485442290084688,recent_volatility_fallback,-0.019485265198641,0.0290589638098277,0.0242721145042344,0.0485442290084688,recent_volatility_fallback,-0.0252641167992734,0.0232801122091953,0.0242721145042344,0.0485442290084688,recent_volatility_fallback,-0.0246821957920916,0.0238620332163771,0.0242721145042344,0.0485442290084688,recent_volatility_fallback,-0.0211196682252599,0.0274245607832088,0.0242721145042344,0.0485442290084688,recent_volatility_fallback,-0.0257734115698483,0.0227708174386204,0.0242721145042344,0.0485442290084688,recent_volatility_fallback,-0.0246606549181212,0.0238835740903475,0.0242721145042344,0.0485442290084688,recent_volatility_fallback,-0.0246606549181212,0.0238835740903475,0.0242721145042344,0.0485442290084688,recent_volatility_fallback
FOMC_0268,2010-04-28,QQQ_ret,0.0006,0.0036781982858365,0.0087419174117824,0.0147519856323828,0.0,1.0,0.0054281708700562,0.0091600383432198,0.0,1.0,0.0048770108001958,0.0082299557253305,0.0,1.0,0.0042502896329265,0.0071723637555635,0.0,1.0,0.0073761328956712,0.0124472242614452,8.673617379884035e-19,0.9999999999999998,0.0104116751083535,0.0175697017453466,0.0,1.0,0.9280615702362204,3.0,0.2496007760279635,0.0176279646270722,0.0091672910393419,0.6578764639444317,-0.0149808544187569,0.0444848256835227,0.0297328400511398,0.0594656801022797,recent_volatility_fallback,-0.0205728017079199,0.0388928783943597,0.0297328400511398,0.0594656801022797,recent_volatility_fallback,-0.0215028843258092,0.0379627957764704,0.0297328400511398,0.0594656801022797,recent_volatility_fallback,-0.0225604762955762,0.0369052038067034,0.0297328400511398,0.0594656801022797,recent_volatility_fallback,-0.0172856157896945,0.0421800643125851,0.0297328400511398,0.0594656801022797,recent_volatility_fallback,-0.0260546417653033,0.0334110383369764,0.0297328400511398,0.0594656801022797,recent_volatility_fallback,-0.0121631383057932,0.0473025417964864,0.0297328400511398,0.0594656801022797,recent_volatility_fallback,-0.0121048754240676,0.047360804678212,0.0297328400511398,0.0594656801022797,recent_volatility_fallback,-0.0121048754240676,0.047360804678212,0.0297328400511398,0.0594656801022797,recent_volatility_fallback
FOMC_0268,2010-04-28,SPY_ret,0.0076,0.0036117079534477,0.0061719283967148,0.0095819188358997,0.0,1.0,0.0052023459940103,0.0080766421557009,0.0,1.0,0.0153292665420426,0.0237986863065211,0.0,1.0,0.0055358711464223,0.0085944399548207,0.0,1.0,0.0069808931760329,0.0108378366557911,8.673617379884035e-19,0.9999999999999998,0.0121426094525065,0.0188514011750164,0.0,1.0,0.9280615702362204,3.0,0.25,0.0172976995500679,0.0078170869894098,0.6887457568241818,-0.0146768878599512,0.0338407255317507,0.024258806695851,0.048517613391702,recent_volatility_fallback,-0.01618216454015,0.032335448851552,0.024258806695851,0.048517613391702,recent_volatility_fallback,-0.0004601203893298,0.0480574930023721,0.024258806695851,0.048517613391702,recent_volatility_fallback,-0.0156643667410302,0.0328532466506717,0.024258806695851,0.048517613391702,recent_volatility_fallback,-0.0134209700400598,0.0350966433516421,0.024258806695851,0.048517613391702,recent_volatility_fallback,-0.0206470987424033,0.0278705146492987,0.024258806695851,0.048517613391702,recent_volatility_fallback,-0.0054074055208345,0.0431102078708675,0.024258806695851,0.048517613391702,recent_volatility_fallback,-0.006961107145783,0.0415565062459189,0.024258806695851,0.048517613391702,recent_volatility_fallback,-0.006961107145783,0.0415565062459189,0.024258806695851,0.048517613391702,recent_volatility_fallback
FOMC_0266,2010-05-09,QQQ_ret,0.052,-0.0116525845934022,0.0065942211140601,0.0103083691578127,0.0,1.0,0.0055273146561251,0.0082307448152332,0.0,1.0,0.0036881597789201,0.0058933420427172,4.336808689942019e-19,0.9999999999999998,-0.0016564801115692,-0.0014908321004123,2.1684043449710093e-19,0.9999999999999998,0.0081209177802917,0.0073088260022625,0.0,1.0,0.0077358097531339,-0.0111625110689077,8.673617379884035e-19,0.9999999999999998,0.5749095658730639,3.0,0.1308267915107584,-0.0140332822696521,0.0091697744792333,0.604803340072543,-0.0193657503119653,0.0399824886275909,0.0296741194697781,0.0593482389395562,recent_volatility_fallback,-0.0214433746545448,0.0379048642850114,0.0296741194697781,0.0593482389395562,recent_volatility_fallback,-0.0237807774270609,0.0355674615124953,0.0296741194697781,0.0593482389395562,recent_volatility_fallback,-0.0311649515701905,0.0281832873693657,0.0296741194697781,0.0593482389395562,recent_volatility_fallback,-0.0223652934675155,0.0369829454720407,0.0296741194697781,0.0593482389395562,recent_volatility_fallback,-0.0413267040631803,0.0180215348763759,0.0296741194697781,0.0593482389395562,recent_volatility_fallback,-0.0408366305386858,0.0185116084008704,0.0296741194697781,0.0593482389395562,recent_volatility_fallback,-0.0437074017394302,0.015640837200126,0.0296741194697781,0.0593482389395562,recent_volatility_fallback,-0.0437074017394302,0.015640837200126,0.0296741194697781,0.0593482389395562,recent_volatility_fallback
FOMC_0266,2010-05-09,SPY_ret,0.044,-0.0074223862906113,0.0063653622291481,0.0098822248607525,0.0,1.0,0.0095082305682398,0.0147615279571923,0.0,1.0,0.0022220038674159,0.0034496610041632,0.0,1.0,0.0075258589474108,0.0116838960158553,0.0,1.0,0.0063620734702245,0.0098771190625236,8.673617379884035e-19,0.9999999999999998,0.0098147836461778,0.0152374516106911,0.0,1.0,0.5749095658730639,3.0,0.1269320683316214,0.0142153702454924,0.007820905382371,0.645089670988745,-0.0142041980267489,0.033968647748254,0.0240864228875014,0.0481728457750029,recent_volatility_fallback,-0.0093248949303091,0.0388479508446938,0.0240864228875014,0.0481728457750029,recent_volatility_fallback,-0.0206367618833382,0.0275360838916647,0.0240864228875014,0.0481728457750029,recent_volatility_fallback,-0.0124025268716461,0.0357703189033568,0.0240864228875014,0.0481728457750029,recent_volatility_fallback,-0.0142093038249778,0.0339635419500251,0.0240864228875014,0.0481728457750029,recent_volatility_fallback,-0.0315088091781128,0.0166640365968901,0.0240864228875014,0.0481728457750029,recent_volatility_fallback,-0.0088489712768103,0.0393238744981926,0.0240864228875014,0.0481728457750029,recent_volatility_fallback,-0.009871052642009,0.0383017931329939,0.0240864228875014,0.0481728457750029,recent_volatility_fallback,-0.009871052642009,0.0383017931329939,0.0240864228875014,0.0481728457750029,recent_volatility_fallback
FOMC_0264,2010-06-23,QQQ_ret,-0.0039,-0.0050602214670554,0.0031255477911382,0.0049062336847667,0.0,1.0,-0.001705464053528,0.0023648438617217,2.1684043449710093e-19,0.9999999999999998,0.0160586299997982,0.0253405168451724,0.0,1.0,0.0071745759325753,0.0121070968862209,0.0,1.0,0.0026828328798513,0.0045272804847491,0.0,1.0,0.0067085191743692,0.0113206261067481,8.673617379884035e-19,0.9999999999999998,0.9143482780472248,3.0,0.2447334735297396,0.0091396054758124,0.009759728274906,0.4835943298541783,-0.0263468267050397,0.0361592940745731,0.0312530603898064,0.0625061207796129,recent_volatility_fallback,-0.0288882165280847,0.0336179042515281,0.0312530603898064,0.0625061207796129,recent_volatility_fallback,-0.005912543544634,0.0565935772349788,0.0312530603898064,0.0625061207796129,recent_volatility_fallback,-0.0191459635035854,0.0433601572760274,0.0312530603898064,0.0625061207796129,recent_volatility_fallback,-0.0267257799050572,0.0357803408745556,0.0312530603898064,0.0625061207796129,recent_volatility_fallback,-0.0363132818568619,0.0261928389227509,0.0312530603898064,0.0625061207796129,recent_volatility_fallback,-0.0199324342830583,0.0425736864965545,0.0312530603898064,0.0625061207796129,recent_volatility_fallback,-0.022113454913994,0.0403926658656189,0.0312530603898064,0.0625061207796129,recent_volatility_fallback,-0.022113454913994,0.0403926658656189,0.0312530603898064,0.0625061207796129,recent_volatility_fallback
FOMC_0264,2010-06-23,SPY_ret,-0.0031,-0.0043205768947747,0.005971608735334,0.0092709225616061,0.0,1.0,-0.0036725313076867,-0.003305278176918,0.0,1.0,0.0049259658870572,0.0076475620396563,0.0,1.0,0.0096878282419264,0.0087190454177337,0.0,1.0,0.0047937998751462,0.0062319179267518,0.0,1.0,0.0163396240338643,0.0253672663125743,0.0,1.0,0.9143482780472248,3.0,0.25,0.0206371013373476,0.0082980133164511,0.7132200598499341,-0.0162062843360634,0.0347481294592758,0.0254772068976696,0.0509544137953393,recent_volatility_fallback,-0.0287824850745877,0.0221719287207515,0.0254772068976696,0.0509544137953393,recent_volatility_fallback,-0.0178296448580132,0.033124768937326,0.0254772068976696,0.0509544137953393,recent_volatility_fallback,-0.0167581614799358,0.0341962523154034,0.0254772068976696,0.0509544137953393,recent_volatility_fallback,-0.0192452889709177,0.0317091248244215,0.0254772068976696,0.0509544137953393,recent_volatility_fallback,-0.0297977837924443,0.0211566300028949,0.0254772068976696,0.0509544137953393,recent_volatility_fallback,-0.0001099405850952,0.050844473210244,0.0254772068976696,0.0509544137953393,recent_volatility_fallback,-0.0048401055603219,0.0461143082350173,0.0254772068976696,0.0509544137953393,recent_volatility_fallback,-0.0048401055603219,0.0461143082350173,0.0254772068976696,0.0509544137953393,recent_volatility_fallback
FOMC_0262,2010-08-10,QQQ_ret,-0.0085,-0.0018801057085998,0.0026776069368157,0.0045184617058765,0.0,1.0,-0.0040463072621609,0.0068281435048965,0.0,1.0,-0.0047599201133621,0.0080323651912986,0.0,1.0,0.0055322683894065,0.0088379463982465,0.0,1.0,-0.006609041983607,0.0111527583473368,8.673617379884035e-19,0.9999999999999998,-0.0074114577265978,0.0121261125322553,8.673617379884035e-19,0.9999999999999998,0.9023405839918068,3.0,0.1951132943025335,0.0117416414382023,0.0097782088850668,0.5456193145225116,-0.0264101888485132,0.0354471122602662,0.0309286505543897,0.0618573011087795,recent_volatility_fallback,-0.0241005070494932,0.0377567940592863,0.0309286505543897,0.0618573011087795,recent_volatility_fallback,-0.0228962853630911,0.0389610157456884,0.0309286505543897,0.0618573011087795,recent_volatility_fallback,-0.0220907041561432,0.0397665969526363,0.0309286505543897,0.0618573011087795,recent_volatility_fallback,-0.0197758922070529,0.0420814089017266,0.0309286505543897,0.0618573011087795,recent_volatility_fallback,-0.0328087562629896,0.0290485448457899,0.0309286505543897,0.0618573011087795,recent_volatility_fallback,-0.0188025380221344,0.0430547630866451,0.0309286505543897,0.0618573011087795,recent_volatility_fallback,-0.0191870091161874,0.042670291992592,0.0309286505543897,0.0618573011087795,recent_volatility_fallback,-0.0191870091161874,0.042670291992592,0.0309286505543897,0.0618573011087795,recent_volatility_fallback
FOMC_0262,2010-08-10,SPY_ret,-0.0054,-0.0014768772507288,0.0082048735256808,0.0103538498884437,0.0,1.0,0.0075554202208388,0.0117297898928523,0.0,1.0,-0.0082413630391913,0.0127947161183445,0.0,1.0,0.0047382615901445,-0.0070881452285945,0.0,1.0,0.0064705411007332,0.008827083628941,0.0,1.0,-0.0063396620265746,0.0091844687748922,8.673617379884035e-19,0.9999999999999998,0.9023405839918068,3.0,0.1935649810410192,0.0081889263636068,0.0083169374772208,0.4961225587070285,-0.0150894666545438,0.0357971664314313,0.0254433165429876,0.0508866330859752,recent_volatility_fallback,-0.0137135266501352,0.0371731064358399,0.0254433165429876,0.0508866330859752,recent_volatility_fallback,-0.012648600424643,0.0382380326613321,0.0254433165429876,0.0508866330859752,recent_volatility_fallback,-0.0325314617715821,0.018355171314393,0.0254433165429876,0.0508866330859752,recent_volatility_fallback,-0.0166162329140465,0.0342704001719286,0.0254433165429876,0.0508866330859752,recent_volatility_fallback,-0.0269201937937164,0.0239664392922587,0.0254433165429876,0.0508866330859752,recent_volatility_fallback,-0.0162588477680953,0.0346277853178798,0.0254433165429876,0.0508866330859752,recent_volatility_fallback,-0.0172543901793808,0.0336322429065944,0.0254433165429876,0.0508866330859752,recent_volatility_fallback,-0.0172543901793808,0.0336322429065944,0.0254433165429876,0.0508866330859752,recent_volatility_fallback
FOMC_0260,2010-09-21,QQQ_ret,-0.0002,-0.0033454918956861,0.0032484496105548,0.0054817587178112,0.0,1.0,-0.0029094552410553,0.0049097057192809,0.0,1.0,-0.0037524878912486,0.0061275754046004,4.336808689942019e-19,0.9999999999999998,0.0045455234160056,0.0075482704568633,0.0,1.0,0.0015657854593658,0.0026422629626798,0.0,1.0,0.0061762047731229,0.0093535493740702,0.0,1.0,0.9373391383418276,3.0,0.2642501212340322,0.0074972827237264,0.009818315996137,0.4329788715499214,-0.0722481387820814,0.0832116562177039,0.0777298974998926,0.1554597949997853,rolling_conformal,-0.0791149943501053,0.0889344057886672,0.0840247000693863,0.1680494001387726,rolling_conformal,-0.0716023220952922,0.083857472904493,0.0777298974998926,0.1554597949997853,rolling_conformal,-0.0825422505925445,0.0976387915062713,0.0900905210494079,0.1801810420988159,rolling_conformal,-0.0874482580867281,0.0927327840120877,0.0900905210494079,0.1801810420988159,rolling_conformal,-0.0669980764890883,0.060307092697716,0.0636525845934022,0.1273051691868044,rolling_conformal,-0.0807369716753376,0.0994440704234782,0.0900905210494079,0.1801810420988159,rolling_conformal,-0.0825932383256814,0.0975878037731344,0.0900905210494079,0.1801810420988159,rolling_conformal,-0.0825932383256814,0.0975878037731344,0.0900905210494079,0.1801810420988159,rolling_conformal
FOMC_0260,2010-09-21,SPY_ret,-0.002,-0.0020299264974417,0.0041279342805411,-0.0060797699676509,0.0,1.0,-0.0020217976775605,-0.0027463785683389,0.0,1.0,0.0101711681946622,-0.0153679719433196,0.0,1.0,0.0004412193150141,0.0003970973835127,5.421010862427522e-20,0.9999999999999998,-0.0034506904349486,-0.0047211703724685,4.336808689942019e-19,0.9999999999999998,0.0076038763628109,0.010123304040012,0.0,1.0,0.9373391383418276,3.0,0.25,0.0081477458664958,0.0083472525420044,0.4939528167986325,-0.0614620409731439,0.0493025010378419,0.0553822710054929,0.1107645420109859,rolling_conformal,-0.0725023459075718,0.067009588770894,0.0697559673392329,0.1395119346784658,rolling_conformal,-0.0851239392825525,0.0543879953959132,0.0697559673392329,0.1395119346784658,rolling_conformal,-0.0498705174750237,0.0506647122420491,0.0502676148585364,0.1005352297170729,rolling_conformal,-0.0547452043958785,0.0453028636509414,0.0500240340234099,0.1000480680468199,rolling_conformal,-0.053452312788053,0.0493924597931696,0.0514223862906113,0.1028447725812227,rolling_conformal,-0.0596326632992209,0.0798792713792449,0.0697559673392329,0.1395119346784658,rolling_conformal,-0.05206474674293,0.0683602384759218,0.0602124926094259,0.1204249852188519,rolling_conformal,-0.05206474674293,0.0683602384759218,0.0602124926094259,0.1204249852188519,rolling_conformal
FOMC_0257,2010-11-03,QQQ_ret,0.0046,-0.0038991257365705,0.0051236595343363,-0.007356929033192,0.0,1.0,0.004674707435868,0.0042072366922812,0.0,1.0,0.0089440639052302,0.0137897478556314,0.0,1.0,0.0106648997924301,0.0095984098131871,0.0,1.0,0.0062042907482332,0.0055838616734099,0.0,1.0,0.003848577069292,0.005315689960824,0.0,1.0,0.9119410915373508,3.0,0.2282580214720574,0.0040154179518838,0.0097513363699546,0.2916755061691656,-0.0850868265330847,0.0703729684667006,0.0777298974998926,0.1554597949997853,rolling_conformal,-0.0798174633771051,0.0882319367616674,0.0840247000693863,0.1680494001387726,rolling_conformal,-0.0639401496442612,0.091519645355524,0.0777298974998926,0.1554597949997853,rolling_conformal,-0.0804921112362208,0.099688930862595,0.0900905210494079,0.1801810420988159,rolling_conformal,-0.084506659375998,0.0956743827228178,0.0900905210494079,0.1801810420988159,rolling_conformal,-0.0675517103299727,0.0597534588568316,0.0636525845934022,0.1273051691868044,rolling_conformal,-0.0847748310885839,0.0954062110102319,0.0900905210494079,0.1801810420988159,rolling_conformal,-0.0860751030975241,0.0941059390012918,0.0900905210494079,0.1801810420988159,rolling_conformal,-0.0860751030975241,0.0941059390012918,0.0900905210494079,0.1801810420988159,rolling_conformal
FOMC_0257,2010-11-03,SPY_ret,0.004,-0.0029258582245158,0.0103827999050216,0.0093445199145195,0.0,1.0,0.0115992343023649,-0.0151465271694457,0.0,1.0,-0.0097938243367013,-0.0152049122827287,0.0,1.0,0.0085444786850495,-0.0120208453447434,0.0,1.0,0.0020813803463529,-0.0032313429877129,0.0,1.0,-0.0031572057960483,-0.004901561998365,0.0,1.0,0.9119410915373508,3.0,0.2306794172183855,-0.0051126789736999,0.0082934818381666,0.3813683299614849,-0.0460377510909734,0.0647267909200124,0.0553822710054929,0.1107645420109859,rolling_conformal,-0.0849024945086787,0.0546094401697871,0.0697559673392329,0.1395119346784658,rolling_conformal,-0.0849608796219617,0.0545510550565041,0.0697559673392329,0.1395119346784658,rolling_conformal,-0.0622884602032799,0.0382467695137929,0.0502676148585364,0.1005352297170729,rolling_conformal,-0.0532553770111229,0.046792691035697,0.0500240340234099,0.1000480680468199,rolling_conformal,-0.0543482445151271,0.0484965280660955,0.0514223862906113,0.1028447725812227,rolling_conformal,-0.074657529337598,0.0648544053408678,0.0697559673392329,0.1395119346784658,rolling_conformal,-0.0653251715831259,0.0550998136357259,0.0602124926094259,0.1204249852188519,rolling_conformal,-0.0653251715831259,0.0550998136357259,0.0602124926094259,0.1204249852188519,rolling_conformal
FOMC_0255,2010-12-14,QQQ_ret,0.0017,-0.0026098592110813,0.0026361547959959,0.0039357934805869,0.0,1.0,0.0026470320855174,0.0042681264915991,0.0,1.0,0.0050192863403666,0.0083376344132721,0.0,1.0,0.0089384321732555,0.0147326803134257,0.0,1.0,0.0070253032923149,0.0118551993057815,0.0,1.0,0.0091713760284008,0.0154766970479264,0.0,1.0,0.9099265763492286,3.0,0.2096944937680061,0.014605057236484,0.0097512622772644,0.5996415522396306,-0.0737941040193056,0.0816656909804796,0.0777298974998926,0.1554597949997853,rolling_conformal,-0.0797565735777871,0.0882928265609854,0.0840247000693863,0.1680494001387726,rolling_conformal,-0.0693922630866205,0.0860675319131647,0.0777298974998926,0.1554597949997853,rolling_conformal,-0.0753578407359821,0.1048232013628337,0.0900905210494079,0.1801810420988159,rolling_conformal,-0.0782353217436264,0.1019457203551894,0.0900905210494079,0.1801810420988159,rolling_conformal,-0.0662624438044835,0.0610427253823208,0.0636525845934022,0.1273051691868044,rolling_conformal,-0.0746138240014814,0.1055672180973344,0.0900905210494079,0.1801810420988159,rolling_conformal,-0.0754854638129239,0.104695578285892,0.0900905210494079,0.1801810420988159,rolling_conformal,-0.0754854638129239,0.104695578285892,0.0900905210494079,0.1801810420988159,rolling_conformal
FOMC_0255,2010-12-14,SPY_ret,0.0009,-0.0016367456946706,0.0017578836959215,0.0023859480725459,0.0,1.0,0.0029658221180946,0.0045271962186434,0.0,1.0,0.0021411848441897,0.0030800631654252,0.0,1.0,0.0038714235021721,0.0060103849871221,0.0,1.0,0.0032587721647236,0.0050592437857334,0.0,1.0,0.0033942766953015,0.0052696145694555,4.336808689942019e-19,0.9999999999999998,0.9099265763492286,3.0,0.2053451876831806,0.0044291407335325,0.0082906151762097,0.3482100822421717,-0.052996322932947,0.0577682190780389,0.0553822710054929,0.1107645420109859,rolling_conformal,-0.0652287711205895,0.0742831635578763,0.0697559673392329,0.1395119346784658,rolling_conformal,-0.0666759041738076,0.0728360305046581,0.0697559673392329,0.1395119346784658,rolling_conformal,-0.0442572298714142,0.0562779998456586,0.0502676148585364,0.1005352297170729,rolling_conformal,-0.0449647902376765,0.0550832778091434,0.0500240340234099,0.1000480680468199,rolling_conformal,-0.053059131985282,0.0497856405959406,0.0514223862906113,0.1028447725812227,rolling_conformal,-0.0644863527697773,0.0750255819086885,0.0697559673392329,0.1395119346784658,rolling_conformal,-0.0557833518758933,0.0646416333429585,0.0602124926094259,0.1204249852188519,rolling_conformal,-0.0557833518758933,0.0646416333429585,0.0602124926094259,0.1204249852188519,rolling_conformal
FOMC_0253,2011-01-26,QQQ_ret,0.0053,-0.0047916089681258,0.0026587522817842,0.0044145426366598,0.0,1.0,0.0025568543003873,0.0043146916319036,0.0,1.0,0.0050408867530852,0.0080121666976933,0.0,1.0,0.0045310852483862,0.0072125115743733,0.0,1.0,0.0030004721520963,0.004915523792366,0.0,1.0,0.0023893608608275,0.0037892348901086,0.0,1.0,0.9303383920367356,3.0,0.2486196609329804,0.0020698354994444,0.0097130285699157,0.1756655878065272,-0.0733153548632327,0.0821444401365525,0.0777298974998926,0.1554597949997853,rolling_conformal,-0.0797100084374826,0.0883393917012899,0.0840247000693863,0.1680494001387726,rolling_conformal,-0.0697177308021993,0.085742064197586,0.0777298974998926,0.1554597949997853,rolling_conformal,-0.0828780094750346,0.0973030326237813,0.0900905210494079,0.1801810420988159,rolling_conformal,-0.0851749972570419,0.0950060448417739,0.0900905210494079,0.1801810420988159,rolling_conformal,-0.068444193561528,0.0588609756252763,0.0636525845934022,0.1273051691868044,rolling_conformal,-0.0863012861592992,0.0938797559395166,0.0900905210494079,0.1801810420988159,rolling_conformal,-0.0880206855499635,0.0921603565488524,0.0900905210494079,0.1801810420988159,rolling_conformal,-0.0880206855499635,0.0921603565488524,0.0900905210494079,0.1801810420988159,rolling_conformal
FOMC_0253,2011-01-26,SPY_ret,0.0039,-0.0035399663664055,0.0017109911508216,0.0026563137616505,0.0,1.0,0.0023712414605969,0.0033211422576228,0.0,1.0,0.000284175531078,0.0002557579779702,0.0,1.0,-0.0003010820964909,0.0003940133655742,0.0,1.0,0.0011359868402474,0.0014858257242649,0.0,1.0,0.0007672140046749,0.0010069514836023,0.0,1.0,0.9303383920367356,3.0,0.2451810466804901,-0.0001240465831377,0.0082630116180482,0.0147914122267615,-0.0527259572438424,0.0580385847671435,0.0553822710054929,0.1107645420109859,rolling_conformal,-0.0664348250816101,0.0730771095968557,0.0697559673392329,0.1395119346784658,rolling_conformal,-0.0695002093612627,0.0700117253172031,0.0697559673392329,0.1395119346784658,rolling_conformal,-0.0498736014929622,0.0506616282241106,0.0502676148585364,0.1005352297170729,rolling_conformal,-0.048538208299145,0.0515098597476749,0.0500240340234099,0.1000480680468199,rolling_conformal,-0.0549623526570168,0.0478824199242058,0.0514223862906113,0.1028447725812227,rolling_conformal,-0.0687490158556305,0.0707629188228352,0.0697559673392329,0.1395119346784658,rolling_conformal,-0.0603365391925636,0.0600884460262882,0.0602124926094259,0.1204249852188519,rolling_conformal,-0.0603365391925636,0.0600884460262882,0.0602124926094259,0.1204249852188519,rolling_conformal
FOMC_0250,2011-03-15,QQQ_ret,-0.0143,0.0026444986261049,0.0094417518424917,0.0159329562342048,0.0,1.0,0.0059338247916614,0.0100133293359286,0.0,1.0,0.0048723419400168,0.0082220770237783,0.0,1.0,0.0045571043653089,0.0076901136164588,0.0,1.0,0.0028069321338504,0.0047366979758726,0.0,1.0,0.0063369352694441,0.0106935782671869,0.0,1.0,0.9462522367187745,3.0,0.2717271270946358,0.0106330312256997,0.0097121161442808,0.5226325376764542,-0.0617969412656878,0.0936628537340975,0.0777298974998926,0.1554597949997853,rolling_conformal,-0.0740113707334576,0.0940380294053149,0.0840247000693863,0.1680494001387726,rolling_conformal,-0.0695078204761143,0.085951974523671,0.0777298974998926,0.1554597949997853,rolling_conformal,-0.082400407432949,0.0977806346658668,0.0900905210494079,0.1801810420988159,rolling_conformal,-0.0853538230735353,0.0948272190252806,0.0900905210494079,0.1801810420988159,rolling_conformal,-0.0610080859672972,0.0662970832195071,0.0636525845934022,0.1273051691868044,rolling_conformal,-0.079396942782221,0.1007840993165949,0.0900905210494079,0.1801810420988159,rolling_conformal,-0.0794574898237081,0.1007235522751077,0.0900905210494079,0.1801810420988159,rolling_conformal,-0.0794574898237081,0.1007235522751077,0.0900905210494079,0.1801810420988159,rolling_conformal
FOMC_0250,2011-03-15,SPY_ret,-0.0115,0.0023778065289433,0.0083998257399105,0.0130407294612111,0.0,1.0,0.0148657336096175,0.0217238078507763,1.734723475976807e-18,0.9999999999999998,0.0133095219817801,0.0206630328767137,0.0,1.0,0.0059126941759218,0.0091794577081187,0.0,1.0,0.0121241507123301,0.0188227439808925,0.0,1.0,0.0095613941911931,0.0148440644818272,0.0,1.0,0.9462522367187745,3.0,0.25,0.0134866249926472,0.0082631323358639,0.6200818054254764,-0.0423415415442818,0.0684230004667041,0.0553822710054929,0.1107645420109859,rolling_conformal,-0.0480321594884565,0.0914797751900092,0.0697559673392329,0.1395119346784658,rolling_conformal,-0.0490929344625191,0.0904190002159466,0.0697559673392329,0.1395119346784658,rolling_conformal,-0.0410881571504177,0.0594470725666551,0.0502676148585364,0.1005352297170729,rolling_conformal,-0.0312012900425174,0.0688467780043025,0.0500240340234099,0.1000480680468199,rolling_conformal,-0.0490445797616679,0.0538001928195547,0.0514223862906113,0.1028447725812227,rolling_conformal,-0.0549119028574056,0.0846000318210602,0.0697559673392329,0.1395119346784658,rolling_conformal,-0.0467258676167786,0.0736991176020732,0.0602124926094259,0.1204249852188519,rolling_conformal,-0.0467258676167786,0.0736991176020732,0.0602124926094259,0.1204249852188519,rolling_conformal
FOMC_0249,2011-04-27,QQQ_ret,0.0067,-0.0059114627485196,0.0019538786537786,0.0031119124676319,0.0,1.0,0.0018220439897723,0.002827135227259,0.0,1.0,0.0041478628421168,0.0059930987820805,0.0,1.0,0.0037704709791783,0.0063626697773635,4.336808689942019e-19,0.9999999999999998,0.0023264081858404,0.0039258138136057,0.0,1.0,0.0050563344992161,0.0085325644674272,0.0,1.0,0.9487755970225806,3.0,0.2861590840660948,0.0054990935863577,0.0097844078001685,0.3598062936770947,-0.0746179850322606,0.0808418099675246,0.0777298974998926,0.1554597949997853,rolling_conformal,-0.0811975648421272,0.0868518352966453,0.0840247000693863,0.1680494001387726,rolling_conformal,-0.071736798717812,0.0837229962819732,0.0777298974998926,0.1554597949997853,rolling_conformal,-0.0837278512720444,0.0964531908267714,0.0900905210494079,0.1801810420988159,rolling_conformal,-0.0861647072358021,0.0940163348630137,0.0900905210494079,0.1801810420988159,rolling_conformal,-0.0695640473419218,0.0577411218448825,0.0636525845934022,0.1273051691868044,rolling_conformal,-0.0815579565819806,0.0986230855168352,0.0900905210494079,0.1801810420988159,rolling_conformal,-0.0845914274630502,0.0955896146357656,0.0900905210494079,0.1801810420988159,rolling_conformal,-0.0845914274630502,0.0955896146357656,0.0900905210494079,0.1801810420988159,rolling_conformal
FOMC_0249,2011-04-27,SPY_ret,0.0065,-0.0049526523540861,-0.0007054040237374,0.0010951397468523,0.0,1.0,-0.0011342182505908,0.001479645661057,0.0,1.0,-0.0009873484587301,0.0014966463766794,0.0,1.0,0.0035102753763725,0.0054497025218184,0.0,1.0,0.0011133791280345,0.0017285210962735,0.0,1.0,0.0014283823560189,0.002089784151168,0.0,1.0,0.9487755970225806,3.0,0.25,0.0003785512785827,0.0082911150637293,0.0436649839781384,-0.0542871312586406,0.0564774107523452,0.0553822710054929,0.1107645420109859,rolling_conformal,-0.0682763216781759,0.0712356130002899,0.0697559673392329,0.1395119346784658,rolling_conformal,-0.0682593209625534,0.0712526137159124,0.0697559673392329,0.1395119346784658,rolling_conformal,-0.044817912336718,0.0557173173803548,0.0502676148585364,0.1005352297170729,rolling_conformal,-0.0482955129271364,0.0517525551196835,0.0500240340234099,0.1000480680468199,rolling_conformal,-0.0563750386446974,0.0464697339365252,0.0514223862906113,0.1028447725812227,rolling_conformal,-0.0676661831880648,0.071845751490401,0.0697559673392329,0.1395119346784658,rolling_conformal,-0.0598339413308432,0.0605910438880086,0.0602124926094259,0.1204249852188519,rolling_conformal,-0.0598339413308432,0.0605910438880086,0.0602124926094259,0.1204249852188519,rolling_conformal
FOMC_0247,2011-06-22,QQQ_ret,-0.0071,-0.004256171573223,0.0023307313242703,0.0020976581918433,0.0,1.0,0.0018737020568389,0.0027106903692575,2.1684043449710093e-19,0.9999999999999998,0.0007296171600301,0.0006566554440271,0.0,1.0,0.0002292507254941,0.0003243139565026,0.0,1.0,1.121448166804115e-06,1.6295145031420904e-06,0.0,1.0,-0.0016875929935915,0.0022988440080419,0.0,1.0,0.8897646319976574,3.0,0.1806937030994268,0.0013929924609859,0.0097781164341605,0.1246967715643184,-0.0756322393080493,0.079827555691736,0.0777298974998926,0.1554597949997853,rolling_conformal,-0.0813140097001287,0.0867353904386438,0.0840247000693863,0.1680494001387726,rolling_conformal,-0.0770732420558654,0.0783865529439198,0.0777298974998926,0.1554597949997853,rolling_conformal,-0.0897662070929053,0.0904148350059106,0.0900905210494079,0.1801810420988159,rolling_conformal,-0.0900888915349048,0.0900921505639111,0.0900905210494079,0.1801810420988159,rolling_conformal,-0.0679087561666253,0.0593964130201791,0.0636525845934022,0.1273051691868044,rolling_conformal,-0.087791677041366,0.0923893650574499,0.0900905210494079,0.1801810420988159,rolling_conformal,-0.088697528588422,0.0914835135103938,0.0900905210494079,0.1801810420988159,rolling_conformal,-0.088697528588422,0.0914835135103938,0.0900905210494079,0.1801810420988159,rolling_conformal
FOMC_0247,2011-06-22,SPY_ret,-0.006,-0.0035362355528972,-0.0001574797169946,0.0002444872606342,0.0,1.0,0.0028392190908409,0.0044078876385305,0.0,1.0,-0.0077340354236897,0.0120070899952782,8.673617379884035e-19,0.9999999999999998,-3.214083151614108e-05,4.9898640928809025e-05,0.0,1.0,0.0064162906020531,0.0099612911596874,8.673617379884035e-19,0.9999999999999998,-0.0050832307338765,0.0078917157143434,0.0,1.0,0.8897646319976574,3.0,0.1819506251410135,0.0066842517627661,0.0082905937061226,0.4463656945907171,-0.0551377837448587,0.0556267582661272,0.0553822710054929,0.1107645420109859,rolling_conformal,-0.0653480797007023,0.0741638549777634,0.0697559673392329,0.1395119346784658,rolling_conformal,-0.0577488773439546,0.0817630573345112,0.0697559673392329,0.1395119346784658,rolling_conformal,-0.0502177162176076,0.0503175134994652,0.0502676148585364,0.1005352297170729,rolling_conformal,-0.0400627428637225,0.0599853251830974,0.0500240340234099,0.1000480680468199,rolling_conformal,-0.0549586218435085,0.0478861507377141,0.0514223862906113,0.1028447725812227,rolling_conformal,-0.0618642516248895,0.0776476830535763,0.0697559673392329,0.1395119346784658,rolling_conformal,-0.0535282408466598,0.066896744372192,0.0602124926094259,0.1204249852188519,rolling_conformal,-0.0535282408466598,0.066896744372192,0.0602124926094259,0.1204249852188519,rolling_conformal
FOMC_0244,2011-08-09,QQQ_ret,0.0483,-0.0018994738480201,-0.0023782863684244,0.0039134537318984,0.0,1.0,-0.004799939902782,0.0077399101255327,0.0,1.0,0.0150557231168569,0.0135501508051712,0.0,1.0,-0.0075344844258542,0.0103590172673517,0.0,1.0,-0.0055656182424365,0.0078095267633588,0.0,1.0,0.0010140615516592,0.0009126553964933,0.0,1.0,0.8908712942747472,3.0,0.1669817697222786,0.0005538513481958,0.0098127513470993,0.0534274178533938,-0.0738164437679941,0.0816433512317911,0.0777298974998926,0.1554597949997853,rolling_conformal,-0.0762847899438535,0.091764610194919,0.0840247000693863,0.1680494001387726,rolling_conformal,-0.0641797466947214,0.0912800483050638,0.0777298974998926,0.1554597949997853,rolling_conformal,-0.0797315037820561,0.1004495383167597,0.0900905210494079,0.1801810420988159,rolling_conformal,-0.0822809942860491,0.0979000478127667,0.0900905210494079,0.1801810420988159,rolling_conformal,-0.0655520584414223,0.061753110745382,0.0636525845934022,0.1273051691868044,rolling_conformal,-0.0891778656529146,0.0910031764459012,0.0900905210494079,0.1801810420988159,rolling_conformal,-0.0895366697012121,0.0906443723976037,0.0900905210494079,0.1801810420988159,rolling_conformal,-0.0895366697012121,0.0906443723976037,0.0900905210494079,0.1801810420988159,rolling_conformal
FOMC_0244,2011-08-09,SPY_ret,0.0465,0.0017300754767149,-0.0014003055069917,-0.0012602749562925,0.0,1.0,-0.0017810523892535,0.0023309862372479,0.0,1.0,-0.0063237661100317,-0.0056913894990285,8.673617379884035e-19,0.9999999999999998,-0.0016595169841595,0.0025764001179077,0.0,1.0,-0.0024753232292319,0.0038429393133825,0.0,1.0,0.0034681197959089,0.0053842559831486,0.0,1.0,0.8908712942747472,3.0,0.1615871123845929,0.0055128556330292,0.008325290145094,0.3983815272367802,-0.0566425459617855,0.0541219960492004,0.0553822710054929,0.1107645420109859,rolling_conformal,-0.0674249811019849,0.0720869535764808,0.0697559673392329,0.1395119346784658,rolling_conformal,-0.0754473568382614,0.0640645778402043,0.0697559673392329,0.1395119346784658,rolling_conformal,-0.0476912147406287,0.0528440149764442,0.0502676148585364,0.1005352297170729,rolling_conformal,-0.0461810947100274,0.0538669733367925,0.0500240340234099,0.1000480680468199,rolling_conformal,-0.0496923108138964,0.0531524617673262,0.0514223862906113,0.1028447725812227,rolling_conformal,-0.0643717113560843,0.0751402233223815,0.0697559673392329,0.1395119346784658,rolling_conformal,-0.0546996369763967,0.0657253482424551,0.0602124926094259,0.1204249852188519,rolling_conformal,-0.0546996369763967,0.0657253482424551,0.0602124926094259,0.1204249852188519,rolling_conformal
FOMC_0242,2011-09-21,GLD_ret,-0.0125,-0.0016622903154405,-0.0062511052761714,0.0101267905473977,0.0,1.0,-0.0090019223808454,-0.0081017301427608,0.0,1.0,-0.0099360129039003,-0.0160963409043185,0.0,1.0,0.006326310344719,0.0102486227584448,8.673617379884035e-19,0.9999999999999998,0.0019925250938109,0.0032278906519737,0.0,1.0,0.0017418672467703,0.0027481464282016,0.0,1.0,0.9010281988067348,3.0,0.1749915696165598,0.0023716286156845,0.0063393946871921,0.2722568647397298,-0.0099670216260605,0.0302206027208561,0.0200938121734583,0.0401876243469166,recent_volatility_fallback,-0.0281955423162192,0.0119920820306974,0.0200938121734583,0.0401876243469166,recent_volatility_fallback,-0.0361901530777769,0.0039974712691397,0.0200938121734583,0.0401876243469166,recent_volatility_fallback,-0.0098451894150134,0.0303424349319032,0.0200938121734583,0.0401876243469166,recent_volatility_fallback,-0.0168659215214845,0.023321702825432,0.0200938121734583,0.0401876243469166,recent_volatility_fallback,-0.0217561024888988,0.0184315218580177,0.0200938121734583,0.0401876243469166,recent_volatility_fallback,-0.0173456657452566,0.0228419586016599,0.0200938121734583,0.0401876243469166,recent_volatility_fallback,-0.0177221835577737,0.0224654407891429,0.0200938121734583,0.0401876243469166,recent_volatility_fallback,-0.0177221835577737,0.0224654407891429,0.0200938121734583,0.0401876243469166,recent_volatility_fallback
FOMC_0242,2011-09-21,QQQ_ret,-0.0175,0.0125808450754567,0.0009349730334605,0.0008414757301145,0.0,1.0,0.0028718233747779,-0.003984951061268,0.0,1.0,0.0091824630251583,-0.0126903859132978,0.0,1.0,-0.0022482742385292,-0.0020234468146763,0.0,1.0,-0.0055996966704345,0.0076319595236841,0.0,1.0,0.0069048460054932,0.0062143614049439,0.0,1.0,0.9010281988067348,3.0,0.1997798340976745,0.0093578205705307,0.0102582279658818,0.4770494823493784,-0.0768884217697781,0.0785713732300071,0.0777298974998926,0.1554597949997853,rolling_conformal,-0.0880096511306544,0.0800397490081182,0.0840247000693863,0.1680494001387726,rolling_conformal,-0.0904202834131905,0.0650395115865948,0.0777298974998926,0.1554597949997853,rolling_conformal,-0.0921139678640843,0.0880670742347315,0.0900905210494079,0.1801810420988159,rolling_conformal,-0.0824585615257237,0.0977224805730921,0.0900905210494079,0.1801810420988159,rolling_conformal,-0.0510717395179454,0.0762334296688589,0.0636525845934022,0.1273051691868044,rolling_conformal,-0.083876159644464,0.0963048824543519,0.0900905210494079,0.1801810420988159,rolling_conformal,-0.0807327004788772,0.0994483416199386,0.0900905210494079,0.1801810420988159,rolling_conformal,-0.0807327004788772,0.0994483416199386,0.0900905210494079,0.1801810420988159,rolling_conformal
FOMC_0242,2011-09-21,SPY_ret,-0.0295,0.0155781732846463,0.0050182987647922,0.0073465485429477,0.0,1.0,0.0029308204489761,0.0026377384040785,0.0,1.0,0.0330678229491513,0.0286909182150176,0.0,1.0,-0.0056591083041995,-0.0082346700674795,0.0,1.0,0.0042384045547166,-0.0061890915170097,0.0,1.0,0.0203374358686396,0.0183036922817756,0.0,1.0,0.9010281988067348,3.0,0.2064466517356023,0.020402170712163,0.0087747549253526,0.6992571449460218,-0.0480357224625451,0.0627288195484407,0.0553822710054929,0.1107645420109859,rolling_conformal,-0.0671182289351544,0.0723937057433114,0.0697559673392329,0.1395119346784658,rolling_conformal,-0.0410650491242152,0.0984468855542506,0.0697559673392329,0.1395119346784658,rolling_conformal,-0.0585022849260159,0.0420329447910569,0.0502676148585364,0.1005352297170729,rolling_conformal,-0.0562131255404196,0.0438349425064002,0.0500240340234099,0.1000480680468199,rolling_conformal,-0.0358442130059649,0.0670005595752577,0.0514223862906113,0.1028447725812227,rolling_conformal,-0.0514522750574572,0.0880596596210085,0.0697559673392329,0.1395119346784658,rolling_conformal,-0.0398103218972629,0.0806146633215889,0.0602124926094259,0.1204249852188519,rolling_conformal,-0.0398103218972629,0.0806146633215889,0.0602124926094259,0.1204249852188519,rolling_conformal
FOMC_0240,2011-11-02,GLD_ret,0.01,-0.009433516639342,-0.0061693120683573,-0.0090554754657745,0.0,1.0,-0.0020701432411325,0.0031567225462237,0.0,1.0,0.0050908430708087,0.0082471657747102,0.0,1.0,-0.0024068297098566,-0.0033195598510873,0.0,1.0,-0.0034241716322526,-0.0049026319257835,4.336808689942019e-19,0.9999999999999998,0.0007256856963828,0.0011756108281401,0.0,1.0,0.9222827942700416,3.0,0.2429926658277716,-0.0016827952047479,0.0064007522214189,0.2081763159497868,-0.0292606147260936,0.0111496637945445,0.0202051392603191,0.0404102785206382,recent_volatility_fallback,-0.0170484167140953,0.0233618618065428,0.0202051392603191,0.0404102785206382,recent_volatility_fallback,-0.0119579734856088,0.0284523050350293,0.0202051392603191,0.0404102785206382,recent_volatility_fallback,-0.0235246991114064,0.0168855794092317,0.0202051392603191,0.0404102785206382,recent_volatility_fallback,-0.0251077711861026,0.0153025073345355,0.0202051392603191,0.0404102785206382,recent_volatility_fallback,-0.0296386558996611,0.010771622620977,0.0202051392603191,0.0404102785206382,recent_volatility_fallback,-0.0190295284321789,0.0213807500884592,0.0202051392603191,0.0404102785206382,recent_volatility_fallback,-0.021887934465067,0.0185223440555711,0.0202051392603191,0.0404102785206382,recent_volatility_fallback,-0.021887934465067,0.0185223440555711,0.0202051392603191,0.0404102785206382,recent_volatility_fallback
FOMC_0240,2011-11-02,QQQ_ret,0.0084,0.0049382793092031,0.0022772093305002,-0.0033603108986415,0.0,1.0,0.0009423240695454,0.0008480916625909,1.0842021724855044e-19,0.9999999999999998,0.0031987113994991,0.0028788402595492,0.0,1.0,0.0019806904797592,-0.0029256127153421,0.0,1.0,0.0024929425544768,-0.0035138766679682,0.0,1.0,0.0013006138666811,0.0011705524800129,0.0,1.0,0.9222827942700416,3.0,0.2150942317993594,0.0024762109849593,0.0103632369942986,0.1928602429292312,-0.0691168930621412,0.0623962712648581,0.0657565821634997,0.1315131643269994,rolling_conformal,-0.0768818058373017,0.0785779891624835,0.0777298974998926,0.1554597949997853,rolling_conformal,-0.0539807802250167,0.0597384607441152,0.0568596204845659,0.1137192409691319,rolling_conformal,-0.0564164448157544,0.0505652193850702,0.0534908321004123,0.1069816642008247,rolling_conformal,-0.0812437741678608,0.0742160208319244,0.0777298974998926,0.1554597949997853,rolling_conformal,-0.0469224677340309,0.0567990263524371,0.051860747043234,0.103721494086468,rolling_conformal,-0.0765593450198796,0.0789004499799056,0.0777298974998926,0.1554597949997853,rolling_conformal,-0.067344955133315,0.0722973771032337,0.0698211661182743,0.1396423322365487,rolling_conformal,-0.067344955133315,0.0722973771032337,0.0698211661182743,0.1396423322365487,rolling_conformal
FOMC_0240,2011-11-02,SPY_ret,0.0163,0.0010806629640056,-0.0161688684207294,0.0221726286345792,0.0,1.0,-0.0106324184767165,0.0162583968687756,0.0,1.0,-0.001158384435554,0.0017983918361976,0.0,1.0,-0.005427889286112,-0.0048851003575008,0.0,1.0,-0.0052484589060711,0.0068651631694091,0.0,1.0,9.427000245504112e-05,0.0001209062164152,0.0,1.0,0.9222827942700416,3.0,0.2038168835670823,0.0003639989725453,0.0090810022024003,0.038539813855479,-0.0255876463217133,0.0699329035908717,0.0477602749562925,0.095520549912585,rolling_conformal,-0.0479606449802983,0.0804774387178496,0.0642190418490739,0.1284380836981479,rolling_conformal,-0.0630763692795458,0.0666731529519411,0.0648747611157434,0.1297495222314869,rolling_conformal,-0.0488087002395931,0.0390384995245914,0.0439235998820922,0.0878471997641845,rolling_conformal,-0.0357918975172082,0.0495222238560265,0.0426570606866174,0.0853141213732348,rolling_conformal,-0.0439975103206407,0.046158836248652,0.0450781732846463,0.0901563465692927,rolling_conformal,-0.0495388005256963,0.0497806129585268,0.0496597067421115,0.0993194134842231,rolling_conformal,-0.0495381717396176,0.0502661696847083,0.049902170712163,0.099804341424326,rolling_conformal,-0.0495381717396176,0.0502661696847083,0.049902170712163,0.099804341424326,rolling_conformal
FOMC_0237,2011-12-13,GLD_ret,-0.0219,0.01005142426512,0.0010511718888942,0.0015905805504151,0.0,1.0,0.0022793006756553,0.003295045989116,0.0,1.0,0.0074398992918741,0.0120526368528362,0.0,1.0,-0.0055924147184658,-0.0090597118439147,0.0,1.0,-0.0029066578804724,-0.0047087857663653,0.0,1.0,0.0018776036271439,-0.0025076999588821,2.1684043449710093e-19,0.9999999999999998,0.9431965820628064,3.0,0.2738090433571093,0.001117322196354,0.0064007522214189,0.1486192671250978,-0.0186978926357727,0.021879053736603,0.0202884731861879,0.0405769463723758,recent_volatility_fallback,-0.0169934271970719,0.0235835191753039,0.0202884731861879,0.0405769463723758,recent_volatility_fallback,-0.0082358363333517,0.0323411100390241,0.0202884731861879,0.0405769463723758,recent_volatility_fallback,-0.0293481850301026,0.0112287613422731,0.0202884731861879,0.0405769463723758,recent_volatility_fallback,-0.0249972589525532,0.0155796874198226,0.0202884731861879,0.0405769463723758,recent_volatility_fallback,-0.0102370489210678,0.030339897451308,0.0202884731861879,0.0405769463723758,recent_volatility_fallback,-0.02279617314507,0.0177807732273058,0.0202884731861879,0.0405769463723758,recent_volatility_fallback,-0.0191711509898338,0.0214057953825419,0.0202884731861879,0.0405769463723758,recent_volatility_fallback,-0.0191711509898338,0.0214057953825419,0.0202884731861879,0.0405769463723758,recent_volatility_fallback
FOMC_0237,2011-12-13,QQQ_ret,-0.011,0.0025341169017528,0.0020827073597741,0.0018744366237967,0.0,1.0,0.0047457650548546,0.0069487576491901,0.0,1.0,0.002512080617543,0.0039259084260759,0.0,1.0,0.0038179573907485,0.0034361616516737,4.336808689942019e-19,0.9999999999999998,0.0035983236787984,0.0050705240660521,0.0,1.0,0.0014834726581281,0.0021563627799491,0.0,1.0,0.9431965820628064,3.0,0.251782767289924,0.002814343447615,0.0103180599436134,0.2143058829913829,-0.0638821455397029,0.0676310187872964,0.0657565821634997,0.1315131643269994,rolling_conformal,-0.0707811398507025,0.0846786551490827,0.0777298974998926,0.1554597949997853,rolling_conformal,-0.0529337120584899,0.0607855289106419,0.0568596204845659,0.1137192409691319,rolling_conformal,-0.0500546704487386,0.0569269937520861,0.0534908321004123,0.1069816642008247,rolling_conformal,-0.0726593734338405,0.0828004215659447,0.0777298974998926,0.1554597949997853,rolling_conformal,-0.0493266301414812,0.0543948639449868,0.051860747043234,0.103721494086468,rolling_conformal,-0.0755735347199434,0.0798862602798418,0.0777298974998926,0.1554597949997853,rolling_conformal,-0.0670068226706592,0.0726355095658894,0.0698211661182743,0.1396423322365487,rolling_conformal,-0.0670068226706592,0.0726355095658894,0.0698211661182743,0.1396423322365487,rolling_conformal
FOMC_0237,2011-12-13,SPY_ret,-0.0093,0.0001053943794138,0.0114928409845508,0.0178426356285152,0.0,1.0,0.0094729691958391,0.0147067846765402,0.0,1.0,0.0027790011164713,0.0043143992333218,0.0,1.0,0.008561029071511,0.0115375226596351,0.0,1.0,0.0032840520009228,0.0050931888880894,0.0,1.0,0.0037640614089063,0.005843705337327,0.0,1.0,0.9431965820628064,3.0,0.2358757828375081,0.0051637032601588,0.009102677023821,0.3619495301454993,-0.0299176393277772,0.0656029105848078,0.0477602749562925,0.095520549912585,rolling_conformal,-0.0495122571725337,0.0789258265256142,0.0642190418490739,0.1284380836981479,rolling_conformal,-0.0605603618824216,0.0691891603490653,0.0648747611157434,0.1297495222314869,rolling_conformal,-0.0323860772224571,0.0554611225417273,0.0439235998820922,0.0878471997641845,rolling_conformal,-0.0375638717985279,0.0477502495747068,0.0426570606866174,0.0853141213732348,rolling_conformal,-0.0449727789052325,0.0451835676640602,0.0450781732846463,0.0901563465692927,rolling_conformal,-0.0438160014047845,0.0555034120794386,0.0496597067421115,0.0993194134842231,rolling_conformal,-0.0447384674520041,0.0550658739723218,0.049902170712163,0.099804341424326,rolling_conformal,-0.0447384674520041,0.0550658739723218,0.049902170712163,0.099804341424326,rolling_conformal
FOMC_0234,2012-01-25,GLD_ret,0.0272,-0.0039888362489191,-0.0039877065075818,0.0064600845422826,0.0,1.0,0.0034326144474615,0.0055608354048877,4.336808689942019e-19,0.9999999999999998,0.0058953263666678,0.0088798778909854,0.0,1.0,0.0090991709644774,0.0147406569624535,0.0,1.0,0.0091195842204356,0.0120638395390367,0.0,1.0,0.0083698622352037,0.01355917682103,0.0,1.0,0.9310904832801176,3.0,0.251802551087373,0.0109686508362027,0.0062117086216273,0.6384414993592388,-0.0142719848254063,0.0271921539099715,0.0207320693676889,0.0414641387353779,recent_volatility_fallback,-0.0151712339628011,0.0262929047725767,0.0207320693676889,0.0414641387353779,recent_volatility_fallback,-0.0118521914767034,0.0296119472586744,0.0207320693676889,0.0414641387353779,recent_volatility_fallback,-0.0059914124052354,0.0354727263301424,0.0207320693676889,0.0414641387353779,recent_volatility_fallback,-0.0086682298286522,0.0327959089067256,0.0207320693676889,0.0414641387353779,recent_volatility_fallback,-0.024720905616608,0.0167432331187698,0.0207320693676889,0.0414641387353779,recent_volatility_fallback,-0.0071728925466589,0.0342912461887189,0.0207320693676889,0.0414641387353779,recent_volatility_fallback,-0.0097634185314862,0.0317007202038916,0.0207320693676889,0.0414641387353779,recent_volatility_fallback,-0.0097634185314862,0.0317007202038916,0.0207320693676889,0.0414641387353779,recent_volatility_fallback
FOMC_0234,2012-01-25,QQQ_ret,0.0126,-0.0013543045189715,-0.0025451210324733,-0.0022906089292259,0.0,1.0,0.0010272283053925,0.0009245054748533,0.0,1.0,0.0004209846699948,-0.0005881180303484,5.421010862427522e-20,0.9999999999999998,0.0025078335264153,0.0040343909090282,0.0,1.0,0.0079108934148894,0.0125256890103587,0.0,1.0,0.0051193262224964,0.007525451386948,0.0,1.0,0.9310904832801176,3.0,0.2602529773144278,0.0065180855932588,0.0102238916758737,0.3893262782057161,-0.0680471910927256,0.0634659732342737,0.0657565821634997,0.1315131643269994,rolling_conformal,-0.0768053920250393,0.0786544029747459,0.0777298974998926,0.1554597949997853,rolling_conformal,-0.0574477385149144,0.0562715024542174,0.0568596204845659,0.1137192409691319,rolling_conformal,-0.0494564411913841,0.0575252230094406,0.0534908321004123,0.1069816642008247,rolling_conformal,-0.0652042084895339,0.0902555865102513,0.0777298974998926,0.1554597949997853,rolling_conformal,-0.0532150515622056,0.0505064425242624,0.051860747043234,0.103721494086468,rolling_conformal,-0.0702044461129446,0.0852553488868407,0.0777298974998926,0.1554597949997853,rolling_conformal,-0.0633030805250155,0.0763392517115332,0.0698211661182743,0.1396423322365487,rolling_conformal,-0.0633030805250155,0.0763392517115332,0.0698211661182743,0.1396423322365487,rolling_conformal
FOMC_0234,2012-01-25,SPY_ret,0.0084,-0.0019444881327973,0.0038774532097346,0.0055975023773482,0.0,1.0,0.0011822579391271,0.0016040542424328,0.0,1.0,0.001188479325529,0.0017535904699213,0.0,1.0,0.0112360705810436,0.0166127775872598,0.0,1.0,0.0124873795109909,0.0193866566908135,0.0,1.0,0.0034923048861511,0.0045617003695258,4.336808689942019e-19,0.9999999999999998,0.9310904832801176,3.0,0.25,0.0033754262305367,0.0091023043236314,0.2705166224512669,-0.0421627725789443,0.0533577773336407,0.0477602749562925,0.095520549912585,rolling_conformal,-0.0626149876066411,0.0658230960915068,0.0642190418490739,0.1284380836981479,rolling_conformal,-0.0631211706458221,0.0666283515856648,0.0648747611157434,0.1297495222314869,rolling_conformal,-0.0273108222948323,0.0605363774693521,0.0439235998820922,0.0878471997641845,rolling_conformal,-0.0232704039958039,0.0620437173774309,0.0426570606866174,0.0853141213732348,rolling_conformal,-0.0470226614174436,0.043133685151849,0.0450781732846463,0.0901563465692927,rolling_conformal,-0.0450980063725857,0.0542214071116374,0.0496597067421115,0.0993194134842231,rolling_conformal,-0.0465267444816262,0.0532775969426998,0.049902170712163,0.099804341424326,rolling_conformal,-0.0465267444816262,0.0532775969426998,0.049902170712163,0.099804341424326,rolling_conformal
FOMC_0232,2012-03-13,GLD_ret,-0.0168,-0.0041236009042295,0.0136508331927255,0.0221143497722153,0.0,1.0,0.0064582478606895,0.010462361534317,0.0,1.0,-0.0034267586638269,0.0055513490353997,0.0,1.0,0.0178579595300158,0.0228546024722957,0.0,1.0,0.0130532313836146,0.0211462348414558,0.0,1.0,0.0109616539107619,0.0177578793354343,0.0,1.0,0.9531651046453332,3.0,0.2973641534194341,0.0135013337860831,0.0064272077918797,0.6774874598017947,0.0006963223124639,0.0435323772319667,0.0214180274597514,0.0428360549195028,recent_volatility_fallback,-0.0109556659254344,0.0318803889940684,0.0214180274597514,0.0428360549195028,recent_volatility_fallback,-0.0158666784243517,0.0269693764951511,0.0214180274597514,0.0428360549195028,recent_volatility_fallback,0.0014365750125443,0.0442726299320471,0.0214180274597514,0.0428360549195028,recent_volatility_fallback,-0.0002717926182956,0.0425642623012072,0.0214180274597514,0.0428360549195028,recent_volatility_fallback,-0.025541628363981,0.0172944265555218,0.0214180274597514,0.0428360549195028,recent_volatility_fallback,-0.003660148124317,0.0391759067951858,0.0214180274597514,0.0428360549195028,recent_volatility_fallback,-0.0079166936736683,0.0349193612458345,0.0214180274597514,0.0428360549195028,recent_volatility_fallback,-0.0079166936736683,0.0349193612458345,0.0214180274597514,0.0428360549195028,recent_volatility_fallback
FOMC_0232,2012-03-13,QQQ_ret,0.0185,0.0097918534804204,0.0020700921625718,-0.0029301383012303,0.0,1.0,0.0046701571017615,0.0042031413915854,0.0,1.0,0.0066728298889379,0.0060055469000441,0.0,1.0,0.0041742560986061,0.0065638149241447,0.0,1.0,0.0028443578032626,0.0044852511593042,0.0,1.0,0.0056113888586775,0.008618158373505,0.0,1.0,0.9531651046453332,3.0,0.2938845500839058,0.0112038615399207,0.0102074905829003,0.5232675752085473,-0.0686867204647301,0.0628264438622693,0.0657565821634997,0.1315131643269994,rolling_conformal,-0.0735267561083072,0.081933038891478,0.0777298974998926,0.1554597949997853,rolling_conformal,-0.0508540735845218,0.0628651673846101,0.0568596204845659,0.1137192409691319,rolling_conformal,-0.0469270171762676,0.0600546470245571,0.0534908321004123,0.1069816642008247,rolling_conformal,-0.0732446463405884,0.0822151486591969,0.0777298974998926,0.1554597949997853,rolling_conformal,-0.0420688935628135,0.0616526005236545,0.051860747043234,0.103721494086468,rolling_conformal,-0.0691117391263875,0.0863480558733977,0.0777298974998926,0.1554597949997853,rolling_conformal,-0.0586173045783536,0.0810250276581951,0.0698211661182743,0.1396423322365487,rolling_conformal,-0.0586173045783536,0.0810250276581951,0.0698211661182743,0.1396423322365487,rolling_conformal
FOMC_0232,2012-03-13,SPY_ret,0.018,0.0046463094608568,0.0034700395511718,0.0051989906373043,0.0,1.0,0.0056065454745465,0.0086910903171052,0.0,1.0,0.0004115536092357,0.0006134436988338,0.0,1.0,0.0029099384566157,0.004517679453896,0.0,1.0,0.0032253369885976,0.0050073356747978,4.336808689942019e-19,0.9999999999999998,0.0046846784592249,0.0072729633079467,0.0,1.0,0.9531651046453332,3.0,0.25,0.0076087448231003,0.0090804204748458,0.4559095753543141,-0.0425612843189881,0.0529592655935968,0.0477602749562925,0.095520549912585,rolling_conformal,-0.0555279515319687,0.0729101321661792,0.0642190418490739,0.1284380836981479,rolling_conformal,-0.0642613174169096,0.0654882048145773,0.0648747611157434,0.1297495222314869,rolling_conformal,-0.0394059204281962,0.0484412793359882,0.0439235998820922,0.0878471997641845,rolling_conformal,-0.0376497250118195,0.0476643963614152,0.0426570606866174,0.0853141213732348,rolling_conformal,-0.0404318638237895,0.0497244827455032,0.0450781732846463,0.0901563465692927,rolling_conformal,-0.0423867434341648,0.0569326700500582,0.0496597067421115,0.0993194134842231,rolling_conformal,-0.0422934258890626,0.0575109155352634,0.049902170712163,0.099804341424326,rolling_conformal,-0.0422934258890626,0.0575109155352634,0.049902170712163,0.099804341424326,rolling_conformal
FOMC_0231,2012-04-25,GLD_ret,0.002,-0.0105530277857869,0.0038079686974614,0.0061689092898875,4.336808689942019e-19,0.9999999999999998,0.0008895228875567,0.0014410270778418,0.0,1.0,0.0049878025333368,0.0080802401040057,0.0,1.0,0.002720562692178,0.0024485064229602,0.0,1.0,0.0064944051713604,0.0105209363776039,8.673617379884035e-19,0.9999999999999998,0.0067307921306174,0.0109038832516003,0.0,1.0,0.948307037113058,3.0,0.3,0.0053601719284609,0.0065559664428671,0.4498250408964616,-0.0155633467104043,0.0279011652901794,0.0217322560002918,0.0434645120005837,recent_volatility_fallback,-0.0202912289224499,0.0231732830781337,0.0217322560002918,0.0434645120005837,recent_volatility_fallback,-0.0136520158962861,0.0298124961042975,0.0217322560002918,0.0434645120005837,recent_volatility_fallback,-0.0192837495773316,0.024180762423252,0.0217322560002918,0.0434645120005837,recent_volatility_fallback,-0.0112113196226879,0.0322531923778957,0.0217322560002918,0.0434645120005837,recent_volatility_fallback,-0.0322852837860788,0.0111792282145049,0.0217322560002918,0.0434645120005837,recent_volatility_fallback,-0.0108283727486915,0.0326361392518921,0.0217322560002918,0.0434645120005837,recent_volatility_fallback,-0.0163720840718309,0.0270924279287528,0.0217322560002918,0.0434645120005837,recent_volatility_fallback,-0.0163720840718309,0.0270924279287528,0.0217322560002918,0.0434645120005837,recent_volatility_fallback
FOMC_0231,2012-04-25,QQQ_ret,0.0265,0.0056422524753652,0.0024077106747177,0.003952175907789,0.0,1.0,0.0015639317904303,0.0022242722054982,0.0,1.0,0.0034074325322908,0.0048579899830536,4.336808689942019e-19,0.9999999999999998,0.0045771391871892,0.0077239223783819,0.0,1.0,0.003696572574198,0.0061425809011418,0.0,1.0,0.0066434561593324,0.0111763243306657,0.0,1.0,0.948307037113058,3.0,0.2784848100173602,0.0120439617267749,0.0102292436181762,0.5407379015668263,-0.0618044062557106,0.0697087580712887,0.0657565821634997,0.1315131643269994,rolling_conformal,-0.0755056252943943,0.0799541697053909,0.0777298974998926,0.1554597949997853,rolling_conformal,-0.0520016305015123,0.0617176104676196,0.0568596204845659,0.1137192409691319,rolling_conformal,-0.0457669097220304,0.0612147544787942,0.0534908321004123,0.1069816642008247,rolling_conformal,-0.0715873165987507,0.0838724784010345,0.0777298974998926,0.1554597949997853,rolling_conformal,-0.0462184945678687,0.0575029995185993,0.051860747043234,0.103721494086468,rolling_conformal,-0.0665535731692269,0.0889062218305584,0.0777298974998926,0.1554597949997853,rolling_conformal,-0.0577772043914994,0.0818651278450493,0.0698211661182743,0.1396423322365487,rolling_conformal,-0.0577772043914994,0.0818651278450493,0.0698211661182743,0.1396423322365487,rolling_conformal
FOMC_0231,2012-04-25,SPY_ret,0.0137,0.0062803972770964,0.0116204264646561,0.0180407120863786,0.0,1.0,0.0040643128022104,0.0063098456254317,0.0,1.0,0.0037268431208733,0.0057859239451558,0.0,1.0,0.0102465646442964,0.0159077916102702,0.0,1.0,0.0065801259409209,0.0102156455232797,0.0,1.0,0.0057512762646882,0.0089288564009284,0.0,1.0,0.948307037113058,3.0,0.25,0.009506752862966,0.0091232499143671,0.5102928793764838,-0.0297195628699138,0.0658009870426712,0.0477602749562925,0.095520549912585,rolling_conformal,-0.0579091962236422,0.0705288874745057,0.0642190418490739,0.1284380836981479,rolling_conformal,-0.0590888371705876,0.0706606850608993,0.0648747611157434,0.1297495222314869,rolling_conformal,-0.028015808271822,0.0598313914923624,0.0439235998820922,0.0878471997641845,rolling_conformal,-0.0324414151633377,0.0528727062098971,0.0426570606866174,0.0853141213732348,rolling_conformal,-0.0387977760075499,0.0513585705617428,0.0450781732846463,0.0901563465692927,rolling_conformal,-0.0407308503411831,0.05858856314304,0.0496597067421115,0.0993194134842231,rolling_conformal,-0.0403954178491969,0.059408923575129,0.049902170712163,0.099804341424326,rolling_conformal,-0.0403954178491969,0.059408923575129,0.049902170712163,0.099804341424326,rolling_conformal
FOMC_0229,2012-06-20,GLD_ret,-0.0076,0.0011795069811857,0.0026505459741946,0.0042938844781953,0.0,1.0,-0.0024857782273672,0.0040269607283349,0.0,1.0,-0.0030351574357673,-0.004916955045943,0.0,1.0,-0.0108513015393091,-0.0175791084936808,0.0,1.0,-0.0076387160596206,-0.0099805955029982,0.0,1.0,-0.002683905648192,-0.0043479271500711,0.0,1.0,0.9368085252907306,3.0,0.2304563899142453,-0.0036889135616315,0.0065285610206231,0.3610402865729093,-0.0174355956665296,0.0260233646229203,0.021729480144725,0.04345896028945,recent_volatility_fallback,-0.01770251941639,0.02575644087306,0.021729480144725,0.04345896028945,recent_volatility_fallback,-0.0266464351906681,0.0168125250987819,0.021729480144725,0.04345896028945,recent_volatility_fallback,-0.0393085886384059,0.0041503716510441,0.021729480144725,0.04345896028945,recent_volatility_fallback,-0.0317100756477233,0.0117488846417267,0.021729480144725,0.04345896028945,recent_volatility_fallback,-0.0205499731635393,0.0229089871259107,0.021729480144725,0.04345896028945,recent_volatility_fallback,-0.0260774072947962,0.0173815529946538,0.021729480144725,0.04345896028945,recent_volatility_fallback,-0.0254183937063565,0.0180405665830935,0.021729480144725,0.04345896028945,recent_volatility_fallback,-0.0254183937063565,0.0180405665830935,0.021729480144725,0.04345896028945,recent_volatility_fallback
FOMC_0229,2012-06-20,QQQ_ret,0.0008,0.0093443153010773,0.0037419384512147,0.0060161312819317,0.0,1.0,0.0058268857369896,0.0086528055283475,0.0,1.0,0.0036294375347744,0.0051240514364312,0.0,1.0,0.003276475745544,0.0029488281709896,4.336808689942019e-19,0.9999999999999998,0.001560042282041,0.0014040380538369,0.0,1.0,0.0008369283642696,0.0007532355278426,0.0,1.0,0.9368085252907306,3.0,0.2757124669129788,0.0039023791569592,0.0103368542603637,0.27405874333265,-0.0597404508815679,0.0717727134454314,0.0657565821634997,0.1315131643269994,rolling_conformal,-0.0690770919715451,0.0863827030282401,0.0777298974998926,0.1554597949997853,rolling_conformal,-0.0517355690481347,0.0619836719209972,0.0568596204845659,0.1137192409691319,rolling_conformal,-0.0505420039294227,0.0564396602714019,0.0534908321004123,0.1069816642008247,rolling_conformal,-0.0763258594460557,0.0791339355537295,0.0777298974998926,0.1554597949997853,rolling_conformal,-0.0425164317421567,0.0612050623443113,0.051860747043234,0.103721494086468,rolling_conformal,-0.0769766619720499,0.0784831330277353,0.0777298974998926,0.1554597949997853,rolling_conformal,-0.0659187869613151,0.0737235452752336,0.0698211661182743,0.1396423322365487,rolling_conformal,-0.0659187869613151,0.0737235452752336,0.0698211661182743,0.1396423322365487,rolling_conformal
FOMC_0229,2012-06-20,SPY_ret,-0.0016,0.0083921240155082,0.0102118747491004,0.0158539355479784,0.0,1.0,0.0136162723126187,0.0211392627653405,1.734723475976807e-18,0.9999999999999998,0.0067904419457444,0.0105421611207682,0.0,1.0,0.0096323121617912,0.0149541646311808,0.0,1.0,0.0048185307816931,0.0074807690385785,0.0,1.0,0.0103015983854614,0.0159932314934289,0.0,1.0,0.9368085252907306,3.0,0.25,0.016206897817541,0.0091390927339643,0.6394266339814496,-0.031906339408314,0.063614210504271,0.0477602749562925,0.095520549912585,rolling_conformal,-0.0430797790837334,0.0853583046144145,0.0642190418490739,0.1284380836981479,rolling_conformal,-0.0543325999949751,0.0754169222365117,0.0648747611157434,0.1297495222314869,rolling_conformal,-0.0289694352509113,0.0588777645132731,0.0439235998820922,0.0878471997641845,rolling_conformal,-0.0351762916480388,0.0501378297251959,0.0426570606866174,0.0853141213732348,rolling_conformal,-0.0366860492691381,0.0534702973001546,0.0450781732846463,0.0901563465692927,rolling_conformal,-0.0336664752486826,0.0656529382355405,0.0496597067421115,0.0993194134842231,rolling_conformal,-0.0336952728946219,0.0661090685297041,0.049902170712163,0.099804341424326,rolling_conformal,-0.0336952728946219,0.0661090685297041,0.049902170712163,0.099804341424326,rolling_conformal
FOMC_0226,2012-08-01,GLD_ret,-0.0086,0.0016802822762972,-0.001257473732971,0.0020283038169071,0.0,1.0,-0.0043527402878689,-0.0060500519318749,0.0,1.0,-0.0038128630961996,-0.0061768382158434,0.0,1.0,-0.0101880857964797,-0.0165046989902971,0.0,1.0,-0.0087048410362944,-0.014101842478797,0.0,1.0,-0.0076002981861263,-0.0109559119513909,0.0,1.0,0.9416905647358852,3.0,0.2408735868499711,-0.0094946238283617,0.0065580439919232,0.5914672888011165,-0.0197822719260666,0.023838879559881,0.0218105757429738,0.0436211514859477,recent_volatility_fallback,-0.0278606276748488,0.0157605238110989,0.0218105757429738,0.0436211514859477,recent_volatility_fallback,-0.0279874139588172,0.0156337375271304,0.0218105757429738,0.0436211514859477,recent_volatility_fallback,-0.038315274733271,0.0053058767526767,0.0218105757429738,0.0436211514859477,recent_volatility_fallback,-0.0359124182217708,0.0077087332641768,0.0218105757429738,0.0436211514859477,recent_volatility_fallback,-0.0201302934666766,0.0234908580192711,0.0218105757429738,0.0436211514859477,recent_volatility_fallback,-0.0327664876943648,0.0108546637915828,0.0218105757429738,0.0436211514859477,recent_volatility_fallback,-0.0313051995713356,0.012315951914612,0.0218105757429738,0.0436211514859477,recent_volatility_fallback,-0.0313051995713356,0.012315951914612,0.0218105757429738,0.0436211514859477,recent_volatility_fallback
FOMC_0226,2012-08-01,QQQ_ret,-0.0029,0.0106813771040296,0.0037217202024007,0.0062804028415513,0.0,1.0,0.0017508994841547,0.002675167229074,0.0,1.0,0.0042414516034102,0.0060557994051981,0.0,1.0,0.0027891023930539,0.0038156498436546,0.0,1.0,0.0013713372811381,0.0019439701611848,0.0,1.0,0.0009782913534619,0.0014704991902249,0.0,1.0,0.9416905647358852,3.0,0.2923452893767396,0.0052040699491874,0.0103113840487104,0.3354124601038382,-0.0594761793219483,0.072036985005051,0.0657565821634997,0.1315131643269994,rolling_conformal,-0.0750547302708186,0.0804050647289666,0.0777298974998926,0.1554597949997853,rolling_conformal,-0.0508038210793678,0.062915419889764,0.0568596204845659,0.1137192409691319,rolling_conformal,-0.0496751822567577,0.0573064819440669,0.0534908321004123,0.1069816642008247,rolling_conformal,-0.0757859273387078,0.0796738676610775,0.0777298974998926,0.1554597949997853,rolling_conformal,-0.0411793699392044,0.0625421241472636,0.051860747043234,0.103721494086468,rolling_conformal,-0.0762593983096677,0.0792003966901175,0.0777298974998926,0.1554597949997853,rolling_conformal,-0.0646170961690869,0.0750252360674618,0.0698211661182743,0.1396423322365487,rolling_conformal,-0.0646170961690869,0.0750252360674618,0.0698211661182743,0.1396423322365487,rolling_conformal
FOMC_0226,2012-08-01,SPY_ret,-0.0009,0.0082620364748106,0.0037707657944464,0.0048258695091059,4.336808689942019e-19,0.9999999999999998,0.0038566629025895,0.0057185983361985,4.336808689942019e-19,0.9999999999999998,0.0006357700386367,0.000925320964111,0.0,1.0,0.0036628789768467,0.0032965910791621,4.336808689942019e-19,0.9999999999999998,-9.924197897364088e-05,-8.93177810762768e-05,0.0,1.0,-0.0012127024173612,0.0018827205029532,0.0,1.0,0.9416905647358852,3.0,0.25,0.0039991819203052,0.0091421717332371,0.3043209232876862,-0.0429344054471865,0.0525861444653985,0.0477602749562925,0.095520549912585,rolling_conformal,-0.0585004435128754,0.0699376401852724,0.0642190418490739,0.1284380836981479,rolling_conformal,-0.0639494401516324,0.0658000820798545,0.0648747611157434,0.1297495222314869,rolling_conformal,-0.0406270088029301,0.0472201909612543,0.0439235998820922,0.0878471997641845,rolling_conformal,-0.0427463784676936,0.0425677429055411,0.0426570606866174,0.0853141213732348,rolling_conformal,-0.0368161368098357,0.053340209759457,0.0450781732846463,0.0901563465692927,rolling_conformal,-0.0477769862391583,0.0515424272450648,0.0496597067421115,0.0993194134842231,rolling_conformal,-0.0459029887918577,0.0539013526324682,0.049902170712163,0.099804341424326,rolling_conformal,-0.0459029887918577,0.0539013526324682,0.049902170712163,0.099804341424326,rolling_conformal
FOMC_0224,2012-09-13,GLD_ret,0.0202,0.0091968264910729,-0.0030671604661945,-0.0043410177568373,0.0,1.0,-0.0016476986333468,0.0023221705070497,0.0,1.0,-0.0056294777122254,-0.0091197538938052,0.0,1.0,-0.0147656360450046,-0.0231080606727513,0.0,1.0,-0.0080660973915655,-0.0130670777743361,0.0,1.0,-0.0062384981486494,-0.010106367000812,0.0,1.0,0.9413265385821205,3.0,0.260850196237792,-0.0060853502285253,0.0065687301664781,0.4809006446585984,-0.02599657175873,0.0173145362450552,0.0216555540018926,0.0433111080037852,recent_volatility_fallback,-0.0193333834948428,0.0239777245089424,0.0216555540018926,0.0433111080037852,recent_volatility_fallback,-0.0307753078956978,0.0125358001080874,0.0216555540018926,0.0433111080037852,recent_volatility_fallback,-0.0447636146746439,-0.0014525066708586,0.0216555540018926,0.0433111080037852,recent_volatility_fallback,-0.0347226317762288,0.0085884762275564,0.0216555540018926,0.0433111080037852,recent_volatility_fallback,-0.0124587275108197,0.0308523804929655,0.0216555540018926,0.0433111080037852,recent_volatility_fallback,-0.0317619210027047,0.0115491870010805,0.0216555540018926,0.0433111080037852,recent_volatility_fallback,-0.027740904230418,0.0155702037733672,0.0216555540018926,0.0433111080037852,recent_volatility_fallback,-0.027740904230418,0.0155702037733672,0.0216555540018926,0.0433111080037852,recent_volatility_fallback
FOMC_0224,2012-09-13,QQQ_ret,0.0136,0.0012169904285301,0.003270454342202,0.0055188917024659,4.336808689942019e-19,0.9999999999999998,-0.0044908500057419,-0.0040417650051677,0.0,1.0,-0.0025827712070904,-0.0023244940863813,0.0,1.0,0.0027572230045759,0.0042871722405599,0.0,1.0,-0.0043618281406553,0.0062226850801416,0.0,1.0,0.0030091875087996,0.0050112829945651,0.0,1.0,0.9413265385821205,3.0,0.2467617002471024,0.0050937461371693,0.0103242735821945,0.3303765935002669,-0.0602376904610337,0.0712754738659656,0.0657565821634997,0.1315131643269994,rolling_conformal,-0.0817716625050604,0.0736881324947249,0.0777298974998926,0.1554597949997853,rolling_conformal,-0.0591841145709473,0.0545351263981845,0.0568596204845659,0.1137192409691319,rolling_conformal,-0.0492036598598524,0.0577780043409723,0.0534908321004123,0.1069816642008247,rolling_conformal,-0.0715072124197509,0.0839525825800343,0.0777298974998926,0.1554597949997853,rolling_conformal,-0.0506437566147038,0.0530777374717642,0.051860747043234,0.103721494086468,rolling_conformal,-0.0727186145053274,0.0827411804944578,0.0777298974998926,0.1554597949997853,rolling_conformal,-0.064727419981105,0.0749149122554436,0.0698211661182743,0.1396423322365487,rolling_conformal,-0.064727419981105,0.0749149122554436,0.0698211661182743,0.1396423322365487,rolling_conformal
FOMC_0224,2012-09-13,SPY_ret,0.0152,0.0006007846295194,0.0049853228335921,0.0071667897188261,0.0,1.0,0.002224790704606,0.0029416699753161,0.0,1.0,0.0152177097061118,0.0136959387355006,0.0,1.0,0.0067731992489791,0.0093429315821512,8.673617379884035e-19,0.9999999999999998,-0.0067974949619458,-0.0061177454657512,0.0,1.0,0.000353380163532,-0.0004628455215174,0.0,1.0,0.9413265385821205,3.0,0.2390889826011702,-0.0002398247614684,0.0091540185710976,0.0255310310878489,-0.0405934852374663,0.0549270646751187,0.0477602749562925,0.095520549912585,rolling_conformal,-0.0612773718737578,0.0671607118243901,0.0642190418490739,0.1284380836981479,rolling_conformal,-0.0511788223802428,0.0785706998512441,0.0648747611157434,0.1297495222314869,rolling_conformal,-0.034580668299941,0.0532665314642435,0.0439235998820922,0.0878471997641845,rolling_conformal,-0.0487748061523686,0.0365393152208661,0.0426570606866174,0.0853141213732348,rolling_conformal,-0.0444773886551269,0.0456789579141658,0.0450781732846463,0.0901563465692927,rolling_conformal,-0.050122552263629,0.0491968612205941,0.0496597067421115,0.0993194134842231,rolling_conformal,-0.0501419954736314,0.0496623459506945,0.049902170712163,0.099804341424326,rolling_conformal,-0.0501419954736314,0.0496623459506945,0.049902170712163,0.099804341424326,rolling_conformal
FOMC_0222,2012-10-24,GLD_ret,-0.0034,0.0017142355626459,3.155813216790616e-05,-5.112417411200798e-05,0.0,1.0,-0.0003184674727409,0.0004862759131432,0.0,1.0,0.0055196253191038,0.0089417930169482,0.0,1.0,-0.0029949096745583,0.0048517536727844,0.0,1.0,0.000941807933406,0.0015257288521177,1.0842021724855044e-19,0.9999999999999998,0.0025799017183894,0.0041794407837909,0.0,1.0,0.937855417947895,3.0,0.2515769893348653,0.0042711022513952,0.0066856936812869,0.3898136261275999,-0.0216780028392258,0.0215757544910018,0.0216268786651138,0.0432537573302276,recent_volatility_fallback,-0.0211406027519705,0.0221131545782571,0.0216268786651138,0.0432537573302276,recent_volatility_fallback,-0.0126850856481655,0.030568671682062,0.0216268786651138,0.0432537573302276,recent_volatility_fallback,-0.0167751249923293,0.0264786323378983,0.0216268786651138,0.0432537573302276,recent_volatility_fallback,-0.020101149812996,0.0231526075172315,0.0216268786651138,0.0432537573302276,recent_volatility_fallback,-0.0199126431024678,0.0233411142277597,0.0216268786651138,0.0432537573302276,recent_volatility_fallback,-0.0174474378813228,0.0258063194489047,0.0216268786651138,0.0432537573302276,recent_volatility_fallback,-0.0173557764137185,0.025897980916509,0.0216268786651138,0.0432537573302276,recent_volatility_fallback,-0.0173557764137185,0.025897980916509,0.0216268786651138,0.0432537573302276,recent_volatility_fallback
FOMC_0222,2012-10-24,QQQ_ret,-0.0035,0.0091077748555838,0.0036550123538682,0.0059541813506282,0.0,1.0,0.0015809529816231,0.0023244928437843,0.0,1.0,0.0038441501109368,0.005498571554503,0.0,1.0,0.0050746280190159,0.0045671652171143,0.0,1.0,0.0030751322870127,0.0027676190583114,0.0,1.0,0.0015666789096398,0.0022194502674324,0.0,1.0,0.937855417947895,3.0,0.2706828801940145,0.0051050022583306,0.0102950522096781,0.3314929147819812,-0.0598024008128714,0.0717107635141278,0.0657565821634997,0.1315131643269994,rolling_conformal,-0.0754054046561083,0.0800543903436769,0.0777298974998926,0.1554597949997853,rolling_conformal,-0.0513610489300629,0.0623581920390689,0.0568596204845659,0.1137192409691319,rolling_conformal,-0.048923666883298,0.0580579973175267,0.0534908321004123,0.1069816642008247,rolling_conformal,-0.0749622784415812,0.0804975165582041,0.0777298974998926,0.1554597949997853,rolling_conformal,-0.0427529721876501,0.0609685218988179,0.051860747043234,0.103721494086468,rolling_conformal,-0.0755104472324601,0.0799493477673251,0.0777298974998926,0.1554597949997853,rolling_conformal,-0.0647161638599436,0.074926168376605,0.0698211661182743,0.1396423322365487,rolling_conformal,-0.0647161638599436,0.074926168376605,0.0698211661182743,0.1396423322365487,rolling_conformal
FOMC_0222,2012-10-24,SPY_ret,-0.0028,0.0048559780413924,0.0006975259610404,0.0010066367494398,0.0,1.0,0.0021520391545772,0.0033410407874811,0.0,1.0,0.0053051318155864,0.0082362171436979,0.0,1.0,0.0047080407672211,0.0073092332911108,0.0,1.0,0.0035804293328065,0.0055586165391821,0.0,1.0,0.002902151996244,0.0045055909741688,0.0,1.0,0.937855417947895,3.0,0.25,0.0052821659021209,0.0091467822210873,0.3660815879439577,-0.0467536382068526,0.0487669117057324,0.0477602749562925,0.095520549912585,rolling_conformal,-0.0608780010615927,0.0675600826365551,0.0642190418490739,0.1284380836981479,rolling_conformal,-0.0566385439720455,0.0731109782594414,0.0648747611157434,0.1297495222314869,rolling_conformal,-0.0366143665909813,0.0512328331732031,0.0439235998820922,0.0878471997641845,rolling_conformal,-0.0370984441474352,0.0482156772257995,0.0426570606866174,0.0853141213732348,rolling_conformal,-0.0402221952432538,0.0499341513260388,0.0450781732846463,0.0901563465692927,rolling_conformal,-0.0451541157679427,0.0541652977162804,0.0496597067421115,0.0993194134842231,rolling_conformal,-0.044620004810042,0.0551843366142839,0.049902170712163,0.099804341424326,rolling_conformal,-0.044620004810042,0.0551843366142839,0.049902170712163,0.099804341424326,rolling_conformal
FOMC_0221,2012-12-12,GLD_ret,0.0007,0.0053560553203864,0.0007482982699615,0.0006734684429653,0.0,1.0,0.0027044628350336,0.0043812297927545,0.0,1.0,0.0030897386191912,-0.0050053765630898,0.0,1.0,-0.0072366880582398,-0.0117234346543484,0.0,1.0,-0.0071211380883218,-0.0111956548665703,8.673617379884035e-19,0.9999999999999998,-0.0049975393404937,-0.0080960137315998,0.0,1.0,0.95988876199422,3.0,0.2923450145687657,-0.0049960420903402,0.0066723226091069,0.4281703509724385,-0.0209817465962706,0.0223286834822014,0.021655215039236,0.0433104300784721,recent_volatility_fallback,-0.0172739852464815,0.0260364448319906,0.021655215039236,0.0433104300784721,recent_volatility_fallback,-0.0266605916023258,0.0166498384761462,0.021655215039236,0.0433104300784721,recent_volatility_fallback,-0.0333786496935845,0.0099317803848875,0.021655215039236,0.0433104300784721,recent_volatility_fallback,-0.0328508699058064,0.0104595601726657,0.021655215039236,0.0433104300784721,recent_volatility_fallback,-0.0162991597188496,0.0270112703596224,0.021655215039236,0.0433104300784721,recent_volatility_fallback,-0.0297512287708358,0.0135592013076362,0.021655215039236,0.0433104300784721,recent_volatility_fallback,-0.0266512571295762,0.0166591729488958,0.021655215039236,0.0433104300784721,recent_volatility_fallback,-0.0266512571295762,0.0166591729488958,0.021655215039236,0.0433104300784721,recent_volatility_fallback
FOMC_0221,2012-12-12,QQQ_ret,-0.0021,0.0021865981339104,0.0033347525143883,0.0045741345885051,0.0,1.0,0.0076510363552409,-0.0113377598992432,0.0,1.0,0.0027429852143102,0.0024686866928791,0.0,1.0,0.0023900545653001,0.0038357770945892,0.0,1.0,0.0032909955717933,0.005329282250987,0.0,1.0,0.0050911091713128,0.0085759998482764,0.0,1.0,0.95988876199422,3.0,0.284530604797187,0.0084475243927446,0.0103114635721608,0.4503190633395441,-0.0611824475749945,0.0703307167520048,0.0657565821634997,0.1315131643269994,rolling_conformal,-0.0890676573991358,0.0663921376006494,0.0777298974998926,0.1554597949997853,rolling_conformal,-0.0543909337916867,0.0593283071774451,0.0568596204845659,0.1137192409691319,rolling_conformal,-0.0496550550058231,0.0573266091950015,0.0534908321004123,0.1069816642008247,rolling_conformal,-0.0724006152489056,0.0830591797508796,0.0777298974998926,0.1554597949997853,rolling_conformal,-0.0496741489093236,0.0540473451771444,0.051860747043234,0.103721494086468,rolling_conformal,-0.0691538976516161,0.0863058973481691,0.0777298974998926,0.1554597949997853,rolling_conformal,-0.0613736417255297,0.078268690511019,0.0698211661182743,0.1396423322365487,rolling_conformal,-0.0613736417255297,0.078268690511019,0.0698211661182743,0.1396423322365487,rolling_conformal
FOMC_0221,2012-12-12,SPY_ret,0.0005,0.0007414595913268,0.0038929096447086,0.0035036186802378,4.336808689942019e-19,0.9999999999999998,0.0090803253340815,0.0125166999731411,0.0,1.0,0.0125614046756373,0.0195015807589269,0.0,1.0,0.0047832127009672,0.0074259377182516,0.0,1.0,0.0068288302528216,0.0106017589675056,8.673617379884035e-19,0.9999999999999998,0.0121018372956628,0.0187881024015165,0.0,1.0,0.95988876199422,3.0,0.25,0.0164179079538144,0.0091637383201398,0.6417847921180219,-0.0442566562760547,0.0512638936365303,0.0477602749562925,0.095520549912585,rolling_conformal,-0.0517023418759327,0.0767357418222151,0.0642190418490739,0.1284380836981479,rolling_conformal,-0.0453731803568165,0.0843763418746704,0.0648747611157434,0.1297495222314869,rolling_conformal,-0.0364976621638406,0.0513495376003438,0.0439235998820922,0.0878471997641845,rolling_conformal,-0.0320553017191117,0.053258819654123,0.0426570606866174,0.0853141213732348,rolling_conformal,-0.0443367136933195,0.0458196328759731,0.0450781732846463,0.0901563465692927,rolling_conformal,-0.030871604340595,0.0684478091436281,0.0496597067421115,0.0993194134842231,rolling_conformal,-0.0334842627583485,0.0663200786659775,0.049902170712163,0.099804341424326,rolling_conformal,-0.0334842627583485,0.0663200786659775,0.049902170712163,0.099804341424326,rolling_conformal
FOMC_0219,2013-01-30,GLD_ret,0.0075,0.0117355792463924,-0.0026667755492687,-0.0043201763898154,0.0,1.0,0.0017320784643425,-0.0027916664368912,0.0,1.0,-0.001178798273075,-0.0016676045413071,0.0,1.0,-0.0041101579878823,0.0054917243104598,0.0,1.0,-0.0079482246548921,-0.0117573111749058,0.0,1.0,-0.0074246733849423,-0.0120279708836065,0.0,1.0,0.940976186482728,3.0,0.2672600505079559,-0.0068123079307376,0.0066481246227789,0.5060991051113597,-0.0259107642785743,0.0172704114989434,0.0215905878887588,0.0431811757775177,recent_volatility_fallback,-0.0243822543256501,0.0187989214518676,0.0215905878887588,0.0431811757775177,recent_volatility_fallback,-0.023258192430066,0.0199229833474517,0.0215905878887588,0.0431811757775177,recent_volatility_fallback,-0.0160988635782989,0.0270823121992187,0.0215905878887588,0.0431811757775177,recent_volatility_fallback,-0.0333478990636647,0.009833276713853,0.0215905878887588,0.0431811757775177,recent_volatility_fallback,-0.0098550086423664,0.0333261671351513,0.0215905878887588,0.0431811757775177,recent_volatility_fallback,-0.0336185587723654,0.0095626170051523,0.0215905878887588,0.0431811757775177,recent_volatility_fallback,-0.0284028958194964,0.0147782799580212,0.0215905878887588,0.0431811757775177,recent_volatility_fallback,-0.0284028958194964,0.0147782799580212,0.0215905878887588,0.0431811757775177,recent_volatility_fallback
FOMC_0219,2013-01-30,QQQ_ret,-0.0021,0.0030820991946069,0.0034225185098068,0.0030802666588261,4.336808689942019e-19,0.9999999999999998,0.0043258052281976,0.0038932247053778,0.0,1.0,0.0033730344675971,0.0030357310208374,0.0,1.0,0.0041653975059911,0.0057692506268737,0.0,1.0,0.001725062031474,0.0023907401331206,2.1684043449710093e-19,0.9999999999999998,0.0011376998685977,0.0010239298817379,0.0,1.0,0.940976186482728,3.0,0.2641272339342861,0.001959435561643,0.0103167865151897,0.1596129455177763,-0.0413062796092753,0.0474668129269277,0.0443865462681015,0.088773092536203,rolling_conformal,-0.0398760304793888,0.0476624798901446,0.0437692551847667,0.0875385103695334,rolling_conformal,-0.0430709269364452,0.0491423889781202,0.0461066579572827,0.0922133159145655,rolling_conformal,-0.0321717321057744,0.0437102333595219,0.0379409827326482,0.0758819654652964,rolling_conformal,-0.0423004338646167,0.047081914130858,0.0446911739977374,0.0893823479954748,rolling_conformal,-0.0471173746534132,0.0532815730426271,0.0501994738480201,0.1003989476960403,rolling_conformal,-0.0621385811871697,0.0641864409506456,0.0631625110689077,0.1263250221378154,rolling_conformal,-0.064073846708009,0.0679927178312952,0.0660332822696521,0.1320665645393042,rolling_conformal,-0.064073846708009,0.0679927178312952,0.0660332822696521,0.1320665645393042,rolling_conformal
FOMC_0219,2013-01-30,SPY_ret,-0.0039,0.0027803464114003,0.0050513818897294,0.0078422703838049,0.0,1.0,0.0097712354899523,0.01413622483362,0.0,1.0,0.005375794554409,-0.0067618586044169,0.0,1.0,0.000271891660749,0.0003588842962736,0.0,1.0,0.0012180837329202,0.0015999511910549,0.0,1.0,0.0024799537939207,0.0022319584145286,0.0,1.0,0.940976186482728,3.0,0.25,0.0027244137258085,0.0091619879938799,0.2292048929531751,-0.0290042781591428,0.0446888189267526,0.0368465485429477,0.0736930970858955,rolling_conformal,-0.0300327889291319,0.0583052385963721,0.044169013762752,0.0883380275255041,rolling_conformal,-0.0649527768194346,0.0514290596106007,0.0581909182150176,0.1163818364300353,rolling_conformal,-0.0337509230032913,0.0344686915958385,0.0341098072995649,0.0682196145991299,rolling_conformal,-0.0347631941544131,0.0379630965365229,0.036363145345468,0.0727262906909361,rolling_conformal,-0.0419895781118847,0.0475502709346854,0.044769924523285,0.0895398490465701,rolling_conformal,-0.0455717338672469,0.0500356506963043,0.0478036922817756,0.0956073845635512,rolling_conformal,-0.046599861309045,0.0520486887606622,0.0493242750348536,0.0986485500697072,rolling_conformal,-0.046599861309045,0.0520486887606622,0.0493242750348536,0.0986485500697072,rolling_conformal
FOMC_0217,2013-03-20,GLD_ret,-0.0045,0.0009823123069153,0.0037589644074107,-0.0058090936252592,0.0,1.0,-0.0032039174577975,-0.005061236862337,4.336808689942019e-19,0.9999999999999998,-0.0009252368108442,-0.0014988836335676,1.0842021724855044e-19,0.9999999999999998,-0.0039584165975451,-0.0063181203177487,0.0,1.0,-0.0054448453201545,-0.0088206494186502,0.0,1.0,-0.0065004361367253,-0.010530706541495,0.0,1.0,0.9534762711097156,3.0,0.2697646842254023,-0.008909880776847,0.006661531655708,0.5721950461133986,-0.0273654357635308,0.0157472485130123,0.0215563421382715,0.0431126842765431,recent_volatility_fallback,-0.0266175790006086,0.0164951052759344,0.0215563421382715,0.0431126842765431,recent_volatility_fallback,-0.0230552257718392,0.0200574585047039,0.0215563421382715,0.0431126842765431,recent_volatility_fallback,-0.0278744624560202,0.0152382218205228,0.0215563421382715,0.0431126842765431,recent_volatility_fallback,-0.0303769915569218,0.0127356927196212,0.0215563421382715,0.0431126842765431,recent_volatility_fallback,-0.0205740298313562,0.0225386544451868,0.0215563421382715,0.0431126842765431,recent_volatility_fallback,-0.0320870486797666,0.0110256355967764,0.0215563421382715,0.0431126842765431,recent_volatility_fallback,-0.0304662229151186,0.0126464613614245,0.0215563421382715,0.0431126842765431,recent_volatility_fallback,-0.0304662229151186,0.0126464613614245,0.0215563421382715,0.0431126842765431,recent_volatility_fallback
FOMC_0217,2013-03-20,QQQ_ret,0.0071,-0.0011926466738383,0.0028170435435492,-0.0040700916683843,0.0,1.0,0.001126204575113,-0.0015328951919761,0.0,1.0,0.0033395837259391,0.0030056253533452,0.0,1.0,0.0019319256763754,0.0027772754063921,0.0,1.0,0.0014188138304397,0.0020890456307893,0.0,1.0,0.0010822789966076,0.0016398361220565,0.0,1.0,0.9534762711097156,3.0,0.2866513157467799,0.0010348765022289,0.0103285654376588,0.09107149022176,-0.0484566379364858,0.0403164545997172,0.0443865462681015,0.088773092536203,rolling_conformal,-0.0453021503767429,0.0422363599927905,0.0437692551847667,0.0875385103695334,rolling_conformal,-0.0431010326039375,0.0491122833106279,0.0461066579572827,0.0922133159145655,rolling_conformal,-0.035163707326256,0.0407182581390403,0.0379409827326482,0.0758819654652964,rolling_conformal,-0.0426021283669481,0.0467802196285267,0.0446911739977374,0.0893823479954748,rolling_conformal,-0.0513921205218585,0.0490068271741817,0.0501994738480201,0.1003989476960403,rolling_conformal,-0.0615226749468511,0.0648023471909642,0.0631625110689077,0.1263250221378154,rolling_conformal,-0.0649984057674231,0.067068158771881,0.0660332822696521,0.1320665645393042,rolling_conformal,-0.0649984057674231,0.067068158771881,0.0660332822696521,0.1320665645393042,rolling_conformal
FOMC_0217,2013-03-20,SPY_ret,0.007,-0.0019734482066078,-0.0006879836691338,-0.0009919806137357,0.0,1.0,-0.0019265047649387,-0.0029908986475673,0.0,1.0,0.0004781896440374,-0.0007423894223681,0.0,1.0,-0.0009629335584841,-0.0013097012109438,1.0842021724855044e-19,0.9999999999999998,-0.0012623450771008,-0.001581078203095,0.0,1.0,0.0027918346387603,0.0025126511748842,0.0,1.0,0.9534762711097156,3.0,0.25,0.0015997952789379,0.0091779572890703,0.1484357508196223,-0.0378385291566835,0.035854567929212,0.0368465485429477,0.0736930970858955,rolling_conformal,-0.0471599124103193,0.0411781151151847,0.044169013762752,0.0883380275255041,rolling_conformal,-0.0589333076373858,0.0574485287926495,0.0581909182150176,0.1163818364300353,rolling_conformal,-0.0354195085105087,0.0328001060886211,0.0341098072995649,0.0682196145991299,rolling_conformal,-0.0379442235485631,0.0347820671423729,0.036363145345468,0.0727262906909361,rolling_conformal,-0.0467433727298929,0.0427964763166772,0.044769924523285,0.0895398490465701,rolling_conformal,-0.0452910411068913,0.0503163434566599,0.0478036922817756,0.0956073845635512,rolling_conformal,-0.0477244797559157,0.0509240703137915,0.0493242750348536,0.0986485500697072,rolling_conformal,-0.0477244797559157,0.0509240703137915,0.0493242750348536,0.0986485500697072,rolling_conformal
FOMC_0214,2013-05-01,GLD_ret,-0.0116,0.021731411002627,0.0006126798838204,0.0005514118954383,0.0,1.0,-0.0042709683937477,-0.0068746979619711,0.0,1.0,0.0005038154825937,0.0006863292721687,0.0,1.0,-0.0077071033370377,0.0124855074060012,8.673617379884035e-19,0.9999999999999998,-0.0093942211836853,-0.0152186383175703,0.0,1.0,-0.0068727239867675,0.0089882544905393,8.673617379884035e-19,0.9999999999999998,0.9561394089425008,3.0,0.3,0.0153734417329987,0.0065781113550927,0.7003351730036347,-0.0199146249082246,0.0210174486991013,0.020466036803663,0.040932073607326,recent_volatility_fallback,-0.0273407347656341,0.0135913388416918,0.020466036803663,0.040932073607326,recent_volatility_fallback,-0.0197797075314942,0.0211523660758317,0.020466036803663,0.040932073607326,recent_volatility_fallback,-0.0079805293976617,0.0329515442096642,0.020466036803663,0.040932073607326,recent_volatility_fallback,-0.0356846751212333,0.0052473984860926,0.020466036803663,0.040932073607326,recent_volatility_fallback,0.001265374198964,0.04219744780629,0.020466036803663,0.040932073607326,recent_volatility_fallback,-0.0114777823131236,0.0294542912942023,0.020466036803663,0.040932073607326,recent_volatility_fallback,-0.0050925950706642,0.0358394785366617,0.020466036803663,0.040932073607326,recent_volatility_fallback,-0.0050925950706642,0.0358394785366617,0.020466036803663,0.040932073607326,recent_volatility_fallback
FOMC_0214,2013-05-01,QQQ_ret,-0.0047,0.0077973762563489,0.0026542144108883,0.0023887929697994,0.0,1.0,0.0016509374745211,0.001485843727069,0.0,1.0,0.003271701842479,0.0044963318842577,0.0,1.0,0.0021602230771963,0.0019442007694767,0.0,1.0,0.0016690736798383,0.0015021663118545,0.0,1.0,0.001141222175946,0.0010270999583514,0.0,1.0,0.9561394089425008,3.0,0.3093257734582189,0.0039016511384441,0.0102800328793248,0.2751195402718154,-0.041997753298302,0.046775339237901,0.0443865462681015,0.088773092536203,rolling_conformal,-0.0422834114576977,0.0452550989118357,0.0437692551847667,0.0875385103695334,rolling_conformal,-0.041610326073025,0.0506029898415404,0.0461066579572827,0.0922133159145655,rolling_conformal,-0.0359967819631714,0.0398851835021249,0.0379409827326482,0.0758819654652964,rolling_conformal,-0.0431890076858829,0.0461933403095919,0.0446911739977374,0.0893823479954748,rolling_conformal,-0.0424020975916712,0.0579968501043691,0.0501994738480201,0.1003989476960403,rolling_conformal,-0.0621354111105563,0.0641896110272591,0.0631625110689077,0.1263250221378154,rolling_conformal,-0.0621316311312079,0.0699349334080962,0.0660332822696521,0.1320665645393042,rolling_conformal,-0.0621316311312079,0.0699349334080962,0.0660332822696521,0.1320665645393042,rolling_conformal
FOMC_0214,2013-05-01,SPY_ret,-0.0088,0.0090075323616318,0.0007403503536592,0.0009464896378627,0.0,1.0,0.0008513835736273,0.001195725543873,0.0,1.0,0.00346659168925,0.0045165799024248,4.336808689942019e-19,0.9999999999999998,-0.0002157357386277,-0.0003324830368195,2.710505431213761e-20,0.9999999999999998,0.000579664949341,-0.0007409889055315,0.0,1.0,-0.0004833015369044,-0.0004349713832139,0.0,1.0,0.9561394089425008,3.0,0.25,0.0022145027359471,0.0091509748661003,0.1948453787014097,-0.0359000589050849,0.0377930381808105,0.0368465485429477,0.0736930970858955,rolling_conformal,-0.042973288218879,0.0453647393066251,0.044169013762752,0.0883380275255041,rolling_conformal,-0.0536743383125927,0.0627074981174425,0.0581909182150176,0.1163818364300353,rolling_conformal,-0.0344422903363844,0.0337773242627454,0.0341098072995649,0.0682196145991299,rolling_conformal,-0.0371041342509996,0.0356221564399365,0.036363145345468,0.0727262906909361,rolling_conformal,-0.0357623921616532,0.0537774568849169,0.044769924523285,0.0895398490465701,rolling_conformal,-0.0482386636649896,0.0473687208985616,0.0478036922817756,0.0956073845635512,rolling_conformal,-0.0471097722989065,0.0515387777708007,0.0493242750348536,0.0986485500697072,rolling_conformal,-0.0471097722989065,0.0515387777708007,0.0493242750348536,0.0986485500697072,rolling_conformal
FOMC_0214,2013-05-01,UUP_ret,-0.0009,-0.0065813879304735,-4.0774120399125944e-05,-6.054956879270204e-05,0.0,1.0,0.000299240383178,-0.0004443719690193,0.0,1.0,4.6876534356932085e-05,-6.961165352004416e-05,0.0,1.0,0.0001925884634158,-0.0002859938681724,0.0,1.0,0.0005847288147946,-0.00086832228997,0.0,1.0,0.000329678950388,-0.0004054028663939,0.0,1.0,0.9561394089425008,3.0,0.3192922844301961,-0.0026150819707217,0.0035685520873317,0.4229046733884817,-0.0112958331414791,0.0111747340038937,0.0112352835726864,0.0224705671453728,recent_volatility_fallback,-0.0116796555417058,0.010790911603667,0.0112352835726864,0.0224705671453728,recent_volatility_fallback,-0.0113048952262064,0.0111656719191663,0.0112352835726864,0.0224705671453728,recent_volatility_fallback,-0.0115212774408589,0.0109492897045139,0.0112352835726864,0.0224705671453728,recent_volatility_fallback,-0.0121036058626565,0.0103669612827163,0.0112352835726864,0.0224705671453728,recent_volatility_fallback,-0.0178166715031599,0.0046538956422128,0.0112352835726864,0.0224705671453728,recent_volatility_fallback,-0.0116406864390803,0.0108298807062925,0.0112352835726864,0.0224705671453728,recent_volatility_fallback,-0.0138503655434081,0.0086202016019646,0.0112352835726864,0.0224705671453728,recent_volatility_fallback,-0.0138503655434081,0.0086202016019646,0.0112352835726864,0.0224705671453728,recent_volatility_fallback
FOMC_0213,2013-06-19,GLD_ret,-0.0117,0.0043798494048761,0.0009147876557046,0.0014819560022414,0.0,1.0,-0.0007941853609907,-0.0007147668248916,0.0,1.0,0.0029628949398598,0.0043612989016745,0.0,1.0,0.0016964246967975,0.0022346660563144,2.1684043449710093e-19,0.9999999999999998,0.0057383256009502,0.0092960874735394,0.0,1.0,0.0056977007827043,0.0051279307044339,0.0,1.0,0.9464473943257428,3.0,0.2839181168956824,0.0058986442446943,0.0064376390082079,0.4781545091193918,-0.0190685046445556,0.0220324166490385,0.020550460646797,0.0411009212935941,recent_volatility_fallback,-0.0212652274716887,0.0198356938219054,0.020550460646797,0.0411009212935941,recent_volatility_fallback,-0.0161891617451225,0.0249117595484716,0.020550460646797,0.0411009212935941,recent_volatility_fallback,-0.0183157945904826,0.0227851267031115,0.020550460646797,0.0411009212935941,recent_volatility_fallback,-0.0112543731732576,0.0298465481203365,0.020550460646797,0.0411009212935941,recent_volatility_fallback,-0.0161706112419208,0.0249303100516732,0.020550460646797,0.0411009212935941,recent_volatility_fallback,-0.0154225299423631,0.025678391351231,0.020550460646797,0.0411009212935941,recent_volatility_fallback,-0.0146518164021027,0.0264491048914914,0.020550460646797,0.0411009212935941,recent_volatility_fallback,-0.0146518164021027,0.0264491048914914,0.020550460646797,0.0411009212935941,recent_volatility_fallback
FOMC_0213,2013-06-19,QQQ_ret,-0.0112,-0.0008687020586115,0.0026499666422528,0.0023849699780275,0.0,1.0,0.0029133796877686,0.0026220417189918,0.0,1.0,0.0026988455075634,-0.0037778281665244,0.0,1.0,0.0035620093069687,0.0032058083762718,0.0,1.0,0.0023873757122512,-0.0032688809508532,0.0,1.0,0.0011309010576956,0.001017810951926,0.0,1.0,0.9464473943257428,3.0,0.2520969253378857,0.0006777835279495,0.0102486383973677,0.062032467010482,-0.0420015762900739,0.046771516246129,0.0443865462681015,0.088773092536203,rolling_conformal,-0.0411472134657749,0.0463912969037585,0.0437692551847667,0.0875385103695334,rolling_conformal,-0.0498844861238071,0.0423288297907583,0.0461066579572827,0.0922133159145655,rolling_conformal,-0.0347351743563763,0.04114679110892,0.0379409827326482,0.0758819654652964,rolling_conformal,-0.0479600549485906,0.0414222930468841,0.0446911739977374,0.0893823479954748,rolling_conformal,-0.0510681759066317,0.0493307717894085,0.0501994738480201,0.1003989476960403,rolling_conformal,-0.0621447001169816,0.0641803220208337,0.0631625110689077,0.1263250221378154,rolling_conformal,-0.0653554987417026,0.0667110657976016,0.0660332822696521,0.1320665645393042,rolling_conformal,-0.0653554987417026,0.0667110657976016,0.0660332822696521,0.1320665645393042,rolling_conformal
FOMC_0213,2013-06-19,SPY_ret,-0.0138,-0.0004464002664833,-0.0010075821575434,-0.0015130229188086,0.0,1.0,0.0008548470663377,-0.0013271500704894,1.0842021724855044e-19,0.9999999999999998,8.048039049127187e-05,-0.0001170197532547,0.0,1.0,-0.0010823276460307,-0.0016803136704627,0.0,1.0,0.0007231444390078,-0.0011226817415597,0.0,1.0,0.0015495982160233,-0.0021803431524921,0.0,1.0,0.9464473943257428,3.0,0.2470143048821502,-0.0020148396241692,0.0092040884393838,0.1795936132952616,-0.0383595714617564,0.0353335256241391,0.0368465485429477,0.0736930970858955,rolling_conformal,-0.0454961638332414,0.0428418636922626,0.044169013762752,0.0883380275255041,rolling_conformal,-0.0583079379682723,0.0580738984617629,0.0581909182150176,0.1163818364300353,rolling_conformal,-0.0357901209700277,0.0324294936291022,0.0341098072995649,0.0682196145991299,rolling_conformal,-0.0374858270870277,0.0352404636039083,0.036363145345468,0.0727262906909361,rolling_conformal,-0.0452163247897684,0.0443235242568017,0.044769924523285,0.0895398490465701,rolling_conformal,-0.0499840354342678,0.0456233491292834,0.0478036922817756,0.0956073845635512,rolling_conformal,-0.0513391146590228,0.0473094354106843,0.0493242750348536,0.0986485500697072,rolling_conformal,-0.0513391146590228,0.0473094354106843,0.0493242750348536,0.0986485500697072,rolling_conformal
FOMC_0213,2013-06-19,UUP_ret,0.0091,-0.0020238556527541,-0.0005836336386364,-0.0008666959533751,0.0,1.0,-0.000973765372073,-0.0014460415775284,0.0,1.0,-0.0012312009540677,-0.0018283334167906,0.0,1.0,-1.805313184842555e-05,-2.680890079491195e-05,0.0,1.0,5.6375509959848046e-05,-8.371763229037437e-05,0.0,1.0,-0.0001968933701922,-0.0002923866547355,0.0,1.0,0.9464473943257428,3.0,0.3005068945762786,-0.0008939755290237,0.0035676015752883,0.2003738822356908,-0.0120016159470394,0.0102682240402892,0.0111349199936643,0.0222698399873287,recent_volatility_fallback,-0.0125809615711928,0.0096888784161358,0.0111349199936643,0.0222698399873287,recent_volatility_fallback,-0.012963253410455,0.0093065865768737,0.0111349199936643,0.0222698399873287,recent_volatility_fallback,-0.0111617288944592,0.0111081110928694,0.0111349199936643,0.0222698399873287,recent_volatility_fallback,-0.0112186376259547,0.0110512023613739,0.0111349199936643,0.0222698399873287,recent_volatility_fallback,-0.0131587756464184,0.0091110643409102,0.0111349199936643,0.0222698399873287,recent_volatility_fallback,-0.0114273066483998,0.0108425333389288,0.0111349199936643,0.0222698399873287,recent_volatility_fallback,-0.012028895522688,0.0102409444646406,0.0111349199936643,0.0222698399873287,recent_volatility_fallback,-0.012028895522688,0.0102409444646406,0.0111349199936643,0.0222698399873287,recent_volatility_fallback
FOMC_0211,2013-07-31,GLD_ret,-0.0012,0.0170755741691926,0.0018429436369097,0.0029855686917938,0.0,1.0,0.0076179694002927,0.0123411104284742,0.0,1.0,0.0040653110990878,0.0062831414363531,0.0,1.0,0.0002014212350381,0.0003068896212042,0.0,1.0,0.0006476336781849,-0.0008470705708708,0.0,1.0,0.000160553871132,0.000223717699684,0.0,1.0,0.9485643985680958,3.0,0.2907890407575245,0.006148863452923,0.006464648172948,0.4874826900293552,-0.0177238927461308,0.0236950301297184,0.0207094614379246,0.0414189228758493,recent_volatility_fallback,-0.0083683510094504,0.0330505718663988,0.0207094614379246,0.0414189228758493,recent_volatility_fallback,-0.0144263200015715,0.0269926028742777,0.0207094614379246,0.0414189228758493,recent_volatility_fallback,-0.0204025718167203,0.0210163510591289,0.0207094614379246,0.0414189228758493,recent_volatility_fallback,-0.0215565320087955,0.0198623908670537,0.0207094614379246,0.0414189228758493,recent_volatility_fallback,-0.003633887268732,0.0377850356071172,0.0207094614379246,0.0414189228758493,recent_volatility_fallback,-0.0204857437382406,0.0209331791376086,0.0207094614379246,0.0414189228758493,recent_volatility_fallback,-0.0145605979850015,0.0268583248908477,0.0207094614379246,0.0414189228758493,recent_volatility_fallback,-0.0145605979850015,0.0268583248908477,0.0207094614379246,0.0414189228758493,recent_volatility_fallback
FOMC_0211,2013-07-31,QQQ_ret,0.0019,0.0031848694995229,0.00193880376371,-0.0027879843338871,2.1684043449710093e-19,0.9999999999999998,0.0034225566347114,0.0030803009712403,4.336808689942019e-19,0.9999999999999998,0.0004022365822659,-0.0006066504337085,5.421010862427522e-20,0.9999999999999998,0.0015392695524191,0.0023160553126536,0.0,1.0,0.0012249679589694,0.0018615304680363,0.0,1.0,-0.0011765848892901,0.0019854870006771,0.0,1.0,0.9485643985680958,3.0,0.2771410862123992,0.0028973564614893,0.0102133728023606,0.2209918451721625,-0.0471745306019886,0.0415985619342144,0.0443865462681015,0.088773092536203,rolling_conformal,-0.0406889542135264,0.046849556156007,0.0437692551847667,0.0875385103695334,rolling_conformal,-0.0467133083909912,0.0455000075235742,0.0461066579572827,0.0922133159145655,rolling_conformal,-0.0356249274199945,0.0402570380453018,0.0379409827326482,0.0758819654652964,rolling_conformal,-0.042829643529701,0.0465527044657737,0.0446911739977374,0.0893823479954748,rolling_conformal,-0.0470146043484971,0.0533843433475431,0.0501994738480201,0.1003989476960403,rolling_conformal,-0.0611770240682305,0.0651479980695848,0.0631625110689077,0.1263250221378154,rolling_conformal,-0.0631359258081628,0.0689306387311414,0.0660332822696521,0.1320665645393042,rolling_conformal,-0.0631359258081628,0.0689306387311414,0.0660332822696521,0.1320665645393042,rolling_conformal
FOMC_0211,2013-07-31,SPY_ret,0.0007,0.0011029030182571,0.0014102881571126,-0.0019804947359108,0.0,1.0,-0.0032444866257484,-0.0048753235510783,4.336808689942019e-19,0.9999999999999998,0.002975141120406,-0.0042380578854388,0.0,1.0,-0.0006410180423385,-0.0009387901251389,0.0,1.0,-0.0002095166524547,-0.000325274602936,0.0,1.0,0.0019807320997443,-0.0030171903457198,0.0,1.0,0.9485643985680958,3.0,0.25,-0.0022852420554344,0.0091318999118474,0.2001595548507439,-0.0388270432788586,0.0348660538070369,0.0368465485429477,0.0736930970858955,rolling_conformal,-0.0490443373138304,0.0392936902116736,0.044169013762752,0.0883380275255041,rolling_conformal,-0.0624289761004565,0.0539528603295788,0.0581909182150176,0.1163818364300353,rolling_conformal,-0.0350485974247039,0.0331710171744259,0.0341098072995649,0.0682196145991299,rolling_conformal,-0.036688419948404,0.036037870742532,0.036363145345468,0.0727262906909361,rolling_conformal,-0.0436670215050279,0.0458728275415422,0.044769924523285,0.0895398490465701,rolling_conformal,-0.0508208826274954,0.0447865019360557,0.0478036922817756,0.0956073845635512,rolling_conformal,-0.051609517090288,0.0470390329794191,0.0493242750348536,0.0986485500697072,rolling_conformal,-0.051609517090288,0.0470390329794191,0.0493242750348536,0.0986485500697072,rolling_conformal
FOMC_0211,2013-07-31,UUP_ret,-0.0027,-0.0046315361805216,-0.0006191668951171,-0.000797018642578,0.0,1.0,-3.678545479849152e-05,-5.462640037575992e-05,0.0,1.0,-0.000230317907434,-0.0002072861166906,0.0,1.0,0.0005380492823301,-0.0007990031842603,0.0,1.0,0.0007859341653981,0.0011017158398825,1.0842021724855044e-19,0.9999999999999998,0.0007859341653981,0.0007073407488583,1.0842021724855044e-19,0.9999999999999998,0.9485643985680958,3.0,0.2900254016631634,-0.0009251760947168,0.003640711606266,0.2026296153147869,-0.0120599191063793,0.0104658818212232,0.0112629004638012,0.0225258009276025,recent_volatility_fallback,-0.011317526864177,0.0112082740634254,0.0112629004638012,0.0225258009276025,recent_volatility_fallback,-0.0114701865804919,0.0110556143471105,0.0112629004638012,0.0225258009276025,recent_volatility_fallback,-0.0120619036480615,0.0104638972795409,0.0112629004638012,0.0225258009276025,recent_volatility_fallback,-0.0101611846239187,0.0123646163036837,0.0112629004638012,0.0225258009276025,recent_volatility_fallback,-0.0158944366443229,0.0066313642832795,0.0112629004638012,0.0225258009276025,recent_volatility_fallback,-0.0105555597149429,0.0119702412126596,0.0112629004638012,0.0225258009276025,recent_volatility_fallback,-0.012188076558518,0.0103377243690844,0.0112629004638012,0.0225258009276025,recent_volatility_fallback,-0.012188076558518,0.0103377243690844,0.0112629004638012,0.0225258009276025,recent_volatility_fallback
FOMC_0209,2013-09-18,GLD_ret,0.0436,-0.0070183813597566,0.0015229130688473,-0.0024671191715327,0.0,1.0,0.0047559909115634,-0.0063896255522676,0.0,1.0,-0.0033892620055973,-0.0050815797659666,0.0,1.0,0.0062990078386538,0.0098831790390202,8.673617379884035e-19,0.9999999999999998,0.0031038189335931,0.0027934370402338,0.0,1.0,-0.0027619971364536,-0.0039457176677048,0.0,1.0,0.968917024876323,3.0,0.3,-0.0058410201303844,0.0063671001248606,0.4784541128134628,-0.0230930667585461,0.0181588284154805,0.0206259475870133,0.0412518951740267,recent_volatility_fallback,-0.027015573139281,0.0142363220347456,0.0206259475870133,0.0412518951740267,recent_volatility_fallback,-0.02570752735298,0.0155443678210466,0.0206259475870133,0.0412518951740267,recent_volatility_fallback,-0.010742768547993,0.0305091266260336,0.0206259475870133,0.0412518951740267,recent_volatility_fallback,-0.0178325105467795,0.0234193846272471,0.0206259475870133,0.0412518951740267,recent_volatility_fallback,-0.02764432894677,0.0136075662272566,0.0206259475870133,0.0412518951740267,recent_volatility_fallback,-0.0245716652547182,0.0166802299193085,0.0206259475870133,0.0412518951740267,recent_volatility_fallback,-0.0264669677173978,0.0147849274566288,0.0206259475870133,0.0412518951740267,recent_volatility_fallback,-0.0264669677173978,0.0147849274566288,0.0206259475870133,0.0412518951740267,recent_volatility_fallback
FOMC_0209,2013-09-18,QQQ_ret,0.0121,0.0018169777753271,0.001968122543527,0.0017713102891743,0.0,1.0,-0.002420598175664,-0.0035805528407339,0.0,1.0,0.0006477045303132,-0.0009792324996573,0.0,1.0,0.0015983591756664,0.0025245951300031,2.1684043449710093e-19,0.9999999999999998,0.0022983390425819,0.0032720873428005,0.0,1.0,0.0025955434924048,0.003848808658767,0.0,1.0,0.968917024876323,3.0,0.299050093304439,0.0040514868043693,0.0101929620817503,0.2844261643604655,-0.0426152359789271,0.0461578565572758,0.0443865462681015,0.088773092536203,rolling_conformal,-0.0473498080255006,0.0401887023440328,0.0437692551847667,0.0875385103695334,rolling_conformal,-0.04708589045694,0.0451274254576254,0.0461066579572827,0.0922133159145655,rolling_conformal,-0.0354163876026451,0.0404655778626513,0.0379409827326482,0.0758819654652964,rolling_conformal,-0.0414190866549368,0.0479632613405379,0.0446911739977374,0.0893823479954748,rolling_conformal,-0.0483824960726929,0.0520164516233473,0.0501994738480201,0.1003989476960403,rolling_conformal,-0.0593137024101406,0.0670113197276747,0.0631625110689077,0.1263250221378154,rolling_conformal,-0.0619817954652827,0.0700847690740215,0.0660332822696521,0.1320665645393042,rolling_conformal,-0.0619817954652827,0.0700847690740215,0.0660332822696521,0.1320665645393042,rolling_conformal
FOMC_0209,2013-09-18,SPY_ret,0.0116,0.000758927074672,-0.0007465755080787,0.0010201226124722,0.0,1.0,-0.003743638842143,-0.0047744345206017,0.0,1.0,0.001941321818046,-0.0026218028548262,0.0,1.0,0.0017961104718421,0.0027884615075348,0.0,1.0,0.000896595154202,0.0013919639768986,0.0,1.0,0.0080470230531943,0.01242545766835,0.0,1.0,0.968917024876323,3.0,0.25,0.0109351487729201,0.0091247643805196,0.545124659216107,-0.0358264259304755,0.0378666711554199,0.0368465485429477,0.0736930970858955,rolling_conformal,-0.0489434482833537,0.0393945792421503,0.044169013762752,0.0883380275255041,rolling_conformal,-0.0608127210698439,0.0555691153601913,0.0581909182150176,0.1163818364300353,rolling_conformal,-0.03132134579203,0.0368982688070998,0.0341098072995649,0.0682196145991299,rolling_conformal,-0.0349711813685693,0.0377551093223667,0.036363145345468,0.0727262906909361,rolling_conformal,-0.044010997448613,0.0455288515979571,0.044769924523285,0.0895398490465701,rolling_conformal,-0.0353782346134255,0.0602291499501257,0.0478036922817756,0.0956073845635512,rolling_conformal,-0.0383891262619334,0.0602594238077738,0.0493242750348536,0.0986485500697072,rolling_conformal,-0.0383891262619334,0.0602594238077738,0.0493242750348536,0.0986485500697072,rolling_conformal
FOMC_0209,2013-09-18,UUP_ret,-0.0114,0.0017184190274845,-0.0006883691917755,0.0009386920208576,0.0,1.0,-0.0025159370614153,-0.0037361665362017,0.0,1.0,-0.0022774671779654,-0.0033820387592786,0.0,1.0,-0.0017407506941327,-0.0025850147807872,2.1684043449710093e-19,0.9999999999999998,-0.0031198046703113,-0.0046329099354124,0.0,1.0,-0.0029492486404492,-0.0043796342310671,0.0,1.0,0.968917024876323,3.0,0.3238410765645446,-0.0026453175087568,0.0036343313002531,0.4212533816266157,-0.0102316220662127,0.0121090061079281,0.0111703140870704,0.0223406281741409,recent_volatility_fallback,-0.0149064806232722,0.0074341475508686,0.0111703140870704,0.0223406281741409,recent_volatility_fallback,-0.014552352846349,0.0077882753277918,0.0111703140870704,0.0223406281741409,recent_volatility_fallback,-0.0137553288678576,0.0085852993062832,0.0111703140870704,0.0223406281741409,recent_volatility_fallback,-0.0158032240224828,0.006537404151658,0.0111703140870704,0.0223406281741409,recent_volatility_fallback,-0.0094518950595858,0.012888733114555,0.0111703140870704,0.0223406281741409,recent_volatility_fallback,-0.0155499483181376,0.0067906798560032,0.0111703140870704,0.0223406281741409,recent_volatility_fallback,-0.0138156315958273,0.0085249965783136,0.0111703140870704,0.0223406281741409,recent_volatility_fallback,-0.0138156315958273,0.0085249965783136,0.0111703140870704,0.0223406281741409,recent_volatility_fallback
FOMC_0206,2013-10-30,GLD_ret,-0.0013,0.0176775900212836,0.0065721872826902,-0.0106095741978338,8.673617379884035e-19,0.9999999999999998,0.0022666775743695,-0.0030059293201,0.0,1.0,0.0015297635851622,-0.002182417526356,0.0,1.0,0.0015857441535504,-0.0025689055287517,0.0,1.0,0.0055101682466484,-0.008630271242715,0.0,1.0,0.0019598440836528,-0.0031749474155176,0.0,1.0,0.951866187605431,3.0,0.2949532983545095,0.0035706927366333,0.0069623761030268,0.3389989566192702,-0.0330899424521327,0.0118707940564649,0.0224803682542988,0.0449607365085977,recent_volatility_fallback,-0.0254862975743989,0.0194744389341988,0.0224803682542988,0.0449607365085977,recent_volatility_fallback,-0.0246627857806548,0.0202979507279428,0.0224803682542988,0.0449607365085977,recent_volatility_fallback,-0.0250492737830506,0.0199114627255471,0.0224803682542988,0.0449607365085977,recent_volatility_fallback,-0.0311106394970139,0.0138500970115837,0.0224803682542988,0.0449607365085977,recent_volatility_fallback,-0.0048027782330152,0.0401579582755825,0.0224803682542988,0.0449607365085977,recent_volatility_fallback,-0.0256553156698165,0.0193054208387812,0.0224803682542988,0.0449607365085977,recent_volatility_fallback,-0.0189096755176655,0.0260510609909322,0.0224803682542988,0.0449607365085977,recent_volatility_fallback,-0.0189096755176655,0.0260510609909322,0.0224803682542988,0.0449607365085977,recent_volatility_fallback
FOMC_0206,2013-10-30,QQQ_ret,-0.001,0.0049938321728552,0.0023751927058928,0.0036342705607432,0.0,1.0,0.0035953399097954,0.0032358059188159,0.0,1.0,0.0035857962230125,0.0032272166007112,0.0,1.0,0.0043152285234357,0.0072819481332978,0.0,1.0,0.0044311445390209,0.0073996704498692,0.0,1.0,0.006860060495195,0.0110529293213128,8.673617379884035e-19,0.9999999999999998,0.951866187605431,3.0,0.2951597907465034,0.0115806593435766,0.0100104197714181,0.5363633711063693,-0.0407522757073582,0.0480208168288448,0.0443865462681015,0.088773092536203,rolling_conformal,-0.0405334492659508,0.0470050611035826,0.0437692551847667,0.0875385103695334,rolling_conformal,-0.0428794413565715,0.049333874557994,0.0461066579572827,0.0922133159145655,rolling_conformal,-0.0306590345993503,0.045222930865946,0.0379409827326482,0.0758819654652964,rolling_conformal,-0.0372915035478681,0.0520908444476067,0.0446911739977374,0.0893823479954748,rolling_conformal,-0.0452056416751649,0.0551933060208754,0.0501994738480201,0.1003989476960403,rolling_conformal,-0.0521095817475948,0.0742154403902205,0.0631625110689077,0.1263250221378154,rolling_conformal,-0.0544526229260754,0.0776139416132287,0.0660332822696521,0.1320665645393042,rolling_conformal,-0.0544526229260754,0.0776139416132287,0.0660332822696521,0.1320665645393042,rolling_conformal
FOMC_0206,2013-10-30,SPY_ret,-0.005,0.0044096624747132,-0.0027795371571351,0.004066280532124,0.0,1.0,0.0015920129529513,0.0021668215784755,0.0,1.0,0.0054071153353552,0.0078670402534953,0.0,1.0,0.0036635225741109,0.0032971703166998,0.0,1.0,0.0042172341324664,0.0062009259599121,0.0,1.0,0.0059315854080801,0.0083675858964501,0.0,1.0,0.951866187605431,3.0,0.25,0.0084848207971683,0.0088558074166052,0.4893032593476804,-0.0327802680108237,0.0409128290750718,0.0368465485429477,0.0736930970858955,rolling_conformal,-0.0420021921842765,0.0463358353412276,0.044169013762752,0.0883380275255041,rolling_conformal,-0.0503238779615223,0.066057958468513,0.0581909182150176,0.1163818364300353,rolling_conformal,-0.0308126369828651,0.0374069776162647,0.0341098072995649,0.0682196145991299,rolling_conformal,-0.0301622193855559,0.0425640713053801,0.036363145345468,0.0727262906909361,rolling_conformal,-0.0403602620485718,0.0491795869979983,0.044769924523285,0.0895398490465701,rolling_conformal,-0.0394361063853254,0.0561712781782258,0.0478036922817756,0.0956073845635512,rolling_conformal,-0.0408394542376852,0.0578090958320219,0.0493242750348536,0.0986485500697072,rolling_conformal,-0.0408394542376852,0.0578090958320219,0.0493242750348536,0.0986485500697072,rolling_conformal
FOMC_0206,2013-10-30,UUP_ret,0.0019,-0.006557467411028,2.0196829656973034e-05,-2.999229204060496e-05,0.0,1.0,-0.0006020561158595,-0.0008940533320515,0.0,1.0,-0.0001311093352164,-0.0001946973627963,0.0,1.0,0.0002357328970328,0.0002121596073295,2.710505431213761e-20,0.9999999999999998,0.0004342602394304,-0.0006448764555542,0.0,1.0,0.0004695801279903,-0.0006973264900657,5.421010862427522e-20,0.9999999999999998,0.951866187605431,3.0,0.3122782511491169,-0.0027800531531863,0.0037036442863752,0.4287767730269952,-0.0113148826693514,0.0112548980852702,0.0112848903773108,0.0225697807546217,recent_volatility_fallback,-0.0121789437093623,0.0103908370452593,0.0112848903773108,0.0225697807546217,recent_volatility_fallback,-0.0114795877401072,0.0110901930145144,0.0112848903773108,0.0225697807546217,recent_volatility_fallback,-0.0110727307699812,0.0114970499846404,0.0112848903773108,0.0225697807546217,recent_volatility_fallback,-0.011929766832865,0.0106400139217566,0.0112848903773108,0.0225697807546217,recent_volatility_fallback,-0.0178423577883388,0.0047274229662828,0.0112848903773108,0.0225697807546217,recent_volatility_fallback,-0.0119822168673765,0.0105875638872451,0.0112848903773108,0.0225697807546217,recent_volatility_fallback,-0.0140649435304971,0.0085048372241245,0.0112848903773108,0.0225697807546217,recent_volatility_fallback,-0.0140649435304971,0.0085048372241245,0.0112848903773108,0.0225697807546217,recent_volatility_fallback
FOMC_0203,2013-12-18,GLD_ret,-0.0088,0.0067584620952209,-0.0036163274457622,-0.0053041286565027,4.336808689942019e-19,0.9999999999999998,0.0045745857079981,0.0074108288469569,0.0,1.0,0.0153764005938489,0.0239306403538028,0.0,1.0,-9.5457014948445e-05,-0.0001546403642164,0.0,1.0,-0.0039448253187796,-0.006390617016423,0.0,1.0,-0.000458164757421,-0.0007422269070221,0.0,1.0,0.9561670616009162,3.0,0.2770250384802363,0.001602782102943,0.0069461828366376,0.1874835420937187,-0.0277305573309236,0.0171223000179181,0.0224264286744209,0.0448528573488418,recent_volatility_fallback,-0.0150155998274639,0.0298372575213778,0.0224264286744209,0.0448528573488418,recent_volatility_fallback,0.0015042116793818,0.0463570690282237,0.0224264286744209,0.0448528573488418,recent_volatility_fallback,-0.0225810690386373,0.0222717883102044,0.0224264286744209,0.0448528573488418,recent_volatility_fallback,-0.0288170456908439,0.0160358116579978,0.0224264286744209,0.0448528573488418,recent_volatility_fallback,-0.0156679665792,0.0291848907696418,0.0224264286744209,0.0448528573488418,recent_volatility_fallback,-0.023168655581443,0.0216842017673987,0.0224264286744209,0.0448528573488418,recent_volatility_fallback,-0.0208236465714778,0.0240292107773639,0.0224264286744209,0.0448528573488418,recent_volatility_fallback,-0.0208236465714778,0.0240292107773639,0.0224264286744209,0.0448528573488418,recent_volatility_fallback
FOMC_0203,2013-12-18,QQQ_ret,0.0117,0.0032551327160737,0.0023505471480849,0.0021154924332764,0.0,1.0,0.0024308532128398,0.0034039549025743,0.0,1.0,-0.0009193630999648,-0.0013984030545505,0.0,1.0,0.001744846677219,0.0015703620094971,2.1684043449710093e-19,0.9999999999999998,0.0046281263935656,0.004165313754209,0.0,1.0,-0.0008633324241319,-0.0012118466620706,0.0,1.0,0.9561670616009162,3.0,0.2883937181257038,9.550266197905397e-05,0.0097729025882794,0.0096786221046536,-0.042271053834825,0.0465020387013779,0.0443865462681015,0.088773092536203,rolling_conformal,-0.0403653002821924,0.047173210087341,0.0437692551847667,0.0875385103695334,rolling_conformal,-0.0475050610118333,0.0447082549027321,0.0461066579572827,0.0922133159145655,rolling_conformal,-0.036370620723151,0.0395113447421453,0.0379409827326482,0.0758819654652964,rolling_conformal,-0.0405258602435283,0.0488564877519464,0.0446911739977374,0.0893823479954748,rolling_conformal,-0.0469443411319464,0.0534546065640939,0.0501994738480201,0.1003989476960403,rolling_conformal,-0.0643743577309783,0.061950664406837,0.0631625110689077,0.1263250221378154,rolling_conformal,-0.065937779607673,0.0661287849316311,0.0660332822696521,0.1320665645393042,rolling_conformal,-0.065937779607673,0.0661287849316311,0.0660332822696521,0.1320665645393042,rolling_conformal
FOMC_0203,2013-12-18,SPY_ret,0.0171,0.0032564154864411,0.0047227711538385,0.0042504940384546,0.0,1.0,0.002521364520734,0.003224914512263,0.0,1.0,0.0028056628941935,-0.0035745455048692,0.0,1.0,-0.000789909310301,-0.0012263342042423,1.0842021724855044e-19,0.9999999999999998,0.0007031687867872,-0.0009617924236885,0.0,1.0,0.0021178373803258,-0.0032879425329558,0.0,1.0,0.9561670616009162,3.0,0.25,-0.0018996309823225,0.0088197666635801,0.1772151078747977,-0.0325960545044931,0.0410970425814024,0.0368465485429477,0.0736930970858955,rolling_conformal,-0.0409440992504889,0.0473939282750151,0.044169013762752,0.0883380275255041,rolling_conformal,-0.0617654637198869,0.0546163727101484,0.0581909182150176,0.1163818364300353,rolling_conformal,-0.0353361415038072,0.0328834730953226,0.0341098072995649,0.0682196145991299,rolling_conformal,-0.0373249377691566,0.0354013529217795,0.036363145345468,0.0727262906909361,rolling_conformal,-0.0415135090368439,0.0480263400097262,0.044769924523285,0.0895398490465701,rolling_conformal,-0.0510916348147314,0.0445157497488197,0.0478036922817756,0.0956073845635512,rolling_conformal,-0.0512239060171762,0.047424644052531,0.0493242750348536,0.0986485500697072,rolling_conformal,-0.0512239060171762,0.047424644052531,0.0493242750348536,0.0986485500697072,rolling_conformal
FOMC_0203,2013-12-18,UUP_ret,0.0042,-0.0024199589218554,-0.00118913490416,0.001584857795296,0.0,1.0,-0.0031712765458818,-0.0047093456706345,0.0,1.0,-0.0035212628083762,-0.0052290752704387,4.336808689942019e-19,0.9999999999999998,-0.0001579817344329,-0.0002346028756329,0.0,1.0,-0.0019790539100714,-0.0029388950564561,0.0,1.0,-0.0021319891117024,-0.003166003830878,0.0,1.0,0.9561670616009162,3.0,0.2809744288544337,-0.0032520227175322,0.0037045006411121,0.4674789223128213,-0.0096263262942142,0.0127960418848063,0.0112111840895103,0.0224223681790206,recent_volatility_fallback,-0.0159205297601448,0.0065018384188757,0.0112111840895103,0.0224223681790206,recent_volatility_fallback,-0.016440259359949,0.0059821088190715,0.0112111840895103,0.0224223681790206,recent_volatility_fallback,-0.0114457869651432,0.0109765812138773,0.0112111840895103,0.0224223681790206,recent_volatility_fallback,-0.0141500791459664,0.0082722890330541,0.0112111840895103,0.0224223681790206,recent_volatility_fallback,-0.0136311430113657,0.0087912251676548,0.0112111840895103,0.0224223681790206,recent_volatility_fallback,-0.0143771879203883,0.0080451802586322,0.0112111840895103,0.0224223681790206,recent_volatility_fallback,-0.0144632068070425,0.007959161371978,0.0112111840895103,0.0224223681790206,recent_volatility_fallback,-0.0144632068070425,0.007959161371978,0.0112111840895103,0.0224223681790206,recent_volatility_fallback
FOMC_0201,2014-01-29,GLD_ret,0.0126,-0.0033960518476642,0.0027759010733999,-0.003988526931485,0.0,1.0,0.0017332819983374,-0.0026278102968087,0.0,1.0,-0.0035394517208816,-0.0057339117878283,0.0,1.0,0.0030346912931136,0.0044990686460174,0.0,1.0,0.0063147165238221,0.0094451834889003,0.0,1.0,0.0035729968704644,-0.0057882549301524,0.0,1.0,0.9618315158407926,3.0,0.3,-0.0060847128064871,0.0069527836152148,0.4667090937235247,-0.0264686957812858,0.0184916419183157,0.0224801688498008,0.0449603376996016,recent_volatility_fallback,-0.0251079791466095,0.019852358552992,0.0224801688498008,0.0449603376996016,recent_volatility_fallback,-0.0282140806376291,0.0167462570619724,0.0224801688498008,0.0449603376996016,recent_volatility_fallback,-0.0179811002037833,0.0269792374958183,0.0224801688498008,0.0449603376996016,recent_volatility_fallback,-0.0130349853609005,0.0319253523387011,0.0224801688498008,0.0449603376996016,recent_volatility_fallback,-0.025876220697465,0.0190841170021365,0.0224801688498008,0.0449603376996016,recent_volatility_fallback,-0.0282684237799532,0.0166919139196483,0.0224801688498008,0.0449603376996016,recent_volatility_fallback,-0.028564881656288,0.0163954560433136,0.0224801688498008,0.0449603376996016,recent_volatility_fallback,-0.028564881656288,0.0163954560433136,0.0224801688498008,0.0449603376996016,recent_volatility_fallback
FOMC_0201,2014-01-29,QQQ_ret,-0.0108,0.0037143824648251,0.0025144442486643,0.0038486220849593,0.0,1.0,0.0029816425506883,0.0046545094177425,0.0,1.0,0.0033817607671282,0.0030435846904154,4.336808689942019e-19,0.9999999999999998,0.0025255350032077,-0.0035639133474382,0.0,1.0,0.0020990935716224,-0.0029587875802136,0.0,1.0,0.0015516819336565,-0.0021692615625155,0.0,1.0,0.9618315158407926,3.0,0.3349855076647097,-0.0002479076013729,0.0097703494819786,0.0247465553982857,-0.0405379241831421,0.0482351683530609,0.0443865462681015,0.088773092536203,rolling_conformal,-0.0391147457670241,0.0484237646025093,0.0437692551847667,0.0875385103695334,rolling_conformal,-0.0430630732668673,0.0491502426476981,0.0461066579572827,0.0922133159145655,rolling_conformal,-0.0415048960800864,0.03437706938521,0.0379409827326482,0.0758819654652964,rolling_conformal,-0.047649961577951,0.0417323864175237,0.0446911739977374,0.0893823479954748,rolling_conformal,-0.046485091383195,0.0539138563128453,0.0501994738480201,0.1003989476960403,rolling_conformal,-0.0653317726314232,0.0609932495063921,0.0631625110689077,0.1263250221378154,rolling_conformal,-0.0662811898710251,0.0657853746682791,0.0660332822696521,0.1320665645393042,rolling_conformal,-0.0662811898710251,0.0657853746682791,0.0660332822696521,0.1320665645393042,rolling_conformal
FOMC_0201,2014-01-29,SPY_ret,-0.0096,0.003088178412771,0.0013118610172029,0.0016807442011343,0.0,1.0,0.0024242416770814,0.0031481287927879,0.0,1.0,-0.0031792782793805,-0.0047615756608202,4.336808689942019e-19,0.9999999999999998,-0.0006421393289231,-0.000913979163309,0.0,1.0,7.25480974666067e-05,-0.0001022698094328,0.0,1.0,-0.0030820838239438,-0.0047849351366727,0.0,1.0,0.9618315158407926,3.0,0.25,-0.0032391552617085,0.0088143898824592,0.2687311106944143,-0.0351658043418134,0.0385272927440821,0.0368465485429477,0.0736930970858955,rolling_conformal,-0.0410208849699641,0.0473171425555399,0.044169013762752,0.0883380275255041,rolling_conformal,-0.0629524938758379,0.0534293425541974,0.0581909182150176,0.1163818364300353,rolling_conformal,-0.0350237864628739,0.0331958281362559,0.0341098072995649,0.0682196145991299,rolling_conformal,-0.0364654151549009,0.0362608755360351,0.036363145345468,0.0727262906909361,rolling_conformal,-0.041681746110514,0.0478581029360561,0.044769924523285,0.0895398490465701,rolling_conformal,-0.0525886274184484,0.0430187571451028,0.0478036922817756,0.0956073845635512,rolling_conformal,-0.0525634302965622,0.046085119773145,0.0493242750348536,0.0986485500697072,rolling_conformal,-0.0525634302965622,0.046085119773145,0.0493242750348536,0.0986485500697072,rolling_conformal
FOMC_0201,2014-01-29,UUP_ret,0.0,0.0016606653752003,0.0002874100039984,0.0002586690035985,0.0,1.0,-5.2720725768876966e-05,7.361121260743179e-05,0.0,1.0,-0.0001007425646574,0.0001496027085163,0.0,1.0,-0.0017754902539521,-0.0015979412285569,0.0,1.0,-0.0014267610877551,-0.0012840849789795,0.0,1.0,-0.0014881275794691,-0.0021379882632296,0.0,1.0,0.9618315158407926,3.0,0.2959710424736782,-0.0011150664644538,0.003709563451405,0.2311211787616502,-0.011006496646907,0.0115238346541042,0.0112651656505056,0.0225303313010113,recent_volatility_fallback,-0.0111915544378982,0.0113387768631131,0.0112651656505056,0.0225303313010113,recent_volatility_fallback,-0.0111155629419893,0.0114147683590219,0.0112651656505056,0.0225303313010113,recent_volatility_fallback,-0.0128631068790625,0.0096672244219487,0.0112651656505056,0.0225303313010113,recent_volatility_fallback,-0.0125492506294852,0.009981080671526,0.0112651656505056,0.0225303313010113,recent_volatility_fallback,-0.0096045002753053,0.012925831025706,0.0112651656505056,0.0225303313010113,recent_volatility_fallback,-0.0134031539137353,0.009127177387276,0.0112651656505056,0.0225303313010113,recent_volatility_fallback,-0.0123802321149594,0.0101500991860518,0.0112651656505056,0.0225303313010113,recent_volatility_fallback,-0.0123802321149594,0.0101500991860518,0.0112651656505056,0.0225303313010113,recent_volatility_fallback
FOMC_0198,2014-03-19,GLD_ret,-0.0194,0.0073725312456349,0.0048968274141445,0.0079328604109141,0.0,1.0,0.0107508814575053,0.0174164279611587,0.0,1.0,0.0094932128513476,0.0085438915662129,0.0,1.0,0.0007145118208117,-0.0011575091497149,0.0,1.0,0.0057857881029873,-0.0093729767268394,0.0,1.0,0.0020860076625681,-0.0033793324133603,0.0,1.0,0.9263969594256052,3.0,0.2299907928468452,-0.0010878033190162,0.0069965883829192,0.1345570592757381,-0.0381342587606186,0.0539999795824469,0.0460671191715327,0.0921342383430655,rolling_conformal,-0.0325731975911089,0.0674060535134263,0.0499896255522676,0.0999792511045353,rolling_conformal,-0.0401376881997537,0.0572254713321795,0.0486815797659666,0.0973631595319333,rolling_conformal,-0.0444655698224663,0.0421505515230363,0.0433080606727513,0.0866161213455026,rolling_conformal,-0.0501795396866056,0.0314335862329266,0.0408065629597661,0.0816131259195323,rolling_conformal,-0.0432458501141217,0.0579909126053916,0.0506183813597566,0.1012367627195133,rolling_conformal,-0.0509250500810651,0.0441663852543445,0.0475457176677048,0.0950914353354097,rolling_conformal,-0.0505288234494006,0.0483532168113682,0.0494410201303844,0.0988820402607689,rolling_conformal,-0.0505288234494006,0.0483532168113682,0.0494410201303844,0.0988820402607689,rolling_conformal
FOMC_0198,2014-03-19,QQQ_ret,-0.0054,0.0068321517939642,0.0021825844522883,0.0019643260070594,0.0,1.0,0.0026573353091861,0.0036385339505711,0.0,1.0,0.0028891136040256,0.0026002022436231,0.0,1.0,0.0023093841391304,-0.0031428463452874,0.0,1.0,0.0016027456612884,-0.0023535132633018,0.0,1.0,0.0012692212764471,0.0011422991488023,0.0,1.0,0.9263969594256052,3.0,0.2545478031212722,0.0032382982996401,0.0096809330128867,0.2506577763587537,-0.042422220261042,0.0463508722751609,0.0443865462681015,0.088773092536203,rolling_conformal,-0.0401307212341956,0.0474077891353378,0.0437692551847667,0.0875385103695334,rolling_conformal,-0.0435064557136596,0.0487068602009058,0.0461066579572827,0.0922133159145655,rolling_conformal,-0.0410838290779356,0.0347981363873607,0.0379409827326482,0.0758819654652964,rolling_conformal,-0.0470446872610392,0.0423376607344355,0.0446911739977374,0.0893823479954748,rolling_conformal,-0.0433673220540559,0.0570316256419844,0.0501994738480201,0.1003989476960403,rolling_conformal,-0.0620202119201053,0.06430481021771,0.0631625110689077,0.1263250221378154,rolling_conformal,-0.0627949839700119,0.0692715805692922,0.0660332822696521,0.1320665645393042,rolling_conformal,-0.0627949839700119,0.0692715805692922,0.0660332822696521,0.1320665645393042,rolling_conformal
FOMC_0198,2014-03-19,SPY_ret,-0.0053,0.0074200462857272,-0.0038160149645586,-0.0056479993451495,0.0,1.0,-0.0005287037347178,-0.0006972472722244,0.0,1.0,0.0012490958661348,0.0017498247180959,0.0,1.0,0.0017256969208256,-0.0025245389162945,0.0,1.0,0.002036817023502,0.0018331353211518,0.0,1.0,0.0029236818527244,0.002631313667452,0.0,1.0,0.9263969594256052,3.0,0.2476552483997986,0.0043898586985838,0.0087797734025429,0.3333324220107912,-0.0424945478880973,0.0311985491977982,0.0368465485429477,0.0736930970858955,rolling_conformal,-0.0448662610349764,0.0434717664905276,0.044169013762752,0.0883380275255041,rolling_conformal,-0.0564410934969217,0.0599407429331136,0.0581909182150176,0.1163818364300353,rolling_conformal,-0.0366343462158594,0.0315852683832704,0.0341098072995649,0.0682196145991299,rolling_conformal,-0.0345300100243161,0.0381962806666199,0.036363145345468,0.0727262906909361,rolling_conformal,-0.0373498782375578,0.0521899708090123,0.044769924523285,0.0895398490465701,rolling_conformal,-0.0451723786143236,0.0504350059492276,0.0478036922817756,0.0956073845635512,rolling_conformal,-0.0449344163362697,0.0537141337334375,0.0493242750348536,0.0986485500697072,rolling_conformal,-0.0449344163362697,0.0537141337334375,0.0493242750348536,0.0986485500697072,rolling_conformal
FOMC_0198,2014-03-19,UUP_ret,0.0075,-0.002422953628175,0.0002684869158307,-0.0003987030700086,0.0,1.0,-0.0024449123939112,-0.0036306949049581,0.0,1.0,-0.0024547242184231,-0.0036452654643583,0.0,1.0,0.0005931221016347,-0.0008807863209275,0.0,1.0,-0.001547599137101,-0.0019627806642256,0.0,1.0,-0.0014171084172063,0.0021044059995514,0.0,1.0,0.9263969594256052,3.0,0.2342778606651434,0.0011481204586565,0.0037078290143964,0.2364374054247778,-0.0116553419863696,0.0108579358463523,0.011256638916361,0.022513277832722,recent_volatility_fallback,-0.0148873338213191,0.0076259440114028,0.011256638916361,0.022513277832722,recent_volatility_fallback,-0.0149019043807193,0.0076113734520026,0.011256638916361,0.022513277832722,recent_volatility_fallback,-0.0121374252372885,0.0103758525954334,0.011256638916361,0.022513277832722,recent_volatility_fallback,-0.0132194195805866,0.0092938582521353,0.011256638916361,0.022513277832722,recent_volatility_fallback,-0.013679592544536,0.0088336852881859,0.011256638916361,0.022513277832722,recent_volatility_fallback,-0.0091522329168095,0.0133610449159124,0.011256638916361,0.022513277832722,recent_volatility_fallback,-0.0101085184577045,0.0124047593750175,0.011256638916361,0.022513277832722,recent_volatility_fallback,-0.0101085184577045,0.0124047593750175,0.011256638916361,0.022513277832722,recent_volatility_fallback
FOMC_0196,2014-04-30,GLD_ret,-0.0051,-0.0103382849508266,0.0027959446653716,-0.0045294303579021,0.0,1.0,0.0015866956344907,-0.0025704469278749,2.1684043449710093e-19,0.9999999999999998,0.0015827635768332,-0.0025640769944698,0.0,1.0,0.0153375900761197,0.0244425219868242,0.0,1.0,0.0183294436273457,0.0244425219868242,0.0,1.0,0.01363342875074,0.0219506180779013,0.0,1.0,0.9612513280679992,3.0,0.3,0.0147167366031395,0.0068644390885199,0.6819248401549675,-0.0505965495294349,0.0415376888136306,0.0460671191715327,0.0921342383430655,rolling_conformal,-0.0525600724801426,0.0474191786243927,0.0499896255522676,0.0999792511045353,rolling_conformal,-0.0512456567604365,0.0461175027714968,0.0486815797659666,0.0973631595319333,rolling_conformal,-0.018865538685927,0.0677505826595755,0.0433080606727513,0.0866161213455026,rolling_conformal,-0.0163640409729418,0.0652490849465904,0.0408065629597661,0.0816131259195323,rolling_conformal,-0.0609566663105833,0.04028009640893,0.0506183813597566,0.1012367627195133,rolling_conformal,-0.0255950995898034,0.0694963357456062,0.0475457176677048,0.0950914353354097,rolling_conformal,-0.0347242835272449,0.064157756733524,0.0494410201303844,0.0988820402607689,rolling_conformal,-0.0347242835272449,0.064157756733524,0.0494410201303844,0.0988820402607689,rolling_conformal
FOMC_0196,2014-04-30,QQQ_ret,0.0026,0.0016942693841352,0.0020217399901794,0.0018195659911614,0.0,1.0,0.0024176874500432,0.0021759187050388,0.0,1.0,0.0029131409770553,0.0040960121101051,0.0,1.0,0.0021629999675571,0.0032008923767674,0.0,1.0,0.0013138568015989,0.001182471121439,0.0,1.0,0.0016106521269221,0.0023848344423018,0.0,1.0,0.9612513280679992,3.0,0.2841511140806688,0.0027357620145982,0.0093120601372628,0.227075873909454,-0.0398720648510257,0.0435111968333486,0.0416916308421872,0.0833832616843744,rolling_conformal,-0.0383841711694284,0.0427360085795061,0.0405600898744672,0.0811201797489345,rolling_conformal,-0.0414469708124541,0.0496389950326644,0.0455429829225592,0.0910859658451185,rolling_conformal,-0.0343901346851648,0.0407919194386997,0.0375910270619323,0.0751820541238646,rolling_conformal,-0.0393080021152021,0.0416729443580802,0.0404904732366411,0.0809809464732823,rolling_conformal,-0.0298846692160819,0.0332732079843524,0.0315789386002171,0.0631578772004343,rolling_conformal,-0.0450025101612048,0.0497721790458085,0.0473873446035067,0.0947746892070134,rolling_conformal,-0.0450103866372058,0.0504819106664024,0.0477461486518041,0.0954922973036083,rolling_conformal,-0.0450103866372058,0.0504819106664024,0.0477461486518041,0.0954922973036083,rolling_conformal
FOMC_0196,2014-04-30,SPY_ret,0.003,0.0023353511827823,-0.0035970874250959,0.0047471041793793,0.0,1.0,-0.0029749774124655,0.0038358548408532,0.0,1.0,-0.0007204742019331,-0.001016207197044,0.0,1.0,0.0011530706115969,0.0017901421245042,0.0,1.0,0.0009667968580922,0.0015009521221882,0.0,1.0,0.0047912466953308,0.0070849288479276,0.0,1.0,0.9612513280679992,3.0,0.25,0.0067821645963874,0.0084257859574048,0.4459621375527746,-0.0293706709598681,0.0388648793186267,0.0341177751392474,0.0682355502784949,rolling_conformal,-0.0320369044994652,0.0397086141811717,0.0358727593403185,0.071745518680637,rolling_conformal,-0.0532075966960725,0.0511751823019845,0.0521913894990285,0.104382778998057,rolling_conformal,-0.0305259618596404,0.0341062461086489,0.0323161039841446,0.0646322079682893,rolling_conformal,-0.032621928815288,0.0356238330596646,0.0341228809374763,0.0682457618749527,rolling_conformal,-0.0373112799448771,0.0419819823104418,0.0396466311276594,0.0792932622553189,rolling_conformal,-0.0340308151689237,0.0482006728647789,0.0411157440168513,0.0822314880337027,rolling_conformal,-0.0342049797705832,0.0477693089633582,0.0409871443669707,0.0819742887339415,rolling_conformal,-0.0342049797705832,0.0477693089633582,0.0409871443669707,0.0819742887339415,rolling_conformal
FOMC_0196,2014-04-30,UUP_ret,-0.0028,0.004689490583684,0.0005232798529246,-0.0007559947925918,0.0,1.0,0.0007356319764091,-0.0010924134849675,0.0,1.0,0.0004632363326232,0.0006879059539454,0.0,1.0,-0.0015621245762319,-0.0023197549957045,0.0,1.0,-0.0012868178328995,-0.0019109244818558,0.0,1.0,-0.0013870986456947,-0.0020598414888567,0.0,1.0,0.9612513280679992,3.0,0.3325257960833738,0.0002029340847555,0.0036464591043915,0.0527209218633433,-0.0121575259482452,0.0106455363630614,0.0114015311556533,0.0228030623113066,recent_volatility_fallback,-0.0124939446406208,0.0103091176706857,0.0114015311556533,0.0228030623113066,recent_volatility_fallback,-0.0107136252017078,0.0120894371095987,0.0114015311556533,0.0228030623113066,recent_volatility_fallback,-0.0137212861513578,0.0090817761599488,0.0114015311556533,0.0228030623113066,recent_volatility_fallback,-0.0133124556375091,0.0094906066737974,0.0114015311556533,0.0228030623113066,recent_volatility_fallback,-0.0067120405719692,0.0160910217393373,0.0114015311556533,0.0228030623113066,recent_volatility_fallback,-0.01346137264451,0.0093416896667965,0.0114015311556533,0.0228030623113066,recent_volatility_fallback,-0.0111985970708977,0.0116044652404088,0.0114015311556533,0.0228030623113066,recent_volatility_fallback,-0.0111985970708977,0.0116044652404088,0.0114015311556533,0.0228030623113066,recent_volatility_fallback
FOMC_0194,2014-06-18,GLD_ret,0.0032,-0.0028247457249671,-0.000945168041809,-0.0015311722277305,1.0842021724855044e-19,0.9999999999999998,-0.0063688064642831,-0.0084913041539664,0.0,1.0,-0.00313010982812,0.0050707779215545,4.336808689942019e-19,0.9999999999999998,0.0037385681775419,0.0050911270296236,4.336808689942019e-19,0.9999999999999998,-0.0066629709233661,0.0100599382813252,8.673617379884035e-19,0.9999999999999998,0.000178258298243,0.0002887784431537,0.0,1.0,0.9418145629551372,3.0,0.2514111120432503,-0.0005927953563924,0.0068519358578433,0.079627395947481,-0.0475982913992633,0.0445359469438021,0.0460671191715327,0.0921342383430655,rolling_conformal,-0.0584809297062341,0.0414983213983012,0.0499896255522676,0.0999792511045353,rolling_conformal,-0.0436108018444121,0.0537523576875212,0.0486815797659666,0.0973631595319333,rolling_conformal,-0.0382169336431276,0.0483991877023749,0.0433080606727513,0.0866161213455026,rolling_conformal,-0.0307466246784408,0.0508665012410914,0.0408065629597661,0.0816131259195323,rolling_conformal,-0.0534431270847238,0.0477936356347895,0.0506183813597566,0.1012367627195133,rolling_conformal,-0.0472569392245511,0.0478344961108585,0.0475457176677048,0.0950914353354097,rolling_conformal,-0.0500338154867769,0.0488482247739919,0.0494410201303844,0.0988820402607689,rolling_conformal,-0.0500338154867769,0.0488482247739919,0.0494410201303844,0.0988820402607689,rolling_conformal
FOMC_0194,2014-06-18,QQQ_ret,0.0056,-0.008863857823244,0.002206963570893,0.0032096921102001,0.0,1.0,0.0024172596824925,0.0035391771821735,0.0,1.0,0.0018955208126985,-0.002769990725745,0.0,1.0,0.0080807205078219,0.0133408807984764,0.0,1.0,0.0110598366114161,0.0170140185407885,0.0,1.0,0.0049049579354022,0.0068902795795971,0.0,1.0,0.9418145629551372,3.0,0.3058512429037692,0.0025898213425767,0.0092655758590602,0.2184514878762758,-0.038481938731987,0.0449013229523873,0.0416916308421872,0.0833832616843744,rolling_conformal,-0.0370209126922937,0.0440992670566408,0.0405600898744672,0.0811201797489345,rolling_conformal,-0.0483129736483043,0.0427729921968142,0.0455429829225592,0.0910859658451185,rolling_conformal,-0.0242501462634559,0.0509319078604087,0.0375910270619323,0.0751820541238646,rolling_conformal,-0.0234764546958526,0.0575044917774297,0.0404904732366411,0.0809809464732823,rolling_conformal,-0.0404427964234612,0.0227150807769731,0.0315789386002171,0.0631578772004343,rolling_conformal,-0.0404970650239095,0.0542776241831038,0.0473873446035067,0.0947746892070134,rolling_conformal,-0.0451563273092274,0.0503359699943808,0.0477461486518041,0.0954922973036083,rolling_conformal,-0.0451563273092274,0.0503359699943808,0.0477461486518041,0.0954922973036083,rolling_conformal
FOMC_0194,2014-06-18,SPY_ret,0.0073,-0.0085642290009759,-0.0016991395250593,0.0024433012961654,0.0,1.0,-0.0007720735810487,0.0011192279415229,0.0,1.0,-0.0042756893825593,-0.0054912229333344,0.0,1.0,0.0090410083639577,0.0140361654850444,0.0,1.0,0.0069014788236098,0.0107145458736542,8.673617379884035e-19,0.9999999999999998,0.0018600716895341,0.0016740645205807,0.0,1.0,0.9418145629551372,3.0,0.25,-0.0010183351887796,0.0083932053471841,0.108201638496052,-0.031674473843082,0.0365610764354128,0.0341177751392474,0.0682355502784949,rolling_conformal,-0.0347535313987955,0.0369919872818414,0.0358727593403185,0.071745518680637,rolling_conformal,-0.0576826124323629,0.046700166565694,0.0521913894990285,0.104382778998057,rolling_conformal,-0.0182799384991002,0.0463522694691891,0.0323161039841446,0.0646322079682893,rolling_conformal,-0.023408335063822,0.0448374268111306,0.0341228809374763,0.0682457618749527,rolling_conformal,-0.0482108601286353,0.0310824021266835,0.0396466311276594,0.0792932622553189,rolling_conformal,-0.0394416794962706,0.0427898085374321,0.0411157440168513,0.0822314880337027,rolling_conformal,-0.0420054795557504,0.039968809178191,0.0409871443669707,0.0819742887339415,rolling_conformal,-0.0420054795557504,0.039968809178191,0.0409871443669707,0.0819742887339415,rolling_conformal
FOMC_0194,2014-06-18,UUP_ret,-0.0032,0.0050290835655557,0.0002192701949669,-0.0003256162395259,0.0,1.0,-7.118616302607257e-05,-0.0001057114520937,0.0,1.0,-0.0003165572766215,-0.0004700875557829,0.0,1.0,-0.0015135167881946,-0.0020531969401813,0.0,1.0,-0.0018383027607234,-0.0027252199168662,2.1684043449710093e-19,0.9999999999999998,-0.0019300147042147,-0.0028660718357588,0.0,1.0,0.9418145629551372,3.0,0.2879820035447141,-0.0006516500814905,0.0036247753033808,0.1523839419615453,-0.0117009532531416,0.0110497207740896,0.0113753370136156,0.0227506740272312,recent_volatility_fallback,-0.0114810484657093,0.0112696255615218,0.0113753370136156,0.0227506740272312,recent_volatility_fallback,-0.0118454245693985,0.0109052494578326,0.0113753370136156,0.0227506740272312,recent_volatility_fallback,-0.0134285339537969,0.0093221400734342,0.0113753370136156,0.0227506740272312,recent_volatility_fallback,-0.0141005569304819,0.0086501170967493,0.0113753370136156,0.0227506740272312,recent_volatility_fallback,-0.0063462534480598,0.0164044205791713,0.0113753370136156,0.0227506740272312,recent_volatility_fallback,-0.0142414088493744,0.0085092651778567,0.0113753370136156,0.0227506740272312,recent_volatility_fallback,-0.0120269870951061,0.010723686932125,0.0113753370136156,0.0227506740272312,recent_volatility_fallback,-0.0120269870951061,0.010723686932125,0.0113753370136156,0.0227506740272312,recent_volatility_fallback
FOMC_0192,2014-07-30,GLD_ret,-0.003,-0.0009146585679635,0.0070544255175954,-0.0097610239237071,0.0,1.0,0.0013579868276448,0.001786083774101,0.0,1.0,0.0005751484921378,0.0009317405572633,0.0,1.0,0.0046552081090808,0.007541437136711,0.0,1.0,0.0038969624672616,0.0062118333801121,4.336808689942019e-19,0.9999999999999998,0.0003640348005428,0.0005897363768794,0.0,1.0,0.8778467697223243,3.0,0.1392569393089951,0.0004562867296184,0.0068525236956905,0.0624309673881691,-0.0558281430952398,0.0363060952478256,0.0460671191715327,0.0921342383430655,rolling_conformal,-0.0482035417781666,0.0517757093263687,0.0499896255522676,0.0999792511045353,rolling_conformal,-0.0477498392087033,0.0496133203232299,0.0486815797659666,0.0973631595319333,rolling_conformal,-0.0357666235360402,0.0508494978094623,0.0433080606727513,0.0866161213455026,rolling_conformal,-0.034594729579654,0.0470183963398783,0.0408065629597661,0.0816131259195323,rolling_conformal,-0.0515330399277202,0.0497037227917931,0.0506183813597566,0.1012367627195133,rolling_conformal,-0.0469559812908253,0.0481354540445843,0.0475457176677048,0.0950914353354097,rolling_conformal,-0.048984733400766,0.0498973068600029,0.0494410201303844,0.0988820402607689,rolling_conformal,-0.048984733400766,0.0498973068600029,0.0494410201303844,0.0988820402607689,rolling_conformal
FOMC_0192,2014-07-30,QQQ_ret,0.0039,0.0031236587853241,0.0021544427517742,0.0034771285316976,0.0,1.0,0.0024887659242645,0.0037561080947301,0.0,1.0,0.0030367250543611,0.004623233455515,0.0,1.0,0.0047176591553256,0.006639512424628,0.0,1.0,0.0019723227382594,0.0017750904644335,0.0,1.0,0.0088541041059987,0.0134752272593113,0.0,1.0,0.8778467697223243,3.0,0.1706380061920577,0.014636070317437,0.0092322979263019,0.6131996136468238,-0.0382145023104895,0.0451687593738849,0.0416916308421872,0.0833832616843744,rolling_conformal,-0.0368039817797371,0.0443161979691974,0.0405600898744672,0.0811201797489345,rolling_conformal,-0.0409197494670442,0.0501662163780743,0.0455429829225592,0.0910859658451185,rolling_conformal,-0.0309515146373042,0.0442305394865604,0.0375910270619323,0.0751820541238646,rolling_conformal,-0.0387153827722076,0.0422655637010747,0.0404904732366411,0.0809809464732823,rolling_conformal,-0.028455279814893,0.0347025973855413,0.0315789386002171,0.0631578772004343,rolling_conformal,-0.0339121173441953,0.060862571862818,0.0473873446035067,0.0947746892070134,rolling_conformal,-0.0331100783343671,0.0623822189692411,0.0477461486518041,0.0954922973036083,rolling_conformal,-0.0331100783343671,0.0623822189692411,0.0477461486518041,0.0954922973036083,rolling_conformal
FOMC_0192,2014-07-30,SPY_ret,0.0002,0.0015716761173417,-0.0011963631112579,0.001857353730228,0.0,1.0,0.0023594471866595,0.0036399186165884,0.0,1.0,0.0005143054279458,0.0007122124738294,0.0,1.0,0.0122493494185101,0.0186641097458838,0.0,1.0,0.0095013018123789,0.0147507710637183,0.0,1.0,0.0020499294288926,0.0027215651253539,0.0,1.0,0.8778467697223243,3.0,0.1447262024326713,0.002938417964406,0.0083950297200188,0.2592702109299093,-0.0322604214090194,0.0359751288694754,0.0341177751392474,0.0682355502784949,rolling_conformal,-0.03223284072373,0.0395126779569069,0.0358727593403185,0.071745518680637,rolling_conformal,-0.0514791770251991,0.0529036019728579,0.0521913894990285,0.104382778998057,rolling_conformal,-0.0136519942382608,0.0509802137300284,0.0323161039841446,0.0646322079682893,rolling_conformal,-0.019372109873758,0.0488736520011946,0.0341228809374763,0.0682457618749527,rolling_conformal,-0.0380749550103177,0.0412183072450011,0.0396466311276594,0.0792932622553189,rolling_conformal,-0.0383941788914974,0.0438373091422053,0.0411157440168513,0.0822314880337027,rolling_conformal,-0.0380487264025647,0.0439255623313768,0.0409871443669707,0.0819742887339415,rolling_conformal,-0.0380487264025647,0.0439255623313768,0.0409871443669707,0.0819742887339415,rolling_conformal
FOMC_0192,2014-07-30,UUP_ret,0.0023,0.0018753822893328,-0.0013716608412233,-0.0020369163492166,0.0,1.0,-0.0006855081973225,0.0009697952908267,0.0,1.0,-0.000881898443264,0.0012673887834868,0.0,1.0,-0.0020394053208413,-0.0030285169014493,0.0,1.0,-0.001997743984553,-0.0029666498170612,0.0,1.0,-0.0021006423474404,-0.0031194538859491,0.0,1.0,0.8778467697223243,3.0,0.1523458779645226,-0.0025943623018905,0.0036183427145586,0.4175907465611225,-0.0134122796340626,0.0093384469356293,0.0113753632848459,0.0227507265696919,recent_volatility_fallback,-0.0104055679940192,0.0123451585756727,0.0113753632848459,0.0227507265696919,recent_volatility_fallback,-0.0101079745013591,0.0126427520683328,0.0113753632848459,0.0227507265696919,recent_volatility_fallback,-0.0144038801862953,0.0083468463833966,0.0113753632848459,0.0227507265696919,recent_volatility_fallback,-0.0143420131019072,0.0084087134677846,0.0113753632848459,0.0227507265696919,recent_volatility_fallback,-0.0094999809955131,0.0132507455741788,0.0113753632848459,0.0227507265696919,recent_volatility_fallback,-0.0144948171707951,0.0082559093988968,0.0113753632848459,0.0227507265696919,recent_volatility_fallback,-0.0139697255867365,0.0087810009829554,0.0113753632848459,0.0227507265696919,recent_volatility_fallback,-0.0139697255867365,0.0087810009829554,0.0113753632848459,0.0227507265696919,recent_volatility_fallback
FOMC_0191,2014-09-17,GLD_ret,-0.0109,0.0034748482815289,0.0035883061152402,0.0032294755037162,0.0,1.0,0.0045098400121523,0.0060418358174278,0.0,1.0,0.0010794295926587,0.0017486759401072,0.0,1.0,0.0022269027466983,-0.0035957625401243,0.0,1.0,0.0049597031737227,-0.0066875768377799,0.0,1.0,-0.0019874026907535,-0.0032195923590207,0.0,1.0,0.9637518273303676,3.0,0.3,-0.0014535122002269,0.0067029489032813,0.1782047875584084,-0.0428376436678165,0.049296594675249,0.0460671191715327,0.0921342383430655,rolling_conformal,-0.0439477897348398,0.0560314613696955,0.0499896255522676,0.0999792511045353,rolling_conformal,-0.0469329038258594,0.0504302557060738,0.0486815797659666,0.0973631595319333,rolling_conformal,-0.0469038232128756,0.0397122981326269,0.0433080606727513,0.0866161213455026,rolling_conformal,-0.0474941397975461,0.0341189861219861,0.0408065629597661,0.0816131259195323,rolling_conformal,-0.0471435330782277,0.0540932296412856,0.0506183813597566,0.1012367627195133,rolling_conformal,-0.0507653100267255,0.0443261253086841,0.0475457176677048,0.0950914353354097,rolling_conformal,-0.0508945323306114,0.0479875079301574,0.0494410201303844,0.0988820402607689,rolling_conformal,-0.0508945323306114,0.0479875079301574,0.0494410201303844,0.0988820402607689,rolling_conformal
FOMC_0191,2014-09-17,QQQ_ret,0.0015,-0.000751039551691,0.0021787142825402,0.0035455169956943,0.0,1.0,0.0025153779712605,0.0039043244630222,0.0,1.0,0.001659142235651,0.0024455066307932,0.0,1.0,0.0014773682953828,0.0013296314658445,0.0,1.0,0.0013770345041914,0.0012393310537722,0.0,1.0,0.001263225435734,0.0011369028921606,0.0,1.0,0.9637518273303676,3.0,0.2791604407607945,0.0007623300592549,0.0091454067159421,0.0769438376406043,-0.0381461138464928,0.0452371478378816,0.0416916308421872,0.0833832616843744,rolling_conformal,-0.036655765411445,0.0444644143374895,0.0405600898744672,0.0811201797489345,rolling_conformal,-0.043097476291766,0.0479884895533525,0.0455429829225592,0.0910859658451185,rolling_conformal,-0.0362613955960877,0.0389206585277769,0.0375910270619323,0.0751820541238646,rolling_conformal,-0.0392511421828689,0.0417298042904134,0.0404904732366411,0.0809809464732823,rolling_conformal,-0.0323299781519082,0.0308278990485261,0.0315789386002171,0.0631578772004343,rolling_conformal,-0.046250441711346,0.0485242474956673,0.0473873446035067,0.0947746892070134,rolling_conformal,-0.0469838185925491,0.0485084787110591,0.0477461486518041,0.0954922973036083,rolling_conformal,-0.0469838185925491,0.0485084787110591,0.0477461486518041,0.0954922973036083,rolling_conformal
FOMC_0191,2014-09-17,SPY_ret,0.0013,0.0003494045541921,-0.0023283329963694,0.0036147369768634,0.0,1.0,0.000932646271482,0.0014479333364758,1.0842021724855044e-19,0.9999999999999998,-0.0002484459297107,0.0003857123058759,0.0,1.0,-0.003447559577572,-0.0031028036198148,0.0,1.0,-0.0007001188686013,0.0008914610190348,0.0,1.0,-0.0016510325279849,0.0025632279996966,0.0,1.0,0.9637518273303676,3.0,0.25,0.0023112379590686,0.0083429670981012,0.2169327300666064,-0.0305030381623839,0.0377325121161109,0.0341177751392474,0.0682355502784949,rolling_conformal,-0.0344248260038426,0.0373206926767943,0.0358727593403185,0.071745518680637,rolling_conformal,-0.0518056771931525,0.0525771018049045,0.0521913894990285,0.104382778998057,rolling_conformal,-0.0354189076039595,0.0292133003643298,0.0323161039841446,0.0646322079682893,rolling_conformal,-0.0332314199184415,0.0350143419565111,0.0341228809374763,0.0682457618749527,rolling_conformal,-0.0392972265734673,0.0399960356818515,0.0396466311276594,0.0792932622553189,rolling_conformal,-0.0385525160171547,0.043678972016548,0.0411157440168513,0.0822314880337027,rolling_conformal,-0.0386759064079021,0.0432983823260393,0.0409871443669707,0.0819742887339415,rolling_conformal,-0.0386759064079021,0.0432983823260393,0.0409871443669707,0.0819742887339415,rolling_conformal
FOMC_0191,2014-09-17,UUP_ret,0.0063,-0.0020230339704045,-0.0012444071989055,-0.0017625786065101,0.0,1.0,-0.001288913429675,-0.0019140364430674,0.0,1.0,-0.0014883127794636,-0.0022101444775035,0.0,1.0,-0.000151243839689,-0.0001361194557201,0.0,1.0,-0.0001097727203516,-0.0001600010578218,0.0,1.0,-0.0002346124049844,0.0003137053122116,2.710505431213761e-20,0.9999999999999998,0.9637518273303676,3.0,0.3284133681652645,-0.0004990822167281,0.0034166095767588,0.1274591996658829,-0.0131568011300329,0.0096316439170127,0.0113942225235228,0.0227884450470457,recent_volatility_fallback,-0.0133082589665903,0.0094801860804553,0.0113942225235228,0.0227884450470457,recent_volatility_fallback,-0.0136043670010264,0.0091840780460192,0.0113942225235228,0.0227884450470457,recent_volatility_fallback,-0.0115303419792429,0.0112581030678027,0.0113942225235228,0.0227884450470457,recent_volatility_fallback,-0.0115542235813447,0.0112342214657009,0.0113942225235228,0.0227884450470457,recent_volatility_fallback,-0.0134172564939274,0.0093711885531182,0.0113942225235228,0.0227884450470457,recent_volatility_fallback,-0.0110805172113112,0.0117079278357344,0.0113942225235228,0.0227884450470457,recent_volatility_fallback,-0.0118933047402509,0.0108951403067947,0.0113942225235228,0.0227884450470457,recent_volatility_fallback,-0.0118933047402509,0.0108951403067947,0.0113942225235228,0.0227884450470457,recent_volatility_fallback
FOMC_0188,2014-10-29,GLD_ret,-0.0143,-0.0032115028802978,-0.0019119249330725,-0.0025342882568548,2.1684043449710093e-19,0.9999999999999998,0.0006007909606723,-0.0009732813562891,0.0,1.0,0.0009708520565428,0.0015727803315994,1.0842021724855044e-19,0.9999999999999998,-0.0023030277521675,-0.0032859464494048,0.0,1.0,0.0002193711851205,0.0003327140204185,0.0,1.0,0.0039903714205287,0.0064644017012565,0.0,1.0,0.9390619679779534,3.0,0.2654944511540285,0.0046746032699496,0.0067117765159456,0.410543935158468,-0.0486014074283876,0.0435328309146779,0.0460671191715327,0.0921342383430655,rolling_conformal,-0.0509629069085568,0.0490163441959785,0.0499896255522676,0.0999792511045353,rolling_conformal,-0.0471087994343672,0.050254360097566,0.0486815797659666,0.0973631595319333,rolling_conformal,-0.0465940071221561,0.0400221142233464,0.0433080606727513,0.0866161213455026,rolling_conformal,-0.0404738489393476,0.0411392769801846,0.0408065629597661,0.0816131259195323,rolling_conformal,-0.0538298842400545,0.0474068784794588,0.0506183813597566,0.1012367627195133,rolling_conformal,-0.0410813159664482,0.0540101193689614,0.0475457176677048,0.0950914353354097,rolling_conformal,-0.0447664168604348,0.0541156234003341,0.0494410201303844,0.0988820402607689,rolling_conformal,-0.0447664168604348,0.0541156234003341,0.0494410201303844,0.0988820402607689,rolling_conformal
FOMC_0188,2014-10-29,QQQ_ret,-0.0037,0.0054717565443562,0.0026243184504986,0.0023618866054488,0.0,1.0,0.0024967098422157,0.0038469038818661,0.0,1.0,0.0015968336126862,0.0024949769268509,0.0,1.0,0.0015959620186814,-0.00224147672573,0.0,1.0,0.0015679521211595,-0.0023432487083999,0.0,1.0,0.0012069144132285,-0.0016426528435747,0.0,1.0,0.9390619679779534,3.0,0.264273671388207,0.0002968728064155,0.0091452247648704,0.031442430005609,-0.0393297442367384,0.044053517447636,0.0416916308421872,0.0833832616843744,rolling_conformal,-0.0367131859926011,0.0444069937563334,0.0405600898744672,0.0811201797489345,rolling_conformal,-0.0430480059957083,0.0480379598494102,0.0455429829225592,0.0910859658451185,rolling_conformal,-0.0398325037876624,0.0353495503362022,0.0375910270619323,0.0751820541238646,rolling_conformal,-0.0428337219450411,0.0381472245282411,0.0404904732366411,0.0809809464732823,rolling_conformal,-0.0261071820558609,0.0370506951445734,0.0315789386002171,0.0631578772004343,rolling_conformal,-0.0490299974470814,0.0457446917599319,0.0473873446035067,0.0947746892070134,rolling_conformal,-0.0474492758453885,0.0480430214582197,0.0477461486518041,0.0954922973036083,rolling_conformal,-0.0474492758453885,0.0480430214582197,0.0477461486518041,0.0954922973036083,rolling_conformal
FOMC_0188,2014-10-29,SPY_ret,-0.0015,0.0029835846138455,0.0014222988703227,0.0012800689832904,0.0,1.0,0.0014418369943161,0.0012976532948845,0.0,1.0,-0.0003208258773168,0.0004521559305845,0.0,1.0,-0.000597653119824,-0.0005378878078416,0.0,1.0,-0.0006901459789574,-0.0006211313810616,0.0,1.0,0.0005240078683252,0.0008028131570664,0.0,1.0,0.9390619679779534,3.0,0.2466267471454345,0.0015417471868774,0.0082997171036126,0.1566591692839402,-0.0328377061559569,0.0353978441225379,0.0341177751392474,0.0682355502784949,rolling_conformal,-0.0345751060454339,0.037170412635203,0.0358727593403185,0.071745518680637,rolling_conformal,-0.0517392335684439,0.0526435454296131,0.0521913894990285,0.104382778998057,rolling_conformal,-0.0328539917919863,0.031778216176303,0.0323161039841446,0.0646322079682893,rolling_conformal,-0.034744012318538,0.0335017495564146,0.0341228809374763,0.0682457618749527,rolling_conformal,-0.0366630465138138,0.042630215741505,0.0396466311276594,0.0792932622553189,rolling_conformal,-0.0403129308597849,0.0419185571739178,0.0411157440168513,0.0822314880337027,rolling_conformal,-0.0394453971800933,0.0425288915538482,0.0409871443669707,0.0819742887339415,rolling_conformal,-0.0394453971800933,0.0425288915538482,0.0409871443669707,0.0819742887339415,rolling_conformal
FOMC_0188,2014-10-29,UUP_ret,0.0075,0.0035217750749499,-0.0002050284949188,0.0003044673149545,2.710505431213761e-20,0.9999999999999998,0.0004850307846508,0.0006491365069263,0.0,1.0,-0.0004506721577113,0.0006692481542013,0.0,1.0,-0.0013602442542772,-0.0019201549415369,0.0,1.0,-0.0010820559107893,-0.0016068530275221,0.0,1.0,-0.0013601821665555,-0.0020198705173349,0.0,1.0,0.9390619679779534,3.0,0.2570095168785804,-0.0006551763470444,0.0032715936483616,0.1668507906760618,-0.0111862839680942,0.0117952185980034,0.0114907512830488,0.0229815025660977,recent_volatility_fallback,-0.0108416147761225,0.0121398877899751,0.0114907512830488,0.0229815025660977,recent_volatility_fallback,-0.0108215031288475,0.0121599994372501,0.0114907512830488,0.0229815025660977,recent_volatility_fallback,-0.0134109062245857,0.0095705963415119,0.0114907512830488,0.0229815025660977,recent_volatility_fallback,-0.013097604310571,0.0098838982555266,0.0114907512830488,0.0229815025660977,recent_volatility_fallback,-0.0079689762080988,0.0150125263579988,0.0114907512830488,0.0229815025660977,recent_volatility_fallback,-0.0135106218003838,0.0094708807657139,0.0114907512830488,0.0229815025660977,recent_volatility_fallback,-0.0121459276300932,0.0108355749360044,0.0114907512830488,0.0229815025660977,recent_volatility_fallback,-0.0121459276300932,0.0108355749360044,0.0114907512830488,0.0229815025660977,recent_volatility_fallback
FOMC_0186,2014-12-17,GLD_ret,-0.0059,-0.0057544224703377,-0.0101231312276182,-0.01544059102738,0.0,1.0,-0.0083233351153787,-0.0124135142843423,0.0,1.0,-0.0056091740499757,-0.0050482566449781,0.0,1.0,-0.0086060167427627,-0.0124022284153796,0.0,1.0,-0.0050077062151069,-0.0081124840684732,0.0,1.0,-0.0058193937918007,-0.0081010940144354,0.0,1.0,0.9601598129239868,3.0,0.3,-0.0088765110614473,0.0063430494243699,0.5832307205856531,-0.0615077101989128,0.0306265281441527,0.0460671191715327,0.0921342383430655,rolling_conformal,-0.06240313983661,0.0375761112679253,0.0499896255522676,0.0999792511045353,rolling_conformal,-0.0537298364109448,0.0436333231209884,0.0486815797659666,0.0973631595319333,rolling_conformal,-0.0557102890881309,0.0309058322573716,0.0433080606727513,0.0866161213455026,rolling_conformal,-0.0489190470282394,0.0326940788912928,0.0408065629597661,0.0816131259195323,rolling_conformal,-0.0563728038300944,0.0448639588894189,0.0506183813597566,0.1012367627195133,rolling_conformal,-0.0556468116821403,0.0394446236532693,0.0475457176677048,0.0950914353354097,rolling_conformal,-0.0583175311918318,0.0405645090689371,0.0494410201303844,0.0988820402607689,rolling_conformal,-0.0583175311918318,0.0405645090689371,0.0494410201303844,0.0988820402607689,rolling_conformal
FOMC_0186,2014-12-17,QQQ_ret,0.0182,-0.0020667143603816,0.0026783620282828,0.0024105258254545,0.0,1.0,0.0009234291592596,0.0013109032190262,1.0842021724855044e-19,0.9999999999999998,0.0014159217566393,0.0022997577076909,0.0,1.0,0.0018155415555756,0.0025462567539064,2.1684043449710093e-19,0.9999999999999998,0.0012361490263565,0.0011125341237209,0.0,1.0,0.0008829211834942,0.0013735755845352,0.0,1.0,0.9601598129239868,3.0,0.3010412981077748,0.0004223827920629,0.0077789928011279,0.0515026134624879,-0.0392811050167326,0.0441021566676418,0.0416916308421872,0.0833832616843744,rolling_conformal,-0.039249186655441,0.0418709930934935,0.0405600898744672,0.0811201797489345,rolling_conformal,-0.0432432252148683,0.0478427406302502,0.0455429829225592,0.0910859658451185,rolling_conformal,-0.0350447703080259,0.0401372838158387,0.0375910270619323,0.0751820541238646,rolling_conformal,-0.0393779391129202,0.041603007360362,0.0404904732366411,0.0809809464732823,rolling_conformal,-0.0336456529605988,0.0295122242398355,0.0315789386002171,0.0631578772004343,rolling_conformal,-0.0460137690189714,0.0487609201880419,0.0473873446035067,0.0947746892070134,rolling_conformal,-0.0473237658597412,0.048168531443867,0.0477461486518041,0.0954922973036083,rolling_conformal,-0.0473237658597412,0.048168531443867,0.0477461486518041,0.0954922973036083,rolling_conformal
FOMC_0186,2014-12-17,SPY_ret,0.0196,-0.0045427279935317,-0.0009713403781397,-0.001508005937062,1.0842021724855044e-19,0.9999999999999998,0.0005253366634585,-0.0008155851700194,0.0,1.0,0.0023410217282,-0.0032295497351279,0.0,1.0,0.0005351947909722,0.0008308899129844,0.0,1.0,-0.000244001809334,0.0003552168920245,0.0,1.0,0.0020165256964468,0.0031306561437337,0.0,1.0,0.9601598129239868,3.0,0.25,0.0013941566258299,0.00754104694323,0.1560305878594278,-0.0356257810763094,0.0326097692021854,0.0341177751392474,0.0682355502784949,rolling_conformal,-0.0366883445103379,0.035057174170299,0.0358727593403185,0.071745518680637,rolling_conformal,-0.0554209392341564,0.0489618397639005,0.0521913894990285,0.104382778998057,rolling_conformal,-0.0314852140711602,0.0331469938971291,0.0323161039841446,0.0646322079682893,rolling_conformal,-0.0337676640454517,0.0344780978295009,0.0341228809374763,0.0682457618749527,rolling_conformal,-0.0441893591211912,0.0351039031341277,0.0396466311276594,0.0792932622553189,rolling_conformal,-0.0379850878731176,0.0442464001605851,0.0411157440168513,0.0822314880337027,rolling_conformal,-0.0395929877411408,0.0423813009928007,0.0409871443669707,0.0819742887339415,rolling_conformal,-0.0395929877411408,0.0423813009928007,0.0409871443669707,0.0819742887339415,rolling_conformal
FOMC_0186,2014-12-17,UUP_ret,0.0124,0.0016031498924198,0.0016081404718058,0.0023880886006317,2.1684043449710093e-19,0.9999999999999998,0.0019006025852565,0.0028223948391059,0.0,1.0,0.000886817211357,0.0013169235588652,1.0842021724855044e-19,0.9999999999999998,-0.0004423266342316,-0.0003980939708085,5.421010862427522e-20,0.9999999999999998,0.0002683861943839,-0.000338080032779,0.0,1.0,4.951666406079333e-05,-7.104254863161398e-05,0.0,1.0,0.9601598129239868,3.0,0.2815957759881845,0.0004404432680558,0.0033089055592446,0.1174742904970094,-0.0092123980058286,0.013988575207092,0.0116004866064603,0.0232009732129207,recent_volatility_fallback,-0.0087780917673544,0.0144228814455663,0.0116004866064603,0.0232009732129207,recent_volatility_fallback,-0.0102835630475951,0.0129174101653256,0.0116004866064603,0.0232009732129207,recent_volatility_fallback,-0.0119985805772689,0.0112023926356518,0.0116004866064603,0.0232009732129207,recent_volatility_fallback,-0.0119385666392393,0.0112624065736813,0.0116004866064603,0.0232009732129207,recent_volatility_fallback,-0.0099973367140404,0.0132036364988802,0.0116004866064603,0.0232009732129207,recent_volatility_fallback,-0.0116715291550919,0.0115294440578287,0.0116004866064603,0.0232009732129207,recent_volatility_fallback,-0.0111600433384045,0.0120409298745161,0.0116004866064603,0.0232009732129207,recent_volatility_fallback,-0.0111600433384045,0.0120409298745161,0.0116004866064603,0.0232009732129207,recent_volatility_fallback
FOMC_0184,2015-01-28,GLD_ret,-0.0079,-0.0059311527304838,-0.0089308022611327,-0.014467899663035,0.0,1.0,-0.0098625420769188,-0.0159773181646084,0.0,1.0,-0.0043000763921601,-0.0069661237552994,0.0,1.0,-0.0056776342889382,-0.0091977675480798,0.0,1.0,-0.0052565442237123,-0.008515601642414,0.0,1.0,-0.0032768252840326,-0.0053084569601328,0.0,1.0,0.9617943863860776,3.0,0.3,-0.0065943188294857,0.0063560592350921,0.5091993225687722,-0.0605350188345677,0.0315992195084977,0.0460671191715327,0.0921342383430655,rolling_conformal,-0.0659669437168761,0.0340123073876592,0.0499896255522676,0.0999792511045353,rolling_conformal,-0.0556477035212661,0.0417154560106672,0.0486815797659666,0.0973631595319333,rolling_conformal,-0.0525058282208311,0.0341102931246714,0.0433080606727513,0.0866161213455026,rolling_conformal,-0.0493221646021802,0.0322909613173521,0.0408065629597661,0.0816131259195323,rolling_conformal,-0.0565495340902405,0.0446872286292728,0.0506183813597566,0.1012367627195133,rolling_conformal,-0.0528541746278377,0.0422372607075719,0.0475457176677048,0.0950914353354097,rolling_conformal,-0.0560353389598702,0.0428467013008986,0.0494410201303844,0.0988820402607689,rolling_conformal,-0.0560353389598702,0.0428467013008986,0.0494410201303844,0.0988820402607689,rolling_conformal
FOMC_0184,2015-01-28,QQQ_ret,-0.0051,0.0066800526190197,0.0027920802766962,0.0038943558928431,0.0,1.0,0.0023525176143705,0.0033930774427937,0.0,1.0,0.0006463406937025,0.0005817066243322,0.0,1.0,0.0026650624600857,-0.0038573338782995,0.0,1.0,0.0021285946395151,-0.0030326891168316,0.0,1.0,-0.0007030601855283,-0.0006327541669754,0.0,1.0,0.9617943863860776,3.0,0.3086834674282263,0.0020307354854477,0.0078037672953516,0.2064917226415629,-0.037797274949344,0.0455859867350303,0.0416916308421872,0.0833832616843744,rolling_conformal,-0.0371670124316735,0.0439531673172609,0.0405600898744672,0.0811201797489345,rolling_conformal,-0.044961276298227,0.0461246895468915,0.0455429829225592,0.0910859658451185,rolling_conformal,-0.0414483609402319,0.0337336931836327,0.0375910270619323,0.0751820541238646,rolling_conformal,-0.0435231623534728,0.0374577841198095,0.0404904732366411,0.0809809464732823,rolling_conformal,-0.0248988859811974,0.0382589912192369,0.0315789386002171,0.0631578772004343,rolling_conformal,-0.0480200987704821,0.0467545904365312,0.0473873446035067,0.0947746892070134,rolling_conformal,-0.0457154131663564,0.0497768841372519,0.0477461486518041,0.0954922973036083,rolling_conformal,-0.0457154131663564,0.0497768841372519,0.0477461486518041,0.0954922973036083,rolling_conformal
FOMC_0184,2015-01-28,SPY_ret,-0.0128,0.0089025445344296,-6.84518055776221e-05,-6.16066250198599e-05,0.0,1.0,-0.0015758945503127,-0.002394910485942,0.0,1.0,-0.0038637702888464,-0.0055809826312443,0.0,1.0,0.0012301571680635,-0.0016807665086948,0.0,1.0,0.000364568670601,-0.0005659928611081,0.0,1.0,-0.0050758576503367,-0.0070340223601812,0.0,1.0,0.9617943863860776,3.0,0.25,-0.0035073627320077,0.0075560674957281,0.3170236978561908,-0.0341793817642673,0.0340561685142275,0.0341177751392474,0.0682355502784949,rolling_conformal,-0.0382676698262605,0.0334778488543764,0.0358727593403185,0.071745518680637,rolling_conformal,-0.0577723721302729,0.0466104068677841,0.0521913894990285,0.104382778998057,rolling_conformal,-0.0339968704928395,0.0306353374754497,0.0323161039841446,0.0646322079682893,rolling_conformal,-0.0346888737985845,0.0335568880763681,0.0341228809374763,0.0682457618749527,rolling_conformal,-0.0307440865932297,0.0485491756620891,0.0396466311276594,0.0792932622553189,rolling_conformal,-0.0481497663770326,0.0340817216566701,0.0411157440168513,0.0822314880337027,rolling_conformal,-0.0444945070989785,0.0374797816349629,0.0409871443669707,0.0819742887339415,rolling_conformal,-0.0444945070989785,0.0374797816349629,0.0409871443669707,0.0819742887339415,rolling_conformal
FOMC_0184,2015-01-28,UUP_ret,0.006,0.0085640304968172,0.0020721004989579,0.0030770692409526,0.0,1.0,0.0020675915108456,0.0030703733936057,0.0,1.0,0.0020619439388417,0.0030619867491799,0.0,1.0,0.0004078518158054,-0.000605659946471,0.0,1.0,0.0012628636989501,0.0018753525929409,0.0,1.0,0.0012628636989501,0.0011365773290551,0.0,1.0,0.9617943863860776,3.0,0.3405932803185116,0.0040329497646628,0.0032670665741609,0.5524582484332036,-0.0088447406522175,0.0149988791341227,0.0119218098931701,0.0238436197863402,recent_volatility_fallback,-0.0088514364995643,0.0149921832867759,0.0119218098931701,0.0238436197863402,recent_volatility_fallback,-0.0088598231439901,0.01498379664235,0.0119218098931701,0.0238436197863402,recent_volatility_fallback,-0.0125274698396411,0.011316149946699,0.0119218098931701,0.0238436197863402,recent_volatility_fallback,-0.0100464573002291,0.013797162486111,0.0119218098931701,0.0238436197863402,recent_volatility_fallback,-0.0033577793963528,0.0204858403899873,0.0119218098931701,0.0238436197863402,recent_volatility_fallback,-0.0107852325641149,0.0130583872222252,0.0119218098931701,0.0238436197863402,recent_volatility_fallback,-0.0078888601285072,0.015954759657833,0.0119218098931701,0.0238436197863402,recent_volatility_fallback,-0.0078888601285072,0.015954759657833,0.0119218098931701,0.0238436197863402,recent_volatility_fallback
FOMC_0183,2015-03-18,GLD_ret,0.0196,0.0058021810270377,-0.003160294577757,-0.0051196772159663,0.0,1.0,-0.0035227696329633,-0.0057068868054006,0.0,1.0,-0.0044519371165875,-0.0072121381288717,0.0,1.0,-0.0077447558931426,-0.012546504546891,8.673617379884035e-19,0.9999999999999998,-0.0024198592048251,-0.0039201719118166,0.0,1.0,-0.0046211499053054,-0.0074862628465948,0.0,1.0,0.9423665578988752,3.0,0.2972118204997062,-0.0042441363015652,0.0061779868080144,0.4072243423627146,-0.0511867963874991,0.0409474419555663,0.0460671191715327,0.0921342383430655,rolling_conformal,-0.0556965123576683,0.044282738746867,0.0499896255522676,0.0999792511045353,rolling_conformal,-0.0558937178948384,0.0414694416370948,0.0486815797659666,0.0973631595319333,rolling_conformal,-0.0558545652196423,0.0307615561258602,0.0433080606727513,0.0866161213455026,rolling_conformal,-0.0447267348715828,0.0368863910479494,0.0408065629597661,0.0816131259195323,rolling_conformal,-0.0448162003327189,0.0564205623867943,0.0506183813597566,0.1012367627195133,rolling_conformal,-0.0550319805142997,0.0400594548211099,0.0475457176677048,0.0950914353354097,rolling_conformal,-0.0536851564319497,0.0451968838288192,0.0494410201303844,0.0988820402607689,rolling_conformal,-0.0536851564319497,0.0451968838288192,0.0494410201303844,0.0988820402607689,rolling_conformal
FOMC_0183,2015-03-18,QQQ_ret,0.0098,-0.0104576084923772,0.0028144978964563,0.0025330481068107,0.0,1.0,0.0017842726480799,0.002507762004376,0.0,1.0,0.0003096338585015,0.0002786704726513,0.0,1.0,0.0274839204495227,0.0318693157240977,0.0,1.0,0.0256313946606011,0.0318693157240977,3.469446951953614e-18,0.9999999999999998,0.0243222705608655,0.0318693157240977,0.0,1.0,0.9423665578988752,3.0,0.2837111609099532,0.0248258686461175,0.0072407790326732,0.7741960167722016,-0.0391585827353764,0.0442246789489979,0.0416916308421872,0.0833832616843744,rolling_conformal,-0.0380523278700912,0.0430678518788433,0.0405600898744672,0.0811201797489345,rolling_conformal,-0.0452643124499079,0.0458216533952106,0.0455429829225592,0.0910859658451185,rolling_conformal,-0.0057217113378346,0.06946034278603,0.0375910270619323,0.0751820541238646,rolling_conformal,-0.0086211575125434,0.0723597889607389,0.0404904732366411,0.0809809464732823,rolling_conformal,-0.0420365470925944,0.0211213301078399,0.0315789386002171,0.0631578772004343,rolling_conformal,-0.0155180288794089,0.0792566603276044,0.0473873446035067,0.0947746892070134,rolling_conformal,-0.0229202800056866,0.0725720172979216,0.0477461486518041,0.0954922973036083,rolling_conformal,-0.0229202800056866,0.0725720172979216,0.0477461486518041,0.0954922973036083,rolling_conformal
FOMC_0183,2015-03-18,SPY_ret,0.012,-0.0036352210285343,0.000279209201324,0.0004334722850555,0.0,1.0,0.0016844144455713,0.0023142681823218,2.1684043449710093e-19,0.9999999999999998,-0.0016028165301718,0.0020109522151134,0.0,1.0,0.0006587439996676,0.0010227000594841,0.0,1.0,0.0019017150862241,0.0029524126713629,2.1684043449710093e-19,0.9999999999999998,0.0028666427577946,0.0044504628814761,0.0,1.0,0.9423665578988752,3.0,0.25,0.0027933981895695,0.0070570906895122,0.2835803773859157,-0.0336843028541918,0.034551247424303,0.0341177751392474,0.0682355502784949,rolling_conformal,-0.0335584911579966,0.0381870275226403,0.0358727593403185,0.071745518680637,rolling_conformal,-0.050180437283915,0.054202341714142,0.0521913894990285,0.104382778998057,rolling_conformal,-0.0312934039246605,0.0333388040436287,0.0323161039841446,0.0646322079682893,rolling_conformal,-0.0311704682661133,0.0370752936088393,0.0341228809374763,0.0682457618749527,rolling_conformal,-0.0432818521561938,0.0360114100991251,0.0396466311276594,0.0792932622553189,rolling_conformal,-0.0366652811353752,0.0455662068983275,0.0411157440168513,0.0822314880337027,rolling_conformal,-0.0381937461774012,0.0437805425565403,0.0409871443669707,0.0819742887339415,rolling_conformal,-0.0381937461774012,0.0437805425565403,0.0409871443669707,0.0819742887339415,rolling_conformal
FOMC_0183,2015-03-18,UUP_ret,-0.0198,-0.0043933930448318,0.0016280703322814,0.002417684443438,0.0,1.0,-0.0005537964112239,0.0008223876706675,0.0,1.0,-0.0005537964112239,0.0008223876706675,0.0,1.0,0.0009172748910362,0.0013621532131887,0.0,1.0,-0.0008902330083908,0.0013219960174603,1.0842021724855044e-19,0.9999999999999998,-0.0008902330083908,0.0013219960174603,1.0842021724855044e-19,0.9999999999999998,0.9423665578988752,3.0,0.2830377115521884,-0.0003252420856973,0.0028381904446319,0.102815866758776,-0.0095743715958276,0.0144097404827037,0.0119920560392656,0.0239841120785313,recent_volatility_fallback,-0.0111696683685981,0.0128144437099332,0.0119920560392656,0.0239841120785313,recent_volatility_fallback,-0.0111696683685981,0.0128144437099332,0.0119920560392656,0.0239841120785313,recent_volatility_fallback,-0.0106299028260769,0.0133542092524544,0.0119920560392656,0.0239841120785313,recent_volatility_fallback,-0.0106700600218053,0.013314052056726,0.0119920560392656,0.0239841120785313,recent_volatility_fallback,-0.0163854490840975,0.0075986629944338,0.0119920560392656,0.0239841120785313,recent_volatility_fallback,-0.0106700600218053,0.013314052056726,0.0119920560392656,0.0239841120785313,recent_volatility_fallback,-0.012317298124963,0.0116668139535683,0.0119920560392656,0.0239841120785313,recent_volatility_fallback,-0.012317298124963,0.0116668139535683,0.0119920560392656,0.0239841120785313,recent_volatility_fallback
FOMC_0180,2015-04-29,GLD_ret,-0.007,0.0040380783596344,0.0020262628258474,-0.0032825457778729,0.0,1.0,-0.0033711483816245,-0.0054612603782317,4.336808689942019e-19,0.9999999999999998,-0.0003876208563771,-0.0006083056349626,0.0,1.0,0.0007445057803723,-0.0011673028078094,0.0,1.0,-0.0057902207112618,-0.0093801575522442,0.0,1.0,-0.0031058244979618,-0.0050314356866981,0.0,1.0,0.8980948563524698,3.0,0.1801988201494851,-0.0040765439474638,0.0062854415914874,0.3934139840284484,-0.0421968955500882,0.0356318039943424,0.0389143497722153,0.0778286995444307,rolling_conformal,-0.0422776883393904,0.0313551675829269,0.0368164279611587,0.0736328559223174,rolling_conformal,-0.0345609424877988,0.0333443312178735,0.0339526368528362,0.0679052737056724,rolling_conformal,-0.0408219052801051,0.0384872996644862,0.0396546024722957,0.0793092049445914,rolling_conformal,-0.0473263923937,0.0285660772892115,0.0379462348414558,0.0758924696829116,rolling_conformal,-0.0292933326429925,0.0373694893622615,0.033331411002627,0.066662822005254,rolling_conformal,-0.0395893150221325,0.0295264436487361,0.0345578793354343,0.0691157586708687,rolling_conformal,-0.0343778777335469,0.0262247898386193,0.0303013337860831,0.0606026675721662,rolling_conformal,-0.0343778777335469,0.0262247898386193,0.0303013337860831,0.0606026675721662,rolling_conformal
FOMC_0180,2015-04-29,QQQ_ret,-0.0063,0.0035196163007232,0.0027770501228629,0.0043179606971215,0.0,1.0,0.0024265248568567,0.0037223759194934,0.0,1.0,0.0027301702099662,0.0042818135177745,0.0,1.0,0.0034331827399269,0.004783056327953,0.0,1.0,0.0038589442415267,0.0055887725688776,0.0,1.0,0.0031992007181761,0.0047678675555455,0.0,1.0,0.8980948563524698,3.0,0.196167500019257,0.0056537515343639,0.0069224804802902,0.4495589006458392,-0.0373736701450656,0.0460095915393087,0.0416916308421872,0.0833832616843744,rolling_conformal,-0.0368377139549738,0.0442824657939607,0.0405600898744672,0.0811201797489345,rolling_conformal,-0.0412611694047847,0.0498247964403338,0.0455429829225592,0.0910859658451185,rolling_conformal,-0.0328079707339792,0.0423740833898854,0.0375910270619323,0.0751820541238646,rolling_conformal,-0.0349017006677635,0.0460792458055187,0.0404904732366411,0.0809809464732823,rolling_conformal,-0.0280593222994939,0.0350985549009404,0.0315789386002171,0.0631578772004343,rolling_conformal,-0.0426194770479611,0.0521552121590522,0.0473873446035067,0.0947746892070134,rolling_conformal,-0.0420923971174401,0.0533999001861681,0.0477461486518041,0.0954922973036083,rolling_conformal,-0.0420923971174401,0.0533999001861681,0.0477461486518041,0.0954922973036083,rolling_conformal
FOMC_0180,2015-04-29,SPY_ret,-0.0041,0.0022486636004155,0.0020587030635443,0.0031961365061525,0.0,1.0,0.0021772562387355,0.0033801903106368,0.0,1.0,0.0044968125198298,0.0056379127478181,0.0,1.0,0.0037908299418576,0.005885263484734,0.0,1.0,0.0052984684711552,0.008149104969388,0.0,1.0,0.0060057173532662,0.0089137331357038,0.0,1.0,0.8980948563524698,3.0,0.1822458645511234,0.0088539095423446,0.0067614502142661,0.567000313175185,-0.0309216386330949,0.0373139116453999,0.0341177751392474,0.0682355502784949,rolling_conformal,-0.0324925690296816,0.0392529496509553,0.0358727593403185,0.071745518680637,rolling_conformal,-0.0465534767512104,0.0578293022468466,0.0521913894990285,0.104382778998057,rolling_conformal,-0.0264308404994106,0.0382013674688787,0.0323161039841446,0.0646322079682893,rolling_conformal,-0.0259737759680883,0.0422719859068643,0.0341228809374763,0.0682457618749527,rolling_conformal,-0.0373979675272439,0.0418952947280749,0.0396466311276594,0.0792932622553189,rolling_conformal,-0.0322020108811475,0.0500294771525552,0.0411157440168513,0.0822314880337027,rolling_conformal,-0.0321332348246261,0.0498410539093154,0.0409871443669707,0.0819742887339415,rolling_conformal,-0.0321332348246261,0.0498410539093154,0.0409871443669707,0.0819742887339415,rolling_conformal
FOMC_0180,2015-04-29,UUP_ret,-0.0087,-0.0074095411780481,0.0001239849508345,0.0001841176519893,0.0,1.0,0.0014679542931438,0.0021799121253186,0.0,1.0,0.0015225841548031,0.0022610374698826,0.0,1.0,0.0010095596038153,0.0014991960116657,0.0,1.0,0.0024564650300583,0.0036478505696366,0.0,1.0,0.0024564650300583,0.0036478505696366,0.0,1.0,0.8980948563524698,3.0,0.1998239529107527,0.0015821507259047,0.0031445724669658,0.3347260489107148,-0.0124271337158259,0.0127953690198046,0.0126112513678152,0.0252225027356305,recent_volatility_fallback,-0.0104313392424966,0.0147911634931338,0.0126112513678152,0.0252225027356305,recent_volatility_fallback,-0.0103502138979325,0.0148722888376979,0.0126112513678152,0.0252225027356305,recent_volatility_fallback,-0.0111120553561494,0.014110447379481,0.0126112513678152,0.0252225027356305,recent_volatility_fallback,-0.0089634007981785,0.0162591019374519,0.0126112513678152,0.0252225027356305,recent_volatility_fallback,-0.0200207925458634,0.005201710189767,0.0126112513678152,0.0252225027356305,recent_volatility_fallback,-0.0089634007981785,0.0162591019374519,0.0126112513678152,0.0252225027356305,recent_volatility_fallback,-0.0110291006419105,0.0141934020937199,0.0126112513678152,0.0252225027356305,recent_volatility_fallback,-0.0110291006419105,0.0141934020937199,0.0126112513678152,0.0252225027356305,recent_volatility_fallback
FOMC_0179,2015-06-17,GLD_ret,0.0047,-0.0024379378622902,-0.0040974668840339,-0.006637896352135,0.0,1.0,-0.0079876221629124,-0.0129399479039182,0.0,1.0,-0.009126979813593,-0.0140597794282222,0.0,1.0,-0.0042945957720754,-0.0069572451507621,0.0,1.0,-0.0088867819408788,-0.0143965867442237,0.0,1.0,-0.0080323811679854,-0.0130124574921363,0.0,1.0,0.944721132450406,3.0,0.2561494736443428,-0.0123645598258914,0.0062765503264133,0.6632954310078114,-0.0455522461243503,0.0322764534200803,0.0389143497722153,0.0778286995444307,rolling_conformal,-0.0497563758650769,0.0238764800572404,0.0368164279611587,0.0736328559223174,rolling_conformal,-0.0480124162810584,0.0198928574246139,0.0339526368528362,0.0679052737056724,rolling_conformal,-0.0466118476230579,0.0326973573215335,0.0396546024722957,0.0793092049445914,rolling_conformal,-0.0523428215856795,0.023549648097232,0.0379462348414558,0.0758924696829116,rolling_conformal,-0.0357693488649173,0.0308934731403367,0.033331411002627,0.066662822005254,rolling_conformal,-0.0475703368275707,0.021545421843298,0.0345578793354343,0.0691157586708687,rolling_conformal,-0.0426658936119745,0.0179367739601917,0.0303013337860831,0.0606026675721662,rolling_conformal,-0.0426658936119745,0.0179367739601917,0.0303013337860831,0.0606026675721662,rolling_conformal
FOMC_0179,2015-06-17,QQQ_ret,0.0028,0.0103315261535696,0.0027838535735105,0.0039008961108829,0.0,1.0,0.002095143356158,0.0029461486612426,0.0,1.0,0.0029560781814464,0.0042620630200788,0.0,1.0,0.0021846962160931,-0.0032852173308944,0.0,1.0,0.001790060889391,-0.0026382997840825,0.0,1.0,0.0015417451392175,0.0013875706252957,0.0,1.0,0.944721132450406,3.0,0.2900328002302304,0.0049770138653696,0.0065460045829498,0.4319197759244871,-0.0377907347313042,0.0455925269530701,0.0416916308421872,0.0833832616843744,rolling_conformal,-0.0376139412132245,0.0435062385357099,0.0405600898744672,0.0811201797489345,rolling_conformal,-0.0412809199024804,0.0498050459426381,0.0455429829225592,0.0910859658451185,rolling_conformal,-0.0408762443928267,0.0343058097310379,0.0375910270619323,0.0751820541238646,rolling_conformal,-0.0431287730207236,0.0378521734525586,0.0404904732366411,0.0809809464732823,rolling_conformal,-0.0212474124466475,0.0419104647537868,0.0315789386002171,0.0631578772004343,rolling_conformal,-0.0459997739782109,0.0487749152288024,0.0473873446035067,0.0947746892070134,rolling_conformal,-0.0427691347864345,0.0527231625171737,0.0477461486518041,0.0954922973036083,rolling_conformal,-0.0427691347864345,0.0527231625171737,0.0477461486518041,0.0954922973036083,rolling_conformal
FOMC_0179,2015-06-17,SPY_ret,0.0016,0.0114066110024298,0.0004649255000499,0.0004184329500449,0.0,1.0,0.0012166680066977,-0.0017062215514522,0.0,1.0,-0.0013630341823769,-0.0012267307641392,0.0,1.0,-0.0064876015399311,-0.0093141126373405,0.0,1.0,-0.0080071163383594,-0.012431048115303,0.0,1.0,-0.0064259351663111,-0.009976264345698,8.673617379884035e-19,0.9999999999999998,0.944721132450406,3.0,0.25,-0.0053251273349659,0.0065089879397645,0.4499814909291848,-0.0336993421892025,0.0345362080892923,0.0341177751392474,0.0682355502784949,rolling_conformal,-0.0375789808917707,0.0341665377888662,0.0358727593403185,0.071745518680637,rolling_conformal,-0.0534181202631677,0.0509646587348892,0.0521913894990285,0.104382778998057,rolling_conformal,-0.0416302166214852,0.023001991346804,0.0323161039841446,0.0646322079682893,rolling_conformal,-0.0465539290527794,0.0216918328221732,0.0341228809374763,0.0682457618749527,rolling_conformal,-0.0282400201252296,0.0510532421300892,0.0396466311276594,0.0792932622553189,rolling_conformal,-0.0510920083625494,0.0311394796711533,0.0411157440168513,0.0822314880337027,rolling_conformal,-0.0463122717019367,0.0356620170320047,0.0409871443669707,0.0819742887339415,rolling_conformal,-0.0463122717019367,0.0356620170320047,0.0409871443669707,0.0819742887339415,rolling_conformal
FOMC_0179,2015-06-17,UUP_ret,-0.0088,0.0067170371671192,-0.0010342730260597,-0.0009308457234538,0.0,1.0,0.000398932718701,0.0003590394468309,0.0,1.0,0.0007231172615655,0.000650805535409,0.0,1.0,0.0008494562416076,0.0011379287690062,0.0,1.0,0.0018129958042505,-0.0023315487259086,0.0,1.0,0.001879253506844,-0.0023407499865222,2.1684043449710093e-19,0.9999999999999998,0.944721132450406,3.0,0.294328822669993,0.0003577396266449,0.0031958097565405,0.1006736030183391,-0.0136442284345972,0.0117825369876895,0.0127133827111434,0.0254267654222868,recent_volatility_fallback,-0.0123543432643124,0.0130724221579743,0.0127133827111434,0.0254267654222868,recent_volatility_fallback,-0.0120625771757343,0.0133641882465524,0.0127133827111434,0.0254267654222868,recent_volatility_fallback,-0.0115754539421371,0.0138513114801496,0.0127133827111434,0.0254267654222868,recent_volatility_fallback,-0.015044931437052,0.0103818339852347,0.0127133827111434,0.0254267654222868,recent_volatility_fallback,-0.0059963455440241,0.0194304198782627,0.0127133827111434,0.0254267654222868,recent_volatility_fallback,-0.0150541326976656,0.0103726327246211,0.0127133827111434,0.0254267654222868,recent_volatility_fallback,-0.0123556430844984,0.0130711223377883,0.0127133827111434,0.0254267654222868,recent_volatility_fallback,-0.0123556430844984,0.0130711223377883,0.0127133827111434,0.0254267654222868,recent_volatility_fallback
FOMC_0177,2015-07-29,GLD_ret,0.0014,-0.0023698394124172,-0.0057820445571042,-0.0093669121825088,0.0,1.0,-0.0067469135982931,-0.0109300000292348,0.0,1.0,-0.0076149796457111,-0.00685348168114,8.673617379884035e-19,0.9999999999999998,0.0007298936870256,0.0009959376111475,0.0,1.0,0.0002349141163823,0.0003068609986997,0.0,1.0,-0.0002971968975876,-0.0002674772078288,0.0,1.0,0.957184263905136,3.0,0.2772100885002189,-0.0010203278647467,0.0062684065758372,0.1399881520149736,-0.0482812619547242,0.0295474375897064,0.0389143497722153,0.0778286995444307,rolling_conformal,-0.0477464279903935,0.0258864279319238,0.0368164279611587,0.0736328559223174,rolling_conformal,-0.0408061185339762,0.0270991551716961,0.0339526368528362,0.0679052737056724,rolling_conformal,-0.0386586648611482,0.0406505400834432,0.0396546024722957,0.0793092049445914,rolling_conformal,-0.037639373842756,0.0382530958401555,0.0379462348414558,0.0758924696829116,rolling_conformal,-0.0357012504150442,0.0309615715902098,0.033331411002627,0.066662822005254,rolling_conformal,-0.0348253565432632,0.0342904021276055,0.0345578793354343,0.0691157586708687,rolling_conformal,-0.0313216616508299,0.0292810059213363,0.0303013337860831,0.0606026675721662,rolling_conformal,-0.0313216616508299,0.0292810059213363,0.0303013337860831,0.0606026675721662,rolling_conformal
FOMC_0177,2015-07-29,QQQ_ret,0.0038,-0.0024709238656903,0.0027064048881084,0.0041219647897433,0.0,1.0,0.0004307331744468,0.0006293211913093,0.0,1.0,0.0017130778307874,0.0015417700477086,2.1684043449710093e-19,0.9999999999999998,0.0044459963776653,0.0068869925429505,0.0,1.0,0.0060773900652605,0.0094004873344765,0.0,1.0,0.0064342282318905,0.0093155131855261,0.0,1.0,0.957184263905136,3.0,0.3092871746859828,0.0070876492129264,0.0065066147880445,0.5213709251718932,-0.0280324487677668,0.0362763783472536,0.0321544135575102,0.0643088271150204,rolling_conformal,-0.032512310883293,0.0337709532659117,0.0331416320746023,0.0662832641492047,rolling_conformal,-0.0332080791471201,0.0362916192425374,0.0347498491948287,0.0694996983896575,rolling_conformal,-0.0276390222465491,0.0414130073324501,0.0345260147894996,0.0690520295789992,rolling_conformal,-0.021222980380292,0.040023955049245,0.0306234677147685,0.0612469354295371,rolling_conformal,-0.0325517689411471,0.0276099212097664,0.0300808450754567,0.0601616901509135,rolling_conformal,-0.019287622404567,0.0379186487756192,0.0286031355900931,0.0572062711801862,rolling_conformal,-0.0209014849650215,0.0350767833908744,0.0279891341779479,0.0559782683558959,rolling_conformal,-0.0209014849650215,0.0350767833908744,0.0279891341779479,0.0559782683558959,rolling_conformal
FOMC_0177,2015-07-29,SPY_ret,0.0069,-0.0057018082332885,-0.0020354372977853,0.0025735767658946,0.0,1.0,0.0010975614948735,0.0009878053453861,0.0,1.0,-0.0029507087194002,-0.0045562884413078,0.0,1.0,0.0074172979152926,0.0115153550134917,0.0,1.0,0.0079245063194869,0.0123027960610035,0.0,1.0,0.0062312930161187,0.0096740824075243,0.0,1.0,0.957184263905136,3.0,0.25,0.0067046262094192,0.0063806207378279,0.5123809365340555,-0.0278821981783725,0.0330293517101617,0.0304557749442671,0.0609115498885343,rolling_conformal,-0.0322360025053901,0.0342116131961625,0.0332238078507763,0.0664476157015526,rolling_conformal,-0.0451066274371445,0.0359940505545289,0.0405503389958367,0.0811006779916734,rolling_conformal,-0.0183595613300224,0.041390271357006,0.0298749163435142,0.0597498326870284,rolling_conformal,-0.018019947919889,0.042625540041896,0.0303227439808925,0.0606454879617851,rolling_conformal,-0.0298445362268203,0.0184409197602431,0.0241427279935317,0.0482854559870634,rolling_conformal,-0.0208795869115533,0.040227751726602,0.0305536693190776,0.0611073386381553,rolling_conformal,-0.0230800035450882,0.0364892559639268,0.0297846297545075,0.059569259509015,rolling_conformal,-0.0230800035450882,0.0364892559639268,0.0297846297545075,0.059569259509015,rolling_conformal
FOMC_0177,2015-07-29,UUP_ret,0.0055,-0.0009660499399048,-0.0005040800474057,-0.0007485588703976,0.0,1.0,-0.0003129331434813,0.0004347192290448,0.0,1.0,-0.0003536484941061,-0.0004457512015154,0.0,1.0,-0.0004507904045719,-0.0004057113641147,0.0,1.0,-0.000901092615856,0.0011908791403597,1.0842021724855044e-19,0.9999999999999998,-0.0009895633599677,-0.001469501589552,0.0,1.0,0.957184263905136,3.0,0.2698397183975399,-0.0014670153720029,0.0032150957995058,0.3133249478740426,-0.0132861047220474,0.0117889869812522,0.0125375458516498,0.0250750917032996,recent_volatility_fallback,-0.012102826622605,0.0129722650806946,0.0125375458516498,0.0250750917032996,recent_volatility_fallback,-0.0129832970531653,0.0120917946501343,0.0125375458516498,0.0250750917032996,recent_volatility_fallback,-0.0129432572157646,0.012131834487535,0.0125375458516498,0.0250750917032996,recent_volatility_fallback,-0.01134666671129,0.0137284249920096,0.0125375458516498,0.0250750917032996,recent_volatility_fallback,-0.0135035957915547,0.0115714959117449,0.0125375458516498,0.0250750917032996,recent_volatility_fallback,-0.0140070474412019,0.0110680442620977,0.0125375458516498,0.0250750917032996,recent_volatility_fallback,-0.0140045612236527,0.0110705304796469,0.0125375458516498,0.0250750917032996,recent_volatility_fallback,-0.0140045612236527,0.0110705304796469,0.0125375458516498,0.0250750917032996,recent_volatility_fallback
FOMC_0175,2015-09-17,GLD_ret,0.0103,0.010488463310217,-0.0070645555845197,-0.0105657624280779,0.0,1.0,-0.0035039052143152,-0.0054536032420122,4.336808689942019e-19,0.9999999999999998,-0.0053196747154997,-0.0086178730391096,0.0,1.0,-0.0032509960107248,-0.0051920652661816,0.0,1.0,-0.0015555769100712,-0.0023966890584092,0.0,1.0,-0.0025388813694078,-0.0041129878184407,0.0,1.0,0.925577614851376,3.0,0.2647502179750732,-0.0002967005392514,0.0062564975025968,0.0452771432490304,-0.0494801122002932,0.0283485873441374,0.0389143497722153,0.0778286995444307,rolling_conformal,-0.0422700312031709,0.0313628247191464,0.0368164279611587,0.0736328559223174,rolling_conformal,-0.0425705098919458,0.0253347638137265,0.0339526368528362,0.0679052737056724,rolling_conformal,-0.0448466677384773,0.0344625372061141,0.0396546024722957,0.0793092049445914,rolling_conformal,-0.040342923899865,0.0355495457830466,0.0379462348414558,0.0758924696829116,rolling_conformal,-0.02284294769241,0.043819874312844,0.033331411002627,0.066662822005254,rolling_conformal,-0.0386708671538751,0.0304448915169936,0.0345578793354343,0.0691157586708687,rolling_conformal,-0.0305980343253346,0.0300046332468316,0.0303013337860831,0.0606026675721662,rolling_conformal,-0.0305980343253346,0.0300046332468316,0.0303013337860831,0.0606026675721662,rolling_conformal
FOMC_0175,2015-09-17,QQQ_ret,0.0004,0.0027850546273069,0.0004128308274361,0.0005905103604934,0.0,1.0,0.0008881752948035,0.0013208375978984,1.0842021724855044e-19,0.9999999999999998,0.0006016093592664,0.0008537891248328,0.0,1.0,0.0005796017801413,0.0008362273749331,0.0,1.0,0.0025887138892899,0.0038292783374436,0.0,1.0,-0.0004905311208916,0.0007482677017957,0.0,1.0,0.925577614851376,3.0,0.2180017964351451,0.001490363638141,0.0064392623801177,0.1879498169536767,-0.0315639031970167,0.0327449239180036,0.0321544135575102,0.0643088271150204,rolling_conformal,-0.0318207944767039,0.0344624696725008,0.0331416320746023,0.0662832641492047,rolling_conformal,-0.0338960600699959,0.0356036383196616,0.0347498491948287,0.0694996983896575,rolling_conformal,-0.0336897874145665,0.0353622421644327,0.0345260147894996,0.0690520295789992,rolling_conformal,-0.0267941893773249,0.0344527460522121,0.0306234677147685,0.0612469354295371,rolling_conformal,-0.0272957904481498,0.0328658997027636,0.0300808450754567,0.0601616901509135,rolling_conformal,-0.0278548678882973,0.0293514032918888,0.0286031355900931,0.0572062711801862,rolling_conformal,-0.0264987705398069,0.029479497816089,0.0279891341779479,0.0559782683558959,rolling_conformal,-0.0264987705398069,0.029479497816089,0.0279891341779479,0.0559782683558959,rolling_conformal
FOMC_0175,2015-09-17,SPY_ret,-0.0022,0.0055507641330512,0.0095722998221795,-0.0130198501686768,0.0,1.0,0.0089302038965578,-0.013864141549406,0.0,1.0,0.0008064198964868,-0.0011504940286681,0.0,1.0,0.0020427503377306,0.0027403853218557,0.0,1.0,0.0011859123376867,0.0015470510838225,0.0,1.0,0.0024461986674152,-0.0031587148497209,0.0,1.0,0.925577614851376,3.0,0.2383303851176408,-0.0012454285750202,0.0063740724815458,0.1634538706977781,-0.0434756251129439,0.0174359247755903,0.0304557749442671,0.0609115498885343,rolling_conformal,-0.0470879494001823,0.0193596663013703,0.0332238078507763,0.0664476157015526,rolling_conformal,-0.0417008330245049,0.0393998449671685,0.0405503389958367,0.0811006779916734,rolling_conformal,-0.0271345310216584,0.03261530166537,0.0298749163435142,0.0597498326870284,rolling_conformal,-0.02877569289707,0.031869795064715,0.0303227439808925,0.0606454879617851,rolling_conformal,-0.0185919638604804,0.029693492126583,0.0241427279935317,0.0482854559870634,rolling_conformal,-0.0337123841687985,0.0273949544693567,0.0305536693190776,0.0611073386381553,rolling_conformal,-0.0310300583295277,0.0285392011794872,0.0297846297545075,0.059569259509015,rolling_conformal,-0.0310300583295277,0.0285392011794872,0.0297846297545075,0.059569259509015,rolling_conformal
FOMC_0175,2015-09-17,UUP_ret,-0.0105,-0.0094471553925931,0.0009961691870669,0.0014793112427944,0.0,1.0,0.0008682050100409,0.001143645651859,1.0842021724855044e-19,0.9999999999999998,0.0008711027518189,0.0011086308571543,1.0842021724855044e-19,0.9999999999999998,0.0011466693334668,0.0017028039601982,0.0,1.0,0.0012007634678181,0.0017831337497098,0.0,1.0,0.0008338670102269,0.0007504803092042,0.0,1.0,0.925577614851376,3.0,0.2586771244924183,-0.0020761562478337,0.0032111133583229,0.3926719225168579,-0.0110708538682929,0.0140294763538818,0.0125501651110874,0.0251003302221748,recent_volatility_fallback,-0.0114065194592283,0.0136938107629464,0.0125501651110874,0.0251003302221748,recent_volatility_fallback,-0.011441534253933,0.0136587959682417,0.0125501651110874,0.0251003302221748,recent_volatility_fallback,-0.0108473611508891,0.0142529690712856,0.0125501651110874,0.0251003302221748,recent_volatility_fallback,-0.0107670313613775,0.0143332988607972,0.0125501651110874,0.0251003302221748,recent_volatility_fallback,-0.0219973205036805,0.0031030097184942,0.0125501651110874,0.0251003302221748,recent_volatility_fallback,-0.0117996848018831,0.0133006454202916,0.0125501651110874,0.0251003302221748,recent_volatility_fallback,-0.0146263213589211,0.0104740088632537,0.0125501651110874,0.0251003302221748,recent_volatility_fallback,-0.0146263213589211,0.0104740088632537,0.0125501651110874,0.0251003302221748,recent_volatility_fallback
FOMC_0172,2015-10-28,GLD_ret,-0.0081,-0.0022894707300968,-0.0052943372305126,0.0085768263134304,0.0,1.0,-0.0055233524278035,-0.0081643641582903,0.0,1.0,-0.0062541838851794,-0.0099065725076562,0.0,1.0,0.00062342284242,0.0010099450047204,0.0,1.0,-0.0066425656104044,0.0093427345467012,0.0,1.0,-0.004628374984505,-0.0063713913059982,0.0,1.0,0.9508465415534338,3.0,0.265152837361353,-0.0063468701800971,0.0062951925308127,0.50204427115974,-0.0303375234587848,0.0474911760856458,0.0389143497722153,0.0778286995444307,rolling_conformal,-0.044980792119449,0.0286520638028683,0.0368164279611587,0.0736328559223174,rolling_conformal,-0.0438592093604924,0.0240460643451799,0.0339526368528362,0.0679052737056724,rolling_conformal,-0.0386446574675752,0.0406645474770162,0.0396546024722957,0.0793092049445914,rolling_conformal,-0.0286035002947545,0.047288969388157,0.0379462348414558,0.0758924696829116,rolling_conformal,-0.0356208817327239,0.0310419402725301,0.033331411002627,0.066662822005254,rolling_conformal,-0.0409292706414326,0.028186488029436,0.0345578793354343,0.0691157586708687,rolling_conformal,-0.0366482039661803,0.0239544636059859,0.0303013337860831,0.0606026675721662,rolling_conformal,-0.0366482039661803,0.0239544636059859,0.0303013337860831,0.0606026675721662,rolling_conformal
FOMC_0172,2015-10-28,QQQ_ret,0.0083,0.0108786226988608,0.0004773970153891,0.0007929008495826,0.0,1.0,0.0006871017673106,0.0010966765901868,0.0,1.0,0.0021668720172296,0.0032793345177888,0.0,1.0,0.0007843669399587,-0.0011080415365141,0.0,1.0,0.0016789786989838,-0.0023425077069645,2.1684043449710093e-19,0.9999999999999998,0.0014078309669169,0.0012670478702252,0.0,1.0,0.9508465415534338,3.0,0.3036832524184101,0.0052324027188103,0.0063869867699878,0.4503169655070971,-0.0313615127079275,0.0329473144070929,0.0321544135575102,0.0643088271150204,rolling_conformal,-0.0320449554844154,0.0342383086647892,0.0331416320746023,0.0662832641492047,rolling_conformal,-0.0314705146770399,0.0380291837126176,0.0347498491948287,0.0694996983896575,rolling_conformal,-0.0356340563260137,0.0334179732529854,0.0345260147894996,0.0690520295789992,rolling_conformal,-0.032965975421733,0.028280960007804,0.0306234677147685,0.0612469354295371,rolling_conformal,-0.0192022223765959,0.0409594677743176,0.0300808450754567,0.0601616901509135,rolling_conformal,-0.0273360877198678,0.0298701834603183,0.0286031355900931,0.0572062711801862,rolling_conformal,-0.0227567314591376,0.0332215368967582,0.0279891341779479,0.0559782683558959,rolling_conformal,-0.0227567314591376,0.0332215368967582,0.0279891341779479,0.0559782683558959,rolling_conformal
FOMC_0172,2015-10-28,SPY_ret,0.0114,0.0093754193973801,0.0028738317242199,0.0041032768084404,0.0,1.0,0.003212476784713,0.0043162787763337,0.0,1.0,0.0032221231881837,0.0047798530349504,4.336808689942019e-19,0.9999999999999998,-0.0027797227351697,-0.0041362591045481,0.0,1.0,0.0012892333088451,-0.0017862680586164,0.0,1.0,0.0003827027945162,-0.0005699590406957,0.0,1.0,0.9508465415534338,3.0,0.25,0.0022038434041466,0.0062905231102031,0.2594485187257287,-0.0263524981358267,0.0345590517527075,0.0304557749442671,0.0609115498885343,rolling_conformal,-0.0289075290744425,0.0375400866271101,0.0332238078507763,0.0664476157015526,rolling_conformal,-0.0357704859608863,0.0453301920307871,0.0405503389958367,0.0811006779916734,rolling_conformal,-0.0340111754480624,0.025738657238966,0.0298749163435142,0.0597498326870284,rolling_conformal,-0.032109012039509,0.028536475922276,0.0303227439808925,0.0606454879617851,rolling_conformal,-0.0147673085961515,0.0335181473909118,0.0241427279935317,0.0482854559870634,rolling_conformal,-0.0311236283597734,0.0299837102783819,0.0305536693190776,0.0611073386381553,rolling_conformal,-0.0275807863503608,0.0319884731586542,0.0297846297545075,0.059569259509015,rolling_conformal,-0.0275807863503608,0.0319884731586542,0.0297846297545075,0.059569259509015,rolling_conformal
FOMC_0172,2015-10-28,UUP_ret,0.0083,0.0072195232622355,-0.0007501566582774,0.001113982637542,0.0,1.0,-0.0006069364653858,-0.000901300651098,0.0,1.0,-0.0002804030933402,0.0003422824349138,0.0,1.0,3.628758567493061e-05,3.2658827107437544e-05,0.0,1.0,-0.0001336428421998,-0.0001983673148714,0.0,1.0,-0.0002774905441076,-0.0002497414896968,0.0,1.0,0.9508465415534338,3.0,0.3052566762512811,0.0022333315867707,0.0032813417987158,0.4049809264931491,-0.0211037018058959,0.02333166708098,0.022217684443438,0.044435368886876,rolling_conformal,-0.0215236883217655,0.0197210870195695,0.0206223876706675,0.0412447753413351,rolling_conformal,-0.0202801052357537,0.0209646701055814,0.0206223876706675,0.0412447753413351,rolling_conformal,-0.0211294943860813,0.0211948120402962,0.0211621532131887,0.0423243064263775,rolling_conformal,-0.0213203633323317,0.0209236287025889,0.0211219960174603,0.0422439920349206,rolling_conformal,-0.0082975139048837,0.0227365604293548,0.0155170371671192,0.0310340743342385,rolling_conformal,-0.0213717375071572,0.0208722545277634,0.0211219960174603,0.0422439920349206,rolling_conformal,-0.0172414263275318,0.0217080895010733,0.0194747579143026,0.0389495158286052,rolling_conformal,-0.0172414263275318,0.0217080895010733,0.0194747579143026,0.0389495158286052,rolling_conformal
FOMC_0170,2015-12-16,GLD_ret,0.0121,-0.0062613136648894,0.0104256912500174,0.0168896198250282,0.0,1.0,-0.0022107211344299,0.0035813682377765,0.0,1.0,-0.0027234965869134,0.0038254257641379,0.0,1.0,-0.0025559305024095,-0.0034383561158072,0.0,1.0,-0.0049525441635787,-0.0044572897472208,0.0,1.0,-0.0052710219489875,0.0079458685014243,0.0,1.0,0.9551444236614988,3.0,0.2992080416940638,0.0044339584169409,0.0062540611605579,0.4148536813816074,-0.0220247299471871,0.0558039695972435,0.0389143497722153,0.0778286995444307,rolling_conformal,-0.0332350597233821,0.0403977961989352,0.0368164279611587,0.0736328559223174,rolling_conformal,-0.0301272110886982,0.0377780626169741,0.0339526368528362,0.0679052737056724,rolling_conformal,-0.0430929585881029,0.0362162463564885,0.0396546024722957,0.0793092049445914,rolling_conformal,-0.0424035245886766,0.0334889450942349,0.0379462348414558,0.0758924696829116,rolling_conformal,-0.0395927246675165,0.0270700973377375,0.033331411002627,0.066662822005254,rolling_conformal,-0.0266120108340099,0.0425037478368587,0.0345578793354343,0.0691157586708687,rolling_conformal,-0.0258673753691421,0.034735292203024,0.0303013337860831,0.0606026675721662,rolling_conformal,-0.0258673753691421,0.034735292203024,0.0303013337860831,0.0606026675721662,rolling_conformal
FOMC_0170,2015-12-16,QQQ_ret,0.0149,0.0030112845449231,0.0014237356205588,0.002402553859693,0.0,1.0,0.0077594406868222,0.0130940561590126,0.0,1.0,0.0027372035966165,0.0046190310692904,0.0,1.0,0.0004736097212328,0.0007371030163699,5.421010862427522e-20,0.9999999999999998,0.0040770757552671,0.0064967859939852,0.0,1.0,0.0014647510421258,0.0024717673835872,0.0,1.0,0.9551444236614988,3.0,0.2964618357161191,0.0032896420395465,0.0063949780296729,0.3396776145329505,-0.0297518596978172,0.0345569674172032,0.0321544135575102,0.0643088271150204,rolling_conformal,-0.0200475759155897,0.0462356882336149,0.0331416320746023,0.0662832641492047,rolling_conformal,-0.0301308181255383,0.0393688802641192,0.0347498491948287,0.0694996983896575,rolling_conformal,-0.0337889117731297,0.0352631178058695,0.0345260147894996,0.0690520295789992,rolling_conformal,-0.0241266817207833,0.0371202537087538,0.0306234677147685,0.0612469354295371,rolling_conformal,-0.0270695605305336,0.0330921296203799,0.0300808450754567,0.0601616901509135,rolling_conformal,-0.0261313682065058,0.0310749029736804,0.0286031355900931,0.0572062711801862,rolling_conformal,-0.0246994921384014,0.0312787762174945,0.0279891341779479,0.0559782683558959,rolling_conformal,-0.0246994921384014,0.0312787762174945,0.0279891341779479,0.0559782683558959,rolling_conformal
FOMC_0170,2015-12-16,SPY_ret,0.0146,0.0015791178629925,0.0058204104799904,0.0076068812067833,0.0,1.0,0.0056612891098759,0.0087891513430823,0.0,1.0,0.0068762811516063,0.0106754264878688,0.0,1.0,0.0035258959317948,-0.0047670219587011,0.0,1.0,0.0037053805709044,0.003334842513814,0.0,1.0,0.0034703056397461,0.0031232750757715,0.0,1.0,0.9551444236614988,3.0,0.25,0.0031478211384633,0.0063150367378187,0.3326508601428468,-0.0228488937374838,0.0380626561510504,0.0304557749442671,0.0609115498885343,rolling_conformal,-0.024434656507694,0.0420129591938586,0.0332238078507763,0.0664476157015526,rolling_conformal,-0.0298749125079679,0.0512257654837055,0.0405503389958367,0.0811006779916734,rolling_conformal,-0.0346419383022154,0.025107894384813,0.0298749163435142,0.0597498326870284,rolling_conformal,-0.0269879014670785,0.0336575864947065,0.0303227439808925,0.0606454879617851,rolling_conformal,-0.0225636101305391,0.0257218458565243,0.0241427279935317,0.0482854559870634,rolling_conformal,-0.0274303942433061,0.0336769443948492,0.0305536693190776,0.0611073386381553,rolling_conformal,-0.0266368086160441,0.0329324508929708,0.0297846297545075,0.059569259509015,rolling_conformal,-0.0266368086160441,0.0329324508929708,0.0297846297545075,0.059569259509015,rolling_conformal
FOMC_0170,2015-12-16,UUP_ret,0.0,0.0032886743818935,-0.0016056653436115,0.0023844130352631,0.0,1.0,-0.003330311346744,-0.0029972802120696,4.336808689942019e-19,0.9999999999999998,-0.0008881952223491,0.0010654248149041,0.0,1.0,-0.0004817906183199,0.0007154590682051,0.0,1.0,-0.003088174149376,-0.0038754194354394,0.0,1.0,-0.0008641990927814,0.0011367352389092,0.0,1.0,0.9551444236614988,3.0,0.2836456736843806,0.0019218358135337,0.003271012687227,0.3700940076168433,-0.0198332714081748,0.0246020974787011,0.022217684443438,0.044435368886876,rolling_conformal,-0.0236196678827371,0.0176251074585979,0.0206223876706675,0.0412447753413351,rolling_conformal,-0.0195569628557633,0.0216878124855717,0.0206223876706675,0.0412447753413351,rolling_conformal,-0.0204466941449836,0.0218776122813939,0.0211621532131887,0.0423243064263775,rolling_conformal,-0.0249974154528998,0.0172465765820208,0.0211219960174603,0.0422439920349206,rolling_conformal,-0.0122283627852257,0.0188057115490128,0.0155170371671192,0.0310340743342385,rolling_conformal,-0.019985260778551,0.0222587312563696,0.0211219960174603,0.0422439920349206,rolling_conformal,-0.0175529221007688,0.0213965937278363,0.0194747579143026,0.0389495158286052,rolling_conformal,-0.0175529221007688,0.0213965937278363,0.0194747579143026,0.0389495158286052,rolling_conformal
FOMC_0168,2016-01-27,GLD_ret,0.0037,0.0143537311651889,-0.0056624849171365,0.008392196177896,0.0,1.0,0.0010506723734288,0.0017020892449547,0.0,1.0,0.0067375254541613,0.0109147912357413,0.0,1.0,-0.0037312749775928,-0.0055698873753698,4.336808689942019e-19,0.9999999999999998,0.0100608738680815,0.016298615666292,0.0,1.0,0.0110224217027451,0.017856323158447,0.0,1.0,0.9491154835650136,3.0,0.3,0.0201666546725635,0.0062978723391316,0.762025977014126,-0.0305221535943192,0.0473065459501114,0.0389143497722153,0.0778286995444307,rolling_conformal,-0.0351143387162039,0.0385185172061134,0.0368164279611587,0.0736328559223174,rolling_conformal,-0.0230378456170948,0.0448674280885775,0.0339526368528362,0.0679052737056724,rolling_conformal,-0.0452244898476655,0.0340847150969259,0.0396546024722957,0.0793092049445914,rolling_conformal,-0.0216476191751637,0.0542448505077478,0.0379462348414558,0.0758924696829116,rolling_conformal,-0.018977679837438,0.047685142167816,0.033331411002627,0.066662822005254,rolling_conformal,-0.0167015561769872,0.0524142024938814,0.0345578793354343,0.0691157586708687,rolling_conformal,-0.0101346791135195,0.0504679884586467,0.0303013337860831,0.0606026675721662,rolling_conformal,-0.0101346791135195,0.0504679884586467,0.0303013337860831,0.0606026675721662,rolling_conformal
FOMC_0168,2016-01-27,QQQ_ret,-0.0249,0.0029944609809885,0.0040874488081089,0.0068975698636838,0.0,1.0,0.0029484242208363,0.0049754658726613,0.0,1.0,5.1878581568214546e-05,7.508140940310383e-05,6.776263578034403e-21,0.9999999999999998,0.0017778245093351,0.0016000420584016,2.1684043449710093e-19,0.9999999999999998,0.0049826181840238,0.0044843563656214,0.0,1.0,0.0001066537959102,9.598841631924884e-05,1.3552527156068804e-20,0.9999999999999998,0.9491154835650136,3.0,0.2715585454296589,0.0011038667624357,0.006442277858025,0.1462833480038552,-0.0252568436938263,0.0390519834211941,0.0321544135575102,0.0643088271150204,rolling_conformal,-0.028166166201941,0.0381170979472636,0.0331416320746023,0.0662832641492047,rolling_conformal,-0.0346747677854256,0.0348249306042318,0.0347498491948287,0.0694996983896575,rolling_conformal,-0.0329259727310979,0.0361260568479012,0.0345260147894996,0.0690520295789992,rolling_conformal,-0.026139111349147,0.03510782408039,0.0306234677147685,0.0612469354295371,rolling_conformal,-0.0270863840944682,0.0330753060564453,0.0300808450754567,0.0601616901509135,rolling_conformal,-0.0285071471737738,0.0286991240064123,0.0286031355900931,0.0572062711801862,rolling_conformal,-0.0268852674155122,0.0290930009403837,0.0279891341779479,0.0559782683558959,rolling_conformal,-0.0268852674155122,0.0290930009403837,0.0279891341779479,0.0559782683558959,rolling_conformal
FOMC_0168,2016-01-27,SPY_ret,-0.0109,0.006383839043984,0.0049111206167719,0.006656923359496,0.0,1.0,0.0074013035722683,0.0066611732150414,8.673617379884035e-19,0.9999999999999998,0.0110292184115065,-0.0143048649339666,0.0,1.0,0.0041963794597683,-0.006096891291457,0.0,1.0,0.0053934928538168,-0.0075471778589832,0.0,1.0,0.0037710261611133,-0.0057235609810599,4.336808689942019e-19,0.9999999999999998,0.9491154835650136,3.0,0.25,-0.0031012176210187,0.0063655894463906,0.3275892624665891,-0.023798851584771,0.0371126983037632,0.0304557749442671,0.0609115498885343,rolling_conformal,-0.0265626346357348,0.0398849810658178,0.0332238078507763,0.0664476157015526,rolling_conformal,-0.0548552039298034,0.02624547406187,0.0405503389958367,0.0811006779916734,rolling_conformal,-0.0359718076349713,0.0237780250520571,0.0298749163435142,0.0597498326870284,rolling_conformal,-0.0378699218398757,0.0227755661219093,0.0303227439808925,0.0606454879617851,rolling_conformal,-0.0177588889495476,0.0305265670375158,0.0241427279935317,0.0482854559870634,rolling_conformal,-0.0362772303001376,0.0248301083380177,0.0305536693190776,0.0611073386381553,rolling_conformal,-0.0328858473755263,0.0266834121334887,0.0297846297545075,0.059569259509015,rolling_conformal,-0.0328858473755263,0.0266834121334887,0.0297846297545075,0.059569259509015,rolling_conformal
FOMC_0168,2016-01-27,UUP_ret,-0.0008,-0.0100993032643812,0.0020687528138942,0.0030720979286328,0.0,1.0,-0.0022970047610019,0.0027615165581645,0.0,1.0,-0.0030039302021911,-0.0041700997444463,0.0,1.0,0.0016458838935391,0.0014812955041852,0.0,1.0,-0.0027834626738569,-0.0025051164064712,0.0,1.0,-0.0030653198589755,-0.0044786838191064,0.0,1.0,0.9491154835650136,3.0,0.3020819036720162,-0.0067942283650461,0.0032332721815523,0.6775598323704466,-0.0191455865148051,0.0252897823720709,0.022217684443438,0.044435368886876,rolling_conformal,-0.017860871112503,0.0233839042288321,0.0206223876706675,0.0412447753413351,rolling_conformal,-0.0247924874151139,0.0164522879262211,0.0206223876706675,0.0412447753413351,rolling_conformal,-0.0196808577090035,0.022643448717374,0.0211621532131887,0.0423243064263775,rolling_conformal,-0.0236271124239316,0.018616879610989,0.0211219960174603,0.0422439920349206,rolling_conformal,-0.0256163404315005,0.005417733902738,0.0155170371671192,0.0310340743342385,rolling_conformal,-0.0256006798365667,0.0166433121983538,0.0211219960174603,0.0422439920349206,rolling_conformal,-0.0262689862793487,0.0126805295492565,0.0194747579143026,0.0389495158286052,rolling_conformal,-0.0262689862793487,0.0126805295492565,0.0194747579143026,0.0389495158286052,rolling_conformal
FOMC_0167,2016-03-16,GLD_ret,0.0223,0.005618546851083,-0.0006253053856786,0.0010129947247993,0.0,1.0,-0.0021217869155736,0.0034372948032292,0.0,1.0,-0.0010052002409914,0.0016284243904061,0.0,1.0,-0.004790278772163,0.0077602516109041,0.0,1.0,-0.0075691349481836,0.0122619986160575,8.673617379884035e-19,0.9999999999999998,-0.0083153352483597,0.0121876771433409,0.0,1.0,0.9432683601254336,3.0,0.2983452485473717,0.0122733700002686,0.0063028371389398,0.660703947864789,-0.0379013550474159,0.0399273444970147,0.0389143497722153,0.0778286995444307,rolling_conformal,-0.0333791331579294,0.0402537227643879,0.0368164279611587,0.0736328559223174,rolling_conformal,-0.03232421246243,0.0355810612432423,0.0339526368528362,0.0679052737056724,rolling_conformal,-0.0318943508613915,0.0474148540831999,0.0396546024722957,0.0793092049445914,rolling_conformal,-0.0256842362253982,0.0502082334575133,0.0379462348414558,0.0758924696829116,rolling_conformal,-0.027712864151544,0.03894995785371,0.033331411002627,0.066662822005254,rolling_conformal,-0.0223702021920934,0.0467455564787753,0.0345578793354343,0.0691157586708687,rolling_conformal,-0.0180279637858145,0.0425747037863517,0.0303013337860831,0.0606026675721662,rolling_conformal,-0.0180279637858145,0.0425747037863517,0.0303013337860831,0.0606026675721662,rolling_conformal
FOMC_0167,2016-03-16,QQQ_ret,0.0089,-0.0107910254996119,0.0005014713193013,0.000846232851321,0.0,1.0,0.0003186789282302,0.0005079311962614,0.0,1.0,0.0026139680380275,0.0023525712342247,0.0,1.0,0.0360045156627596,0.0263356065210834,0.0,1.0,0.0308575751135037,0.0263356065210834,0.0,1.0,0.0226960323014968,0.0263356065210834,0.0,1.0,0.9432683601254336,3.0,0.2861738754934526,0.0196386679396271,0.0067192649151525,0.7450762773038606,-0.0313081807061891,0.0330006464088313,0.0321544135575102,0.0643088271150204,rolling_conformal,-0.0326337008783409,0.0336495632708638,0.0331416320746023,0.0662832641492047,rolling_conformal,-0.0323972779606039,0.0371024204290535,0.0347498491948287,0.0694996983896575,rolling_conformal,-0.0081904082684161,0.060861621310583,0.0345260147894996,0.0690520295789992,rolling_conformal,-0.0042878611936851,0.056959074235852,0.0306234677147685,0.0612469354295371,rolling_conformal,-0.0408718705750687,0.0192898195758448,0.0300808450754567,0.0601616901509135,rolling_conformal,-0.0022675290690096,0.0549387421111765,0.0286031355900931,0.0572062711801862,rolling_conformal,-0.0083504662383208,0.0476278021175751,0.0279891341779479,0.0559782683558959,rolling_conformal,-0.0083504662383208,0.0476278021175751,0.0279891341779479,0.0559782683558959,rolling_conformal
FOMC_0167,2016-03-16,SPY_ret,0.0058,-0.0036164792923848,0.005472531112875,0.0069224274341343,0.0,1.0,0.0043100764564107,0.0038790688107696,0.0,1.0,0.0053478494338371,0.007190032612027,0.0,1.0,0.004062040194179,0.0063063174014629,0.0,1.0,0.0041659202279642,0.0064675911539144,0.0,1.0,0.0047329918010892,0.007347969771191,0.0,1.0,0.9432683601254336,3.0,0.25,0.0052978861310916,0.0064201109024688,0.4521158005724326,-0.0235333475101328,0.0373782023784015,0.0304557749442671,0.0609115498885343,rolling_conformal,-0.0293447390400066,0.037102876661546,0.0332238078507763,0.0664476157015526,rolling_conformal,-0.0333603063838096,0.0477403716078638,0.0405503389958367,0.0811006779916734,rolling_conformal,-0.0235685989420513,0.0361812337449771,0.0298749163435142,0.0597498326870284,rolling_conformal,-0.023855152826978,0.036790335134807,0.0303227439808925,0.0606454879617851,rolling_conformal,-0.0277592072859165,0.0205262487011469,0.0241427279935317,0.0482854559870634,rolling_conformal,-0.0232056995478866,0.0379016390902686,0.0305536693190776,0.0611073386381553,rolling_conformal,-0.0244867436234159,0.0350825158855991,0.0297846297545075,0.059569259509015,rolling_conformal,-0.0244867436234159,0.0350825158855991,0.0297846297545075,0.059569259509015,rolling_conformal
FOMC_0167,2016-03-16,UUP_ret,-0.0108,-0.0041527471996442,-0.0024184307354237,-0.0035913696421042,0.0,1.0,-7.60799325527403e-05,-6.847193929746627e-05,0.0,1.0,0.0004290967964302,-0.0006372087426989,0.0,1.0,-0.0027030145126727,-0.0040139765513189,0.0,1.0,9.65755779845287e-05,8.691802018607583e-05,0.0,1.0,0.0005547427174044,-0.0008237929353455,0.0,1.0,0.9432683601254336,3.0,0.2835818678300065,-0.0019446064038896,0.0031886047105277,0.3788296589110274,-0.0258090540855422,0.0186263148013337,0.022217684443438,0.044435368886876,rolling_conformal,-0.020690859609965,0.02055391573137,0.0206223876706675,0.0412447753413351,rolling_conformal,-0.0212595964133665,0.0199851789279686,0.0206223876706675,0.0412447753413351,rolling_conformal,-0.0251761297645077,0.0171481766618698,0.0211621532131887,0.0423243064263775,rolling_conformal,-0.0210350779972742,0.0212089140376464,0.0211219960174603,0.0422439920349206,rolling_conformal,-0.0196697843667634,0.011364289967475,0.0155170371671192,0.0310340743342385,rolling_conformal,-0.0219457889528059,0.0202982030821147,0.0211219960174603,0.0422439920349206,rolling_conformal,-0.0214193643181922,0.0175301515104129,0.0194747579143026,0.0389495158286052,rolling_conformal,-0.0214193643181922,0.0175301515104129,0.0194747579143026,0.0389495158286052,rolling_conformal
FOMC_0164,2016-04-27,GLD_ret,0.0029,0.0040360802668504,-0.0002019793977106,-0.0001817814579395,0.0,1.0,0.0010484877092765,0.0016985500890279,0.0,1.0,-0.0013063550254401,-0.0011757195228961,0.0,1.0,0.0009003493156301,0.0008103143840671,0.0,1.0,0.0007292043985596,-0.0010635358114129,0.0,1.0,6.38582935126159e-05,-0.0001034504354904,0.0,1.0,0.953272090020825,3.0,0.2738443644396446,0.0012361640625246,0.0064493023653725,0.1608454692590664,-0.0390961312301549,0.0387325683142757,0.0389143497722153,0.0778286995444307,rolling_conformal,-0.0351178778721307,0.0385149780501866,0.0368164279611587,0.0736328559223174,rolling_conformal,-0.0351283563757323,0.03277691732994,0.0339526368528362,0.0679052737056724,rolling_conformal,-0.0388442880882286,0.0404649168563628,0.0396546024722957,0.0793092049445914,rolling_conformal,-0.0390097706528687,0.0368826990300429,0.0379462348414558,0.0758924696829116,rolling_conformal,-0.0292953307357765,0.0373674912694775,0.033331411002627,0.066662822005254,rolling_conformal,-0.0346613297709248,0.0344544288999439,0.0345578793354343,0.0691157586708687,rolling_conformal,-0.0290651697235585,0.0315374978486077,0.0303013337860831,0.0606026675721662,rolling_conformal,-0.0290651697235585,0.0315374978486077,0.0303013337860831,0.0606026675721662,rolling_conformal
FOMC_0164,2016-04-27,QQQ_ret,-0.008,-0.0070737561641995,0.0024590614447127,0.00380702595222,0.0,1.0,0.0013748153975917,0.0020376844966526,0.0,1.0,0.0027331762612882,0.0024598586351594,0.0,1.0,0.0209010617282716,0.026289720226418,0.0,1.0,0.0161327575307308,0.026289720226418,0.0,1.0,0.0107462295200553,0.0181342623150934,0.0,1.0,0.953272090020825,3.0,0.2854158094906666,0.0136743691439629,0.006722942882399,0.6704007087935291,-0.0283473876052901,0.0359614395097303,0.0321544135575102,0.0643088271150204,rolling_conformal,-0.0311039475779497,0.035179316571255,0.0331416320746023,0.0662832641492047,rolling_conformal,-0.0322899905596693,0.0372097078299882,0.0347498491948287,0.0694996983896575,rolling_conformal,-0.0082362945630815,0.0608157350159176,0.0345260147894996,0.0690520295789992,rolling_conformal,-0.0043337474883505,0.0569131879411865,0.0306234677147685,0.0612469354295371,rolling_conformal,-0.0371546012396562,0.0230070889112572,0.0300808450754567,0.0601616901509135,rolling_conformal,-0.0104688732749996,0.0467373979051865,0.0286031355900931,0.0572062711801862,rolling_conformal,-0.014314765033985,0.0416635033219109,0.0279891341779479,0.0559782683558959,rolling_conformal,-0.014314765033985,0.0416635033219109,0.0279891341779479,0.0559782683558959,rolling_conformal
FOMC_0164,2016-04-27,SPY_ret,0.0021,-0.0024188693457362,-0.0014161235214227,0.0021985317670087,0.0,1.0,0.0003538123727834,0.0005492937087463,0.0,1.0,-3.328651060680176e-05,5.167730771705973e-05,0.0,1.0,0.0035536168397483,0.0055169901437092,4.336808689942019e-19,0.9999999999999998,0.0037473022746422,0.005817686781382,0.0,1.0,0.0055388921802788,0.0085991301098829,0.0,1.0,0.953272090020825,3.0,0.25,0.0067213247828748,0.0064216979063173,0.5113990767444394,-0.0282572431772583,0.0326543067112759,0.0304557749442671,0.0609115498885343,rolling_conformal,-0.0326745141420299,0.0337731015595227,0.0332238078507763,0.0664476157015526,rolling_conformal,-0.0404986616881196,0.0406020163035538,0.0405503389958367,0.0811006779916734,rolling_conformal,-0.0243579261998049,0.0353919064872235,0.0298749163435142,0.0597498326870284,rolling_conformal,-0.0245050571995104,0.0361404307622746,0.0303227439808925,0.0606454879617851,rolling_conformal,-0.026561597339268,0.0217238586477954,0.0241427279935317,0.0482854559870634,rolling_conformal,-0.0219545392091947,0.0391527994289606,0.0305536693190776,0.0611073386381553,rolling_conformal,-0.0230633049716326,0.0365059545373823,0.0297846297545075,0.059569259509015,rolling_conformal,-0.0230633049716326,0.0365059545373823,0.0297846297545075,0.059569259509015,rolling_conformal
FOMC_0164,2016-04-27,UUP_ret,-0.0012,-0.0025199605261203,0.0001375041111999,-0.0002041936051319,0.0,1.0,0.0003553084478659,-0.0004533801897185,0.0,1.0,-0.001381843174308,-0.001821988987319,0.0,1.0,0.0001928582635888,-0.0002863945214293,0.0,1.0,0.0007126066866663,-0.0010203052582709,0.0,1.0,-0.0004660863020517,-0.0005721330834962,5.421010862427522e-20,0.9999999999999998,0.953272090020825,3.0,0.2816044193846214,-0.0012327148894916,0.0032540161339489,0.2747483937787782,-0.0224218780485699,0.0220134908383061,0.022217684443438,0.044435368886876,rolling_conformal,-0.021075767860386,0.020169007480949,0.0206223876706675,0.0412447753413351,rolling_conformal,-0.0224443766579866,0.0188003986833484,0.0206223876706675,0.0412447753413351,rolling_conformal,-0.0214485477346181,0.0208757586917594,0.0211621532131887,0.0423243064263775,rolling_conformal,-0.0221423012757312,0.0201016907591894,0.0211219960174603,0.0422439920349206,rolling_conformal,-0.0180369976932396,0.0129970766409989,0.0155170371671192,0.0310340743342385,rolling_conformal,-0.0216941291009566,0.020549862933964,0.0211219960174603,0.0422439920349206,rolling_conformal,-0.0207074728037942,0.0182420430248109,0.0194747579143026,0.0389495158286052,rolling_conformal,-0.0207074728037942,0.0182420430248109,0.0194747579143026,0.0389495158286052,rolling_conformal
FOMC_0162,2016-06-15,GLD_ret,0.0074,-0.0054736185601229,0.0034282036233565,0.0052309831041732,0.0,1.0,-0.0026583402588027,-0.0043065112192604,0.0,1.0,-0.0062508708835183,-0.0101264108312996,0.0,1.0,0.010057307827081,0.0090515770443729,0.0,1.0,0.0048305898296515,-0.0078255555240354,0.0,1.0,0.0042525897748957,-0.0068891954353311,0.0,1.0,0.9232519940819104,3.0,0.2627805256319767,-0.0078206512799897,0.0063223805643127,0.5529688284942942,-0.0336833666680421,0.0441453328763885,0.0389143497722153,0.0778286995444307,rolling_conformal,-0.0411229391804191,0.0325099167418982,0.0368164279611587,0.0736328559223174,rolling_conformal,-0.0440790476841358,0.0238262260215365,0.0339526368528362,0.0679052737056724,rolling_conformal,-0.0306030254279228,0.0487061795166686,0.0396546024722957,0.0793092049445914,rolling_conformal,-0.0457717903654912,0.0301206793174203,0.0379462348414558,0.0758924696829116,rolling_conformal,-0.0388050295627499,0.027857792442504,0.033331411002627,0.066662822005254,rolling_conformal,-0.0414470747707655,0.0276686839001032,0.0345578793354343,0.0691157586708687,rolling_conformal,-0.0381219850660728,0.0224806825060933,0.0303013337860831,0.0606026675721662,rolling_conformal,-0.0381219850660728,0.0224806825060933,0.0303013337860831,0.0606026675721662,rolling_conformal
FOMC_0162,2016-06-15,QQQ_ret,-0.0029,-0.000948476771415,0.0010622282520991,0.0009560054268891,0.0,1.0,0.0007011870600505,0.0006310683540455,0.0,1.0,0.0023229643784542,-0.0039200023886415,0.0,1.0,-0.0040060588981357,-0.0036054530083221,0.0,1.0,-0.0055436110774489,-0.004989249969704,0.0,1.0,0.0011586783501165,0.0016454467669192,0.0,1.0,0.9232519940819104,3.0,0.2148910654551053,0.0013600447175719,0.0067669438448977,0.1673501855719061,-0.031198408130621,0.0331104189843994,0.0321544135575102,0.0643088271150204,rolling_conformal,-0.0325105637205568,0.0337727004286478,0.0331416320746023,0.0662832641492047,rolling_conformal,-0.0386698515834703,0.0308298468061872,0.0347498491948287,0.0694996983896575,rolling_conformal,-0.0381314677978217,0.0309205617811774,0.0345260147894996,0.0690520295789992,rolling_conformal,-0.039278970196122,0.0293004702567139,0.034289720226418,0.068579440452836,rolling_conformal,-0.0310293218468718,0.0291323683040417,0.0300808450754567,0.0601616901509135,rolling_conformal,-0.0269576888231738,0.0302485823570123,0.0286031355900931,0.0572062711801862,rolling_conformal,-0.026629089460376,0.0293491788955199,0.0279891341779479,0.0559782683558959,rolling_conformal,-0.026629089460376,0.0293491788955199,0.0279891341779479,0.0559782683558959,rolling_conformal
FOMC_0162,2016-06-15,SPY_ret,-0.0014,-0.0028226726055247,-0.0001702481233195,-0.0001532233109876,0.0,1.0,-0.0012183226473585,0.0015387071541533,0.0,1.0,-0.0049927946060118,-0.0044935151454106,0.0,1.0,0.0050624203795385,0.0078594076392336,0.0,1.0,0.0019935152589431,0.0030949324395091,0.0,1.0,-0.0012457473137751,0.0019340227046359,0.0,1.0,0.9232519940819104,3.0,0.2237061276357329,0.0010004089389253,0.0064132535424696,0.1349424244780141,-0.0306089982552547,0.0303025516332795,0.0304557749442671,0.0609115498885343,rolling_conformal,-0.0316851006966229,0.0347625150049296,0.0332238078507763,0.0664476157015526,rolling_conformal,-0.0450438541412473,0.0360568238504261,0.0405503389958367,0.0811006779916734,rolling_conformal,-0.0220155087042806,0.0377343239827478,0.0298749163435142,0.0597498326870284,rolling_conformal,-0.0272278115413833,0.0334176764204017,0.0303227439808925,0.0606454879617851,rolling_conformal,-0.0269654005990565,0.0213200553880069,0.0241427279935317,0.0482854559870634,rolling_conformal,-0.0286196466144417,0.0324876920237136,0.0305536693190776,0.0611073386381553,rolling_conformal,-0.0287842208155821,0.0307850386934329,0.0297846297545075,0.059569259509015,rolling_conformal,-0.0287842208155821,0.0307850386934329,0.0297846297545075,0.059569259509015,rolling_conformal
FOMC_0162,2016-06-15,UUP_ret,-0.0024,0.0062479264346456,0.0009084948594996,-0.0013491148663569,0.0,1.0,0.0005369268648531,0.000797336394307,0.0,1.0,0.00203752652309,0.0030257268867886,0.0,1.0,-0.000202677109074,-0.0002925985257804,0.0,1.0,0.0005366009134135,0.0007052414316662,0.0,1.0,0.0015804703491705,0.0023469984685182,2.1684043449710093e-19,0.9999999999999998,0.9232519940819104,3.0,0.2821248331322138,0.003792301832025,0.0032223874689428,0.5406235776210334,-0.0235667993097949,0.020868569577081,0.022217684443438,0.044435368886876,rolling_conformal,-0.0198250512763605,0.0214197240649745,0.0206223876706675,0.0412447753413351,rolling_conformal,-0.0175966607838788,0.0236481145574562,0.0206223876706675,0.0412447753413351,rolling_conformal,-0.0214547517389692,0.0208695546874083,0.0211621532131887,0.0423243064263775,rolling_conformal,-0.020416754585794,0.0218272374491266,0.0211219960174603,0.0422439920349206,rolling_conformal,-0.0092691107324736,0.0217649636017649,0.0155170371671192,0.0310340743342385,rolling_conformal,-0.018774997548942,0.0234689944859786,0.0211219960174603,0.0422439920349206,rolling_conformal,-0.0156824560822776,0.0232670597463276,0.0194747579143026,0.0389495158286052,rolling_conformal,-0.0156824560822776,0.0232670597463276,0.0194747579143026,0.0389495158286052,rolling_conformal
FOMC_0161,2016-07-27,GLD_ret,0.0161,0.0133330169124966,0.0074069504512238,0.0119992597309825,0.0,1.0,0.0035363720834465,0.0057289227751833,4.336808689942019e-19,0.9999999999999998,0.0029768548751092,0.0048225048976769,0.0,1.0,0.0097699371930065,0.0158272982526705,0.0,1.0,0.0047636586085744,0.0077171269458905,0.0,1.0,-0.000562738054353,0.000911635648052,0.0,1.0,0.9487145004815712,3.0,0.3,0.0055656600328624,0.0063360950119138,0.4676340031855386,-0.0153336006799315,0.0393321201418967,0.0273328604109141,0.0546657208218282,rolling_conformal,-0.0215334387591336,0.0329912843095003,0.027262361534317,0.054524723068634,rolling_conformal,-0.0279081354561258,0.0375531452514797,0.0327306403538028,0.0654612807076056,rolling_conformal,-0.0178895227083092,0.0495441192136502,0.0337168209609797,0.0674336419219594,rolling_conformal,-0.0255499508284456,0.0409842047202267,0.0332670777743361,0.0665341555486723,rolling_conformal,-0.0186184073526234,0.0452844411776167,0.03195142426512,0.0639028485302401,rolling_conformal,-0.02939473135276,0.031218002648864,0.030306367000812,0.0606127340016241,rolling_conformal,-0.0214077817001362,0.0325391017658612,0.0269734417329987,0.0539468834659975,rolling_conformal,-0.0214077817001362,0.0325391017658612,0.0269734417329987,0.0539468834659975,rolling_conformal
FOMC_0161,2016-07-27,QQQ_ret,0.0069,0.0025735188713839,0.0008025679838328,-0.0011583635048001,1.0842021724855044e-19,0.9999999999999998,0.000726559002943,-0.0010013443126174,0.0,1.0,0.0025540368129736,-0.003940230184428,0.0,1.0,-0.0004661405506858,-0.0007866121792823,0.0,1.0,0.0003541122812358,-0.0005887402213641,0.0,1.0,0.0011900477978184,-0.001694200739427,0.0,1.0,0.9487145004815712,3.0,0.2692820001967462,-0.0006812258329361,0.0067780368839362,0.0913273798657717,-0.0333127770623103,0.0309960500527101,0.0321544135575102,0.0643088271150204,rolling_conformal,-0.0341429763872198,0.0321402877619849,0.0331416320746023,0.0662832641492047,rolling_conformal,-0.0386900793792568,0.0308096190104007,0.0347498491948287,0.0694996983896575,rolling_conformal,-0.0353126269687819,0.0337394026102172,0.0345260147894996,0.0690520295789992,rolling_conformal,-0.0348784604477821,0.0337009800050539,0.034289720226418,0.068579440452836,rolling_conformal,-0.0275073262040728,0.0326543639468407,0.0300808450754567,0.0601616901509135,rolling_conformal,-0.0302973363295201,0.0269089348506661,0.0286031355900931,0.0572062711801862,rolling_conformal,-0.0286703600108841,0.0273079083450117,0.0279891341779479,0.0559782683558959,rolling_conformal,-0.0286703600108841,0.0273079083450117,0.0279891341779479,0.0559782683558959,rolling_conformal
FOMC_0161,2016-07-27,SPY_ret,-0.0011,0.0045088073317553,0.0026313455523834,0.0040851639700752,0.0,1.0,0.0026840097227865,0.0041669250946261,0.0,1.0,0.0019282353079809,0.0029935853156403,0.0,1.0,0.0018370880319692,0.0024086356342732,0.0,1.0,-0.0009131019780277,0.001156428856571,0.0,1.0,-0.0020290963768767,-0.0031501721251011,0.0,1.0,0.9487145004815712,3.0,0.25,-0.0014207413500201,0.0064130009355994,0.1813628128921284,-0.0263706109741918,0.0345409389143424,0.0304557749442671,0.0609115498885343,rolling_conformal,-0.0290568827561502,0.0373907329454024,0.0332238078507763,0.0664476157015526,rolling_conformal,-0.0375567536801963,0.0435439243114771,0.0405503389958367,0.0811006779916734,rolling_conformal,-0.0274662807092409,0.0322835519777875,0.0298749163435142,0.0597498326870284,rolling_conformal,-0.0291663151243215,0.0314791728374636,0.0303227439808925,0.0606454879617851,rolling_conformal,-0.0196339206617764,0.028651535325287,0.0241427279935317,0.0482854559870634,rolling_conformal,-0.0337038414441788,0.0274034971939765,0.0305536693190776,0.0611073386381553,rolling_conformal,-0.0312053711045276,0.0283638884044874,0.0297846297545075,0.059569259509015,rolling_conformal,-0.0312053711045276,0.0283638884044874,0.0297846297545075,0.059569259509015,rolling_conformal
FOMC_0161,2016-07-27,UUP_ret,-0.0048,-0.006329101444417,-0.0009964277246663,-0.0014796951711295,0.0,1.0,-0.0003214701725525,-0.0004773832062405,0.0,1.0,-3.442794090099021e-05,-5.112549223797048e-05,0.0,1.0,-0.0004516313791042,-0.0006706725979697,0.0,1.0,-7.747961622267702e-05,-0.0001150572300906,0.0,1.0,0.0005034395348324,-0.0007476077092261,0.0,1.0,0.9487145004815712,3.0,0.308391023344745,-0.0027157793014153,0.0032244163813006,0.4571877551845382,-0.0236973796145675,0.0207379892723084,0.022217684443438,0.044435368886876,rolling_conformal,-0.0210997708769081,0.0201450044644269,0.0206223876706675,0.0412447753413351,rolling_conformal,-0.0206735131629055,0.0205712621784295,0.0206223876706675,0.0412447753413351,rolling_conformal,-0.0218328258111585,0.020491480615219,0.0211621532131887,0.0423243064263775,rolling_conformal,-0.021237053247551,0.0210069387873696,0.0211219960174603,0.0422439920349206,rolling_conformal,-0.0218461386115363,0.0091879357227022,0.0155170371671192,0.0310340743342385,rolling_conformal,-0.0218696037266865,0.0203743883082341,0.0211219960174603,0.0422439920349206,rolling_conformal,-0.022190537215718,0.0167589786128872,0.0194747579143026,0.0389495158286052,rolling_conformal,-0.022190537215718,0.0167589786128872,0.0194747579143026,0.0389495158286052,rolling_conformal
FOMC_0159,2016-09-21,GLD_ret,0.0146,0.003191069737907,0.0085024526272078,0.0137739732560766,0.0,1.0,0.0057188291770556,0.0092645032668302,0.0,1.0,0.0038204262039048,0.0061890904503258,0.0,1.0,0.0056576332029764,0.0091653657888217,0.0,1.0,0.0054265520959605,0.008791014395456,0.0,1.0,0.0048446824450569,0.0078483855609923,0.0,1.0,0.9708424226474714,3.0,0.3,0.00774142897688,0.0064082524919044,0.5471100902771175,-0.0135588871548374,0.0411068336669908,0.0273328604109141,0.0546657208218282,rolling_conformal,-0.0179978582674868,0.0365268648011472,0.027262361534317,0.054524723068634,rolling_conformal,-0.0265415499034769,0.0389197308041286,0.0327306403538028,0.0654612807076056,rolling_conformal,-0.0245514551721579,0.0428821867498015,0.0337168209609797,0.0674336419219594,rolling_conformal,-0.0244760633788801,0.0420580921697922,0.0332670777743361,0.0665341555486723,rolling_conformal,-0.028760354527213,0.0351424940030271,0.03195142426512,0.0639028485302401,rolling_conformal,-0.0224579814398197,0.0381547525618043,0.030306367000812,0.0606127340016241,rolling_conformal,-0.0192320127561186,0.0347148707098788,0.0269734417329987,0.0539468834659975,rolling_conformal,-0.0192320127561186,0.0347148707098788,0.0269734417329987,0.0539468834659975,rolling_conformal
FOMC_0159,2016-09-21,QQQ_ret,0.0098,-0.0013871841708335,0.0014144286983405,0.0012729858285064,0.0,1.0,0.0010502285153318,0.0016953012813349,0.0,1.0,0.0026463208498665,0.0023816887648798,0.0,1.0,0.0004373611186313,0.0006082718060576,5.421010862427522e-20,0.9999999999999998,0.000715865175891,0.0011335878193785,0.0,1.0,0.001319005674472,0.0019974402739442,0.0,1.0,0.9708424226474714,3.0,0.2997683516738156,0.0012285462288728,0.0058187748710531,0.1743292902593614,-0.0308814277290037,0.0334273993860167,0.0321544135575102,0.0643088271150204,rolling_conformal,-0.0314463307932673,0.0348369333559373,0.0331416320746023,0.0662832641492047,rolling_conformal,-0.0323681604299489,0.0371315379597086,0.0347498491948287,0.0694996983896575,rolling_conformal,-0.0339177429834419,0.0351342865955572,0.0345260147894996,0.0690520295789992,rolling_conformal,-0.0331561324070394,0.0354233080457966,0.034289720226418,0.068579440452836,rolling_conformal,-0.0314680292462903,0.0286936609046231,0.0300808450754567,0.0601616901509135,rolling_conformal,-0.0266056953161489,0.0306005758640373,0.0286031355900931,0.0572062711801862,rolling_conformal,-0.0267605879490751,0.0292176804068208,0.0279891341779479,0.0559782683558959,rolling_conformal,-0.0267605879490751,0.0292176804068208,0.0279891341779479,0.0559782683558959,rolling_conformal
FOMC_0159,2016-09-21,SPY_ret,0.0112,-0.0051648910529142,-0.0005776985055317,-0.0005199286549786,0.0,1.0,-0.000892047646152,-0.0008028428815368,0.0,1.0,-0.0017668976105504,-0.0025864860159661,2.1684043449710093e-19,0.9999999999999998,0.0069783018216518,0.0108338135781145,0.0,1.0,0.005240710539862,0.0081362031131357,0.0,1.0,0.0059767886655802,0.0074853411538636,0.0,1.0,0.9708424226474714,3.0,0.25,0.0049712005674945,0.005708809332952,0.4654682869351872,-0.0309757035992457,0.0299358462892885,0.0304557749442671,0.0609115498885343,rolling_conformal,-0.0340266507323131,0.0324209649692395,0.0332238078507763,0.0664476157015526,rolling_conformal,-0.0431368250118029,0.0379638529798705,0.0405503389958367,0.0811006779916734,rolling_conformal,-0.0190411027653996,0.0407087299216288,0.0298749163435142,0.0597498326870284,rolling_conformal,-0.0221865408677568,0.0384589470940283,0.0303227439808925,0.0606454879617851,rolling_conformal,-0.0293076190464459,0.0189778369406174,0.0241427279935317,0.0482854559870634,rolling_conformal,-0.0230683281652139,0.0380390104729413,0.0305536693190776,0.0611073386381553,rolling_conformal,-0.0248134291870129,0.0347558303220021,0.0297846297545075,0.059569259509015,rolling_conformal,-0.0248134291870129,0.0347558303220021,0.0297846297545075,0.059569259509015,rolling_conformal
FOMC_0159,2016-09-21,UUP_ret,-0.0044,0.00018765047616,-0.0012045739671574,-0.0017887923412288,0.0,1.0,-0.0026942373730474,-0.0040009424989755,0.0,1.0,-0.0008766889902759,-0.0013018831505597,0.0,1.0,-0.0008627715785941,-0.0012812157942123,0.0,1.0,-0.0026942120692698,-0.0040009049228656,0.0,1.0,-0.0005204421573299,-0.0007728566036349,0.0,1.0,0.9708424226474714,3.0,0.2842460341112102,-0.0005498199030142,0.0032348571838645,0.1452775065395585,-0.0240064767846668,0.0204288921022091,0.022217684443438,0.044435368886876,rolling_conformal,-0.024623330169643,0.016621445171692,0.0206223876706675,0.0412447753413351,rolling_conformal,-0.0219242708212273,0.0193205045201078,0.0206223876706675,0.0412447753413351,rolling_conformal,-0.0224433690074011,0.0198809374189764,0.0211621532131887,0.0423243064263775,rolling_conformal,-0.025122900940326,0.0171210910945946,0.0211219960174603,0.0422439920349206,rolling_conformal,-0.0153293866909592,0.0157046876432793,0.0155170371671192,0.0310340743342385,rolling_conformal,-0.0218948526210952,0.0203491394138254,0.0211219960174603,0.0422439920349206,rolling_conformal,-0.0200245778173168,0.0189249380112884,0.0194747579143026,0.0389495158286052,rolling_conformal,-0.0200245778173168,0.0189249380112884,0.0194747579143026,0.0389495158286052,rolling_conformal
FOMC_0157,2016-11-02,GLD_ret,0.0074,0.0025187792168784,0.0056341110873694,0.0091272599615385,0.0,1.0,0.0098704541738167,0.0159901357615831,0.0,1.0,0.0077118236644553,0.0124931543364177,8.673617379884035e-19,0.9999999999999998,0.0037070305745807,0.0060053895308207,4.336808689942019e-19,0.9999999999999998,0.0055561233196269,0.0090009197777956,0.0,1.0,0.0093189456380038,0.0150966919335662,0.0,1.0,0.9731342660998644,3.0,0.3,0.0135879817422719,0.0064652378919881,0.6775961772789652,-0.0182056004493755,0.0364601203724527,0.0273328604109141,0.0546657208218282,rolling_conformal,-0.0112722257727338,0.0432524972959001,0.027262361534317,0.054524723068634,rolling_conformal,-0.0202374860173851,0.0452237946902205,0.0327306403538028,0.0654612807076056,rolling_conformal,-0.0277114314301589,0.0397222104918005,0.0337168209609797,0.0674336419219594,rolling_conformal,-0.0242661579965405,0.0422679975521317,0.0332670777743361,0.0665341555486723,rolling_conformal,-0.0294326450482416,0.0344702034819985,0.03195142426512,0.0639028485302401,rolling_conformal,-0.0152096750672458,0.0454030589343783,0.030306367000812,0.0606127340016241,rolling_conformal,-0.0133854599907268,0.0405614234752706,0.0269734417329987,0.0539468834659975,rolling_conformal,-0.0133854599907268,0.0405614234752706,0.0269734417329987,0.0539468834659975,rolling_conformal
FOMC_0157,2016-11-02,QQQ_ret,-0.008,0.0041514032827483,0.0019223121122505,0.0028395846375267,2.1684043449710093e-19,0.9999999999999998,0.001561073233521,0.0023159172407282,0.0,1.0,0.0026237961394357,0.0044276559852978,0.0,1.0,0.0008226268638623,-0.0011688652026865,1.0842021724855044e-19,0.9999999999999998,0.0011029815306187,-0.0016155104237203,0.0,1.0,0.0014044455918499,0.002225654285905,0.0,1.0,0.9731342660998644,3.0,0.3309054248896883,0.0035786188449204,0.0058259162369536,0.3805212069021528,-0.0290964580480059,0.0347756273230595,0.0319360426855327,0.0638720853710654,rolling_conformal,-0.027559548631933,0.0321913831133895,0.0298754658726613,0.0597509317453226,rolling_conformal,-0.0257772155010005,0.0346325274715961,0.0302048714862983,0.0604097429725967,rolling_conformal,-0.0354585854291046,0.0331208550237314,0.034289720226418,0.068579440452836,rolling_conformal,-0.0322389781384888,0.0290079572910482,0.0306234677147685,0.0612469354295371,rolling_conformal,-0.0237430576982402,0.0320458642637368,0.0278944609809885,0.0557889219619771,rolling_conformal,-0.0239086080291884,0.0283599166009984,0.0261342623150934,0.0522685246301868,rolling_conformal,-0.0236613091901487,0.0308185468799895,0.0272399280350691,0.0544798560701383,rolling_conformal,-0.0236613091901487,0.0308185468799895,0.0272399280350691,0.0544798560701383,rolling_conformal
FOMC_0157,2016-11-02,SPY_ret,-0.006,0.0014712615993298,0.0017294542968263,-0.0026849777958228,0.0,1.0,0.0034773842000675,-0.0052940869358169,0.0,1.0,0.007230386594182,0.0096138790776988,8.673617379884035e-19,0.9999999999999998,0.0003084257011624,-0.0004788309010547,0.0,1.0,0.0010938364421766,-0.0016981810764792,0.0,1.0,0.0038147471831696,-0.0049878598551032,0.0,1.0,0.9731342660998644,3.0,0.25,-0.0038790414152192,0.00573174572011,0.4036139105423265,-0.0325598941393371,0.0271899385476913,0.0298749163435142,0.0597498326870284,rolling_conformal,-0.0374318253398954,0.0268436514682615,0.0321377384040785,0.064275476808157,rolling_conformal,-0.0275007201503223,0.0467284783057201,0.0371145992280212,0.0742291984560425,rolling_conformal,-0.0249228635618218,0.0239652017597123,0.024444032660767,0.0488880653215341,rolling_conformal,-0.0276518342073615,0.024255472054403,0.0259536531308823,0.0519073062617646,rolling_conformal,-0.0202312829350998,0.0231738061337595,0.0217025445344297,0.0434050890688594,rolling_conformal,-0.0337504082444121,0.0237746885342055,0.0287625483893088,0.0575250967786177,rolling_conformal,-0.0325200958563942,0.0247620130259557,0.0286410544411749,0.0572821088823499,rolling_conformal,-0.0325200958563942,0.0247620130259557,0.0286410544411749,0.0572821088823499,rolling_conformal
FOMC_0157,2016-11-02,UUP_ret,-0.0036,0.0011632755474141,-0.000918619123491,-0.0013641493983842,0.0,1.0,-0.0005149314555551,-0.0007646732114994,0.0,1.0,-0.0003123183379532,-0.0004637927318605,0.0,1.0,0.0006329735084655,-0.0009399656600713,0.0,1.0,-5.23087929488254e-06,-7.767855752900572e-06,0.0,1.0,0.0001545197172423,-0.0002294617801048,0.0,1.0,0.9731342660998644,3.0,0.3013783926138818,0.0002093070726957,0.0032369474818106,0.0607373779305671,-0.0235818338418222,0.0208535350450537,0.022217684443438,0.044435368886876,rolling_conformal,-0.021387060882167,0.019857714459168,0.0206223876706675,0.0412447753413351,rolling_conformal,-0.021086180402528,0.020158594938807,0.0206223876706675,0.0412447753413351,rolling_conformal,-0.0221021188732601,0.0202221875531174,0.0211621532131887,0.0423243064263775,rolling_conformal,-0.0211297638732132,0.0211142281617074,0.0211219960174603,0.0422439920349206,rolling_conformal,-0.0143537616197051,0.0166803127145334,0.0155170371671192,0.0310340743342385,rolling_conformal,-0.0213514577975652,0.0208925342373554,0.0211219960174603,0.0422439920349206,rolling_conformal,-0.0192654508416068,0.0196840649869983,0.0194747579143026,0.0389495158286052,rolling_conformal,-0.0192654508416068,0.0196840649869983,0.0194747579143026,0.0389495158286052,rolling_conformal
FOMC_0155,2016-12-14,GLD_ret,-0.0147,0.0145493870202525,0.013920086282456,0.0215431365552671,0.0,1.0,0.0130309916201523,0.0211102064246468,0.0,1.0,0.0096732193334089,0.0156706153201224,0.0,1.0,0.0135464649988728,0.0215431365552671,0.0,1.0,0.0151436090286301,0.0215431365552671,0.0,1.0,0.0138638878769427,0.0215431365552671,1.734723475976807e-18,0.9999999999999998,0.970210728396492,3.0,0.3,0.0215431365552671,0.0064778191546229,0.7688224159834515,-0.0057897238556469,0.0488759969661813,0.0273328604109141,0.0546657208218282,rolling_conformal,-0.0061521551096701,0.0483725679589638,0.027262361534317,0.054524723068634,rolling_conformal,-0.0170600250336803,0.0484012556739252,0.0327306403538028,0.0654612807076056,rolling_conformal,-0.0121736844057125,0.0552599575162469,0.0337168209609797,0.0674336419219594,rolling_conformal,-0.011723941219069,0.0548102143296033,0.0332670777743361,0.0665341555486723,rolling_conformal,-0.0174020372448675,0.0465008112853726,0.03195142426512,0.0639028485302401,rolling_conformal,-0.0087632304455449,0.0518495035560792,0.030306367000812,0.0606127340016241,rolling_conformal,-0.0054303051777315,0.0485165782882659,0.0269734417329987,0.0539468834659975,rolling_conformal,-0.0054303051777315,0.0485165782882659,0.0269734417329987,0.0539468834659975,rolling_conformal
FOMC_0155,2016-12-14,QQQ_ret,-0.0021,-0.0019561659247308,0.0014957498044156,0.0024997965022529,0.0,1.0,0.0010220405503487,0.0017246934287135,0.0,1.0,0.0025357383375926,0.0042239193942044,0.0,1.0,0.0003220760539356,0.0004777438798292,0.0,1.0,0.0011142882457943,0.0018258686979046,0.0,1.0,0.0012913997858638,0.0021792371386451,0.0,1.0,0.970210728396492,3.0,0.3046965215192126,0.0011489927626932,0.0058213078427446,0.1648424048415953,-0.0294362461832797,0.0344358391877857,0.0319360426855327,0.0638720853710654,rolling_conformal,-0.0281507724439477,0.0316001593013748,0.0298754658726613,0.0597509317453226,rolling_conformal,-0.0259809520920939,0.0344287908805028,0.0302048714862983,0.0604097429725967,rolling_conformal,-0.0338119763465887,0.0347674641062473,0.034289720226418,0.068579440452836,rolling_conformal,-0.0287975990168638,0.0324493364126732,0.0306234677147685,0.0612469354295371,rolling_conformal,-0.0298506269057194,0.0259382950562576,0.0278944609809885,0.0557889219619771,rolling_conformal,-0.0239550251764482,0.0283134994537386,0.0261342623150934,0.0522685246301868,rolling_conformal,-0.0260909352723759,0.0283889207977624,0.0272399280350691,0.0544798560701383,rolling_conformal,-0.0260909352723759,0.0283889207977624,0.0272399280350691,0.0544798560701383,rolling_conformal
FOMC_0155,2016-12-14,SPY_ret,-0.0083,0.0003773502399778,0.004497432897168,0.0069822645728534,0.0,1.0,0.0055071229673887,0.008549808406871,0.0,1.0,0.0091382377204361,0.014187114060977,0.0,1.0,0.0062180004752556,0.0096534457378344,0.0,1.0,0.006964069437676,0.0108117178019921,0.0,1.0,0.0071392836672319,0.0110837378933775,0.0,1.0,0.970210728396492,3.0,0.25,0.0096682121270318,0.0057359585946901,0.6276362438021978,-0.0228926517706607,0.0368571809163677,0.0298749163435142,0.0597498326870284,rolling_conformal,-0.0235879299972074,0.0406875468109495,0.0321377384040785,0.064275476808157,rolling_conformal,-0.0229274851670441,0.0513017132889983,0.0371145992280212,0.0742291984560425,rolling_conformal,-0.0147905869229326,0.0340974783986015,0.024444032660767,0.0488880653215341,rolling_conformal,-0.0151419353288902,0.0367653709328744,0.0259536531308823,0.0519073062617646,rolling_conformal,-0.0213251942944518,0.0220798947744075,0.0217025445344297,0.0434050890688594,rolling_conformal,-0.0176788104959312,0.0398462862826864,0.0287625483893088,0.0575250967786177,rolling_conformal,-0.0189728423141431,0.0383092665682067,0.0286410544411749,0.0572821088823499,rolling_conformal,-0.0189728423141431,0.0383092665682067,0.0286410544411749,0.0572821088823499,rolling_conformal
FOMC_0155,2016-12-14,UUP_ret,0.0096,-0.0078407504777003,-0.0026312681540257,-0.0039074332087282,0.0,1.0,-0.0036748055766523,-0.0054570862813287,0.0,1.0,-0.0015408354746767,-0.0022881406798949,0.0,1.0,-0.0024231167871805,-0.0035983284289631,0.0,1.0,-0.0034881919776953,-0.0051799650868776,0.0,1.0,-0.0014838372997207,-0.0022034983900853,0.0,1.0,0.970210728396492,3.0,0.35,-0.0045941902828256,0.0032358114901829,0.5867424489274282,-0.0162461252295859,0.0084312588121294,0.0123386920208576,0.0246773840417153,rolling_conformal,-0.0171007319331878,0.0061865593705302,0.011643645651859,0.0232872913037181,rolling_conformal,-0.0138967715370492,0.0093204901772593,0.0116086308571543,0.0232172617143086,rolling_conformal,-0.0163964223997716,0.0091997655418453,0.0127980939708085,0.025596187941617,rolling_conformal,-0.0179180451196566,0.0075581149459014,0.012738080032779,0.025476160065558,rolling_conformal,-0.0232473574328684,0.0075658564774677,0.0154066069551681,0.0308132139103362,rolling_conformal,-0.0146745409387169,0.0102675441585462,0.0124710425486316,0.0249420850972632,rolling_conformal,-0.0165537470147698,0.0073653664491185,0.0119595567319441,0.0239191134638883,rolling_conformal,-0.0165537470147698,0.0073653664491185,0.0119595567319441,0.0239191134638883,rolling_conformal
FOMC_0153,2017-02-01,GLD_ret,-0.003,0.0035152867264072,-0.0009847704662852,0.001595328155382,0.0,1.0,-8.531765389610512e-05,0.0001382145993116,0.0,1.0,-0.002125112890217,0.0034426828821516,0.0,1.0,0.0029825750727315,0.0048317716178251,0.0,1.0,0.0013336323838281,0.0021604844618015,0.0,1.0,-0.0013197375935656,0.0021379749015763,0.0,1.0,0.9566261118624044,3.0,0.2788595540392007,0.0030264617553858,0.0065539396548946,0.3159020657649693,-0.0346478083998851,0.0378384647106492,0.0362431365552671,0.0724862731105343,rolling_conformal,-0.0356719918253351,0.0359484210239585,0.0358102064246468,0.0716204128492936,rolling_conformal,-0.0292879574716511,0.0361733232359544,0.0327306403538028,0.0654612807076056,rolling_conformal,-0.031411364937442,0.0410749081730923,0.0362431365552671,0.0724862731105343,rolling_conformal,-0.0340826520934656,0.0384036210170687,0.0362431365552671,0.0724862731105343,rolling_conformal,-0.0284361375387128,0.0354667109915273,0.03195142426512,0.0639028485302401,rolling_conformal,-0.032419904433858,0.0366958542370106,0.0345578793354343,0.0691157586708687,rolling_conformal,-0.0272748720306972,0.033327795541469,0.0303013337860831,0.0606026675721662,rolling_conformal,-0.0272748720306972,0.033327795541469,0.0303013337860831,0.0606026675721662,rolling_conformal
FOMC_0153,2017-02-01,QQQ_ret,0.0069,-0.0012809601677417,0.0014494265957672,0.0021379368373988,0.0,1.0,0.0010758967361102,0.0015824013463362,0.0,1.0,0.0024129130415171,0.0034967630481026,0.0,1.0,0.0004616693317821,0.0007279426308865,0.0,1.0,0.0009500532264773,0.0014628587745725,1.0842021724855044e-19,0.9999999999999998,0.0012021591073307,0.001833112823631,0.0,1.0,0.9566261118624044,3.0,0.2850027073592926,0.0011819919877192,0.0058272140856501,0.1686354044941038,-0.0297981058481338,0.0340739795229316,0.0319360426855327,0.0638720853710654,rolling_conformal,-0.028293064526325,0.0314578672189976,0.0298754658726613,0.0597509317453226,rolling_conformal,-0.0267081084381956,0.033701634534401,0.0302048714862983,0.0604097429725967,rolling_conformal,-0.0335617775955314,0.0350176628573046,0.034289720226418,0.068579440452836,rolling_conformal,-0.029160608940196,0.0320863264893411,0.0306234677147685,0.0612469354295371,rolling_conformal,-0.0291754211487302,0.0266135008132468,0.0278944609809885,0.0557889219619771,rolling_conformal,-0.0243011494914623,0.0279673751387245,0.0261342623150934,0.0522685246301868,rolling_conformal,-0.0260579360473499,0.0284219200227883,0.0272399280350691,0.0544798560701383,rolling_conformal,-0.0260579360473499,0.0284219200227883,0.0272399280350691,0.0544798560701383,rolling_conformal
FOMC_0153,2017-02-01,SPY_ret,0.0004,-0.0009935110038255,0.0003716415311088,0.0005368405496164,0.0,1.0,0.0006575272029047,0.0009037766110536,0.0,1.0,0.0023248471023627,0.0036093251264181,0.0,1.0,0.004430678965602,0.0068786290940971,0.0,1.0,0.0053937466883575,0.0083737917336751,0.0,1.0,0.004777680933437,0.007417349649161,0.0,1.0,0.9566261118624044,3.0,0.25,0.0061118296588015,0.0057766339679782,0.5140979280161004,-0.0293380757938977,0.0304117568931307,0.0298749163435142,0.0597498326870284,rolling_conformal,-0.0312339617930248,0.0330415150151321,0.0321377384040785,0.064275476808157,rolling_conformal,-0.033505274101603,0.0407239243544394,0.0371145992280212,0.0742291984560425,rolling_conformal,-0.0175654035666699,0.0313226617548642,0.024444032660767,0.0488880653215341,rolling_conformal,-0.0175798613972071,0.0343274448645574,0.0259536531308823,0.0519073062617646,rolling_conformal,-0.0226960555382552,0.0207090335306041,0.0217025445344297,0.0434050890688594,rolling_conformal,-0.0213451987401478,0.0361798980384698,0.0287625483893088,0.0575250967786177,rolling_conformal,-0.0225292247823734,0.0347528840999765,0.0286410544411749,0.0572821088823499,rolling_conformal,-0.0225292247823734,0.0347528840999765,0.0286410544411749,0.0572821088823499,rolling_conformal
FOMC_0153,2017-02-01,UUP_ret,0.0008,-0.0031576075200636,-0.001669257741958,-0.002245013103779,0.0,1.0,-0.0020281310708348,-0.0018253179637513,0.0,1.0,0.0003838056583154,0.0004612826976082,0.0,1.0,0.0005262532051198,-0.0006823816824922,0.0,1.0,-0.0006599086509121,0.0009316223953381,0.0,1.0,0.0007691555008451,0.0006922399507605,0.0,1.0,0.9566261118624044,3.0,0.2957744619421302,-0.0004910912748298,0.0032367662875159,0.1317378545821612,-0.0157524463125073,0.0112624201049491,0.0135074332087282,0.0270148664174565,rolling_conformal,-0.0168824042450801,0.0132317683175774,0.0150570862813287,0.0301141725626575,rolling_conformal,-0.0114268579822867,0.0123494233775031,0.0118881406798949,0.0237762813597898,rolling_conformal,-0.0138807101114554,0.0125159467464708,0.0131983284289631,0.0263966568579263,rolling_conformal,-0.0138483426915394,0.0157115874822157,0.0147799650868776,0.0295599301737552,rolling_conformal,-0.0186746446871829,0.0123594296470556,0.0155170371671192,0.0310340743342385,rolling_conformal,-0.011778802597871,0.0131632824993922,0.0124710425486316,0.0249420850972632,rolling_conformal,-0.0146852815576555,0.0137030990079957,0.0141941902828256,0.0283883805656513,rolling_conformal,-0.0146852815576555,0.0137030990079957,0.0141941902828256,0.0283883805656513,rolling_conformal
FOMC_0150,2017-03-15,GLD_ret,0.0187,0.0029348248932773,0.0006059650874985,0.000942628420139,0.0,1.0,0.0001063235301546,0.0001722441188505,0.0,1.0,-0.0001398398786653,0.0002058676389914,0.0,1.0,0.0001264672931592,0.0002024747160394,0.0,1.0,-0.0007400168033873,0.001092867858037,0.0,1.0,-0.0026447740258056,0.0035032253690734,0.0,1.0,0.9654567103716803,3.0,0.2901553150904115,0.0040059611399055,0.0065357083778271,0.3800126092969228,-0.0353005081351281,0.0371857649754062,0.0362431365552671,0.0724862731105343,rolling_conformal,-0.0356379623057963,0.0359824505434973,0.0358102064246468,0.0716204128492936,rolling_conformal,-0.0325247727148114,0.0329365079927942,0.0327306403538028,0.0654612807076056,rolling_conformal,-0.0360406618392276,0.0364456112713066,0.0362431365552671,0.0724862731105343,rolling_conformal,-0.03515026869723,0.0373360044133042,0.0362431365552671,0.0724862731105343,rolling_conformal,-0.0290165993718427,0.0348862491583974,0.03195142426512,0.0639028485302401,rolling_conformal,-0.0310546539663609,0.0380611047045077,0.0345578793354343,0.0691157586708687,rolling_conformal,-0.0262953726461776,0.0343072949259886,0.0303013337860831,0.0606026675721662,rolling_conformal,-0.0262953726461776,0.0343072949259886,0.0303013337860831,0.0606026675721662,rolling_conformal
FOMC_0150,2017-03-15,QQQ_ret,0.0062,-0.0047407459840376,0.001537425711229,0.0024071303346969,0.0,1.0,0.001330829729176,0.0022457751679846,0.0,1.0,0.0025341098266944,0.003667703757204,0.0,1.0,0.0004683285554167,0.0007239248406916,5.421010862427522e-20,0.9999999999999998,0.0010977718904415,0.00178414734741,0.0,1.0,0.0014421832415643,0.0022200936552955,0.0,1.0,0.9654567103716803,3.0,0.3385715165127853,-0.0001708104719947,0.0058336737138787,0.0284487696560038,-0.0295289123508358,0.0343431730202296,0.0319360426855327,0.0638720853710654,rolling_conformal,-0.0276296907046766,0.0321212410406459,0.0298754658726613,0.0597509317453226,rolling_conformal,-0.0265371677290943,0.0338725752435024,0.0302048714862983,0.0604097429725967,rolling_conformal,-0.0335657953857264,0.0350136450671096,0.034289720226418,0.068579440452836,rolling_conformal,-0.0288393203673585,0.0324076150621785,0.0306234677147685,0.0612469354295371,rolling_conformal,-0.0326352069650261,0.0231537149969509,0.0278944609809885,0.0557889219619771,rolling_conformal,-0.0239141686597978,0.0283543559703889,0.0261342623150934,0.0522685246301868,rolling_conformal,-0.0274107385070638,0.0270691175630744,0.0272399280350691,0.0544798560701383,rolling_conformal,-0.0274107385070638,0.0270691175630744,0.0272399280350691,0.0544798560701383,rolling_conformal
FOMC_0150,2017-03-15,SPY_ret,0.0087,-0.0054637132599334,4.83422139568522e-05,7.505128716801304e-05,0.0,1.0,0.0005523273697447,0.0008574882415286,0.0,1.0,0.0017162377320155,0.0025178983472764,2.1684043449710093e-19,0.9999999999999998,0.007820738330445,0.0121416962580158,0.0,1.0,0.0075927518975785,0.0117877473209906,0.0,1.0,0.0084737645493383,0.0131555194628477,0.0,1.0,0.9654567103716803,3.0,0.25,0.0097758179744753,0.0057765841117393,0.6285731062347808,-0.0297998650563462,0.0299499676306822,0.0298749163435142,0.0597498326870284,rolling_conformal,-0.0312802501625498,0.0329952266456072,0.0321377384040785,0.064275476808157,rolling_conformal,-0.0345967008807448,0.0396324975752977,0.0371145992280212,0.0742291984560425,rolling_conformal,-0.0123023364027512,0.0365857289187829,0.024444032660767,0.0488880653215341,rolling_conformal,-0.0141659058098916,0.0377414004518729,0.0259536531308823,0.0519073062617646,rolling_conformal,-0.0271662577943631,0.0162388312744962,0.0217025445344297,0.0434050890688594,rolling_conformal,-0.015607028926461,0.0419180678521566,0.0287625483893088,0.0575250967786177,rolling_conformal,-0.0188652364666996,0.0384168724156503,0.0286410544411749,0.0572821088823499,rolling_conformal,-0.0188652364666996,0.0384168724156503,0.0286410544411749,0.0572821088823499,rolling_conformal
FOMC_0150,2017-03-15,UUP_ret,-0.0118,-0.000397017953734,-0.0012311359915238,0.0014931638959633,0.0,1.0,-0.0019355055208229,0.0023636331787287,0.0,1.0,-0.0002435961331202,-0.0002192365198082,2.710505431213761e-20,0.9999999999999998,0.000486097536479,0.0004374877828311,0.0,1.0,-0.0007575103817438,0.0011249029168895,0.0,1.0,-8.059673137934023e-05,-7.25370582414062e-05,0.0,1.0,0.9654567103716803,3.0,0.2774054630823941,-0.0001788048144486,0.0032227976976533,0.0525676613113525,-0.0120142693127648,0.0150005971046916,0.0135074332087282,0.0270148664174565,rolling_conformal,-0.0126934531026,0.0174207194600575,0.0150570862813287,0.0301141725626575,rolling_conformal,-0.0121073771997031,0.0116689041600866,0.0118881406798949,0.0237762813597898,rolling_conformal,-0.012760840646132,0.0136358162117942,0.0131983284289631,0.0263966568579263,rolling_conformal,-0.013655062169988,0.0159048680037671,0.0147799650868776,0.0295599301737552,rolling_conformal,-0.0159140551208533,0.0151200192133852,0.0155170371671192,0.0310340743342385,rolling_conformal,-0.012543579606873,0.0123985054903902,0.0124710425486316,0.0249420850972632,rolling_conformal,-0.0143729950972743,0.014015385468377,0.0141941902828256,0.0283883805656513,rolling_conformal,-0.0143729950972743,0.014015385468377,0.0141941902828256,0.0283883805656513,rolling_conformal
FOMC_0148,2017-05-03,GLD_ret,-0.014,0.0016173397387701,0.0071395730857077,0.0115661083988466,0.0,1.0,0.0050198414694342,0.0081321431804835,0.0,1.0,0.0026616437024809,0.0043118627980191,0.0,1.0,0.0030104030465935,0.0048768529354815,0.0,1.0,0.0044637073144463,0.0072312058494031,0.0,1.0,0.0016795893183119,0.0027209346956652,2.1684043449710093e-19,0.9999999999999998,0.9439558110060424,3.0,0.267305871597726,0.0029111247405858,0.0066493450053369,0.3044967217076475,-0.0246770281564205,0.0478092449541137,0.0362431365552671,0.0724862731105343,rolling_conformal,-0.0276780632441633,0.0439423496051303,0.0358102064246468,0.0716204128492936,rolling_conformal,-0.0284187775557836,0.0370425031518219,0.0327306403538028,0.0654612807076056,rolling_conformal,-0.0313662836197855,0.0411199894907487,0.0362431365552671,0.0724862731105343,rolling_conformal,-0.029011930705864,0.0434743424046702,0.0362431365552671,0.0724862731105343,rolling_conformal,-0.0303340845263499,0.0335687640038902,0.03195142426512,0.0639028485302401,rolling_conformal,-0.031836944639769,0.0372788140310996,0.0345578793354343,0.0691157586708687,rolling_conformal,-0.0273902090454972,0.033212458526669,0.0303013337860831,0.0606026675721662,rolling_conformal,-0.0273902090454972,0.033212458526669,0.0303013337860831,0.0606026675721662,rolling_conformal
FOMC_0148,2017-05-03,QQQ_ret,-0.0032,0.007517562701381,0.001897258484259,0.0030717243966713,2.1684043449710093e-19,0.9999999999999998,0.001528241928764,0.002304341582752,0.0,1.0,0.0018301018762088,0.0016470916885879,0.0,1.0,0.0010398033258778,0.00093582299329,0.0,1.0,0.0011103473630959,0.0009993126267863,0.0,1.0,0.0008946992679764,0.0008052293411788,0.0,1.0,0.9439558110060424,3.0,0.2726404740332181,0.0032941038629666,0.0058390978755283,0.3606742028198573,-0.0288643182888614,0.035007767082204,0.0319360426855327,0.0638720853710654,rolling_conformal,-0.0275711242899092,0.0321798074554133,0.0298754658726613,0.0597509317453226,rolling_conformal,-0.0285577797977104,0.0318519631748863,0.0302048714862983,0.0604097429725967,rolling_conformal,-0.033353897233128,0.035225543219708,0.034289720226418,0.068579440452836,rolling_conformal,-0.0296241550879822,0.0316227803415548,0.0306234677147685,0.0612469354295371,rolling_conformal,-0.0203768982796075,0.0354120236823695,0.0278944609809885,0.0557889219619771,rolling_conformal,-0.0253290329739146,0.0269394916562722,0.0261342623150934,0.0522685246301868,rolling_conformal,-0.0239458241721025,0.0305340318980358,0.0272399280350691,0.0544798560701383,rolling_conformal,-0.0239458241721025,0.0305340318980358,0.0272399280350691,0.0544798560701383,rolling_conformal
FOMC_0148,2017-05-03,SPY_ret,-0.0012,0.0056420140126332,0.0026586460583793,0.004127548005634,0.0,1.0,0.0009488320666244,0.0014730617834344,0.0,1.0,0.0013011961146103,0.0020201069679325,0.0,1.0,-0.0008614562758248,-0.0011907846587984,0.0,1.0,-0.0016111704651512,-0.0014500534186361,2.1684043449710093e-19,0.9999999999999998,-0.0021436465177244,-0.0030185228668133,0.0,1.0,0.9439558110060424,3.0,0.25,-0.0009813969439944,0.0057939361404834,0.1448497783444879,-0.0257473683378802,0.0340024643491482,0.0298749163435142,0.0597498326870284,rolling_conformal,-0.030664676620644,0.0336108001875129,0.0321377384040785,0.064275476808157,rolling_conformal,-0.0350944922600887,0.0391347061959538,0.0371145992280212,0.0742291984560425,rolling_conformal,-0.0256348173195655,0.0232532480019685,0.024444032660767,0.0488880653215341,rolling_conformal,-0.0274037065495184,0.0245035997122461,0.0259536531308823,0.0519073062617646,rolling_conformal,-0.0160605305217964,0.0273445585470629,0.0217025445344297,0.0434050890688594,rolling_conformal,-0.0317810712561222,0.0257440255224954,0.0287625483893088,0.0575250967786177,rolling_conformal,-0.0296224513851694,0.0276596574971804,0.0286410544411749,0.0572821088823499,rolling_conformal,-0.0296224513851694,0.0276596574971804,0.0286410544411749,0.0572821088823499,rolling_conformal
FOMC_0148,2017-05-03,UUP_ret,0.0039,-0.0016604392051294,-0.0009891612416032,-0.0014689044437808,0.0,1.0,-0.0007884581975009,-0.0011708604232889,1.0842021724855044e-19,0.9999999999999998,-0.0034829183396099,-0.0046267297623475,4.336808689942019e-19,0.9999999999999998,-0.0021068784482174,-0.0031287144956028,0.0,1.0,-0.0017271180302432,-0.0025647702749112,2.1684043449710093e-19,0.9999999999999998,-0.0038963137164926,-0.0056378705147334,0.0,1.0,0.9439558110060424,3.0,0.2773031885569504,-0.0049884077433454,0.0033158106097906,0.6007081610974222,-0.0149763376525091,0.0120385287649473,0.0135074332087282,0.0270148664174565,rolling_conformal,-0.0162279467046177,0.0138862258580398,0.0150570862813287,0.0301141725626575,rolling_conformal,-0.0165148704422424,0.0072614109175474,0.0118881406798949,0.0237762813597898,rolling_conformal,-0.016327042924566,0.0100696139333603,0.0131983284289631,0.0263966568579263,rolling_conformal,-0.0173447353617888,0.0122151948119663,0.0147799650868776,0.0295599301737552,rolling_conformal,-0.0171774763722487,0.0138565979619898,0.0155170371671192,0.0310340743342385,rolling_conformal,-0.018108913063365,0.0068331720338981,0.0124710425486316,0.0249420850972632,rolling_conformal,-0.0191825980261711,0.0092057825394802,0.0141941902828256,0.0283883805656513,rolling_conformal,-0.0191825980261711,0.0092057825394802,0.0141941902828256,0.0283883805656513,rolling_conformal
FOMC_0146,2017-06-14,GLD_ret,-0.0055,0.0042046895620657,0.0089034741024733,0.0144236280460068,0.0,1.0,0.0151197579560258,0.0222868824889527,1.734723475976807e-18,0.9999999999999998,0.0089731304289478,-0.012208993946942,0.0,1.0,0.0064916775589589,0.0105165176455135,0.0,1.0,0.0062623945434919,0.0101450791604569,8.673617379884035e-19,0.9999999999999998,0.005047533843796,0.0079107369908171,0.0,1.0,0.9648438157473076,3.0,0.2946212428740606,0.0081826280294498,0.0067202752919802,0.5490629820468313,-0.0218195085092603,0.050666764601274,0.0362431365552671,0.0724862731105343,rolling_conformal,-0.013523323935694,0.0580970889135995,0.0358102064246468,0.0716204128492936,rolling_conformal,-0.0449396343007448,0.0205216464068608,0.0327306403538028,0.0654612807076056,rolling_conformal,-0.0257266189097536,0.0467596542007807,0.0362431365552671,0.0724862731105343,rolling_conformal,-0.0260980573948102,0.0463882157157241,0.0362431365552671,0.0724862731105343,rolling_conformal,-0.0277467347030543,0.0361561138271858,0.03195142426512,0.0639028485302401,rolling_conformal,-0.0266471423446172,0.0424686163262515,0.0345578793354343,0.0691157586708687,rolling_conformal,-0.0221187057566332,0.0384839618155329,0.0303013337860831,0.0606026675721662,rolling_conformal,-0.0221187057566332,0.0384839618155329,0.0303013337860831,0.0606026675721662,rolling_conformal
FOMC_0146,2017-06-14,QQQ_ret,-0.0043,0.0025091898483963,0.0016130840215658,0.002419471405396,0.0,1.0,0.0014647207938392,0.0024717163396037,0.0,1.0,0.0024954516286359,0.0038162745747985,0.0,1.0,0.0006256005652586,0.0009924159508909,0.0,1.0,0.0011663230349357,0.0019463266301065,0.0,1.0,0.00134636936205,0.0020920690030363,0.0,1.0,0.9648438157473076,3.0,0.3136303904228586,0.0027786134707751,0.0058496640074452,0.3220364965572795,-0.0295165712801366,0.0343555140909288,0.0319360426855327,0.0638720853710654,rolling_conformal,-0.0274037495330576,0.032347182212265,0.0298754658726613,0.0597509317453226,rolling_conformal,-0.0263885969114998,0.0340211460610969,0.0302048714862983,0.0604097429725967,rolling_conformal,-0.0332973042755271,0.0352821361773089,0.034289720226418,0.068579440452836,rolling_conformal,-0.028677141084662,0.032569794344875,0.0306234677147685,0.0612469354295371,rolling_conformal,-0.0253852711325922,0.0304036508293848,0.0278944609809885,0.0557889219619771,rolling_conformal,-0.0240421933120571,0.0282263313181297,0.0261342623150934,0.0522685246301868,rolling_conformal,-0.024461314564294,0.0300185415058442,0.0272399280350691,0.0544798560701383,rolling_conformal,-0.024461314564294,0.0300185415058442,0.0272399280350691,0.0544798560701383,rolling_conformal
FOMC_0146,2017-06-14,SPY_ret,-0.0013,0.0002198127926868,0.0031166738370276,0.0048386361319853,0.0,1.0,0.0036613863842868,0.0054526387105653,0.0,1.0,0.0058561311547397,0.0090916436177335,0.0,1.0,0.0045466266640761,0.0070586378959781,0.0,1.0,0.0048190295054174,0.0074815433071605,0.0,1.0,0.0064525120166195,0.0100175249058018,8.673617379884035e-19,0.9999999999999998,0.9648438157473076,3.0,0.25,0.0087033114091515,0.005797909019638,0.6001781332894819,-0.0250362802115288,0.0347135524754996,0.0298749163435142,0.0597498326870284,rolling_conformal,-0.0266850996935131,0.0375903771146438,0.0321377384040785,0.064275476808157,rolling_conformal,-0.0280229556102877,0.0462062428457547,0.0371145992280212,0.0742291984560425,rolling_conformal,-0.0173853947647889,0.0315026705567452,0.024444032660767,0.0488880653215341,rolling_conformal,-0.0184721098237217,0.0334351964380428,0.0259536531308823,0.0519073062617646,rolling_conformal,-0.0214827317417428,0.0219223573271165,0.0217025445344297,0.0434050890688594,rolling_conformal,-0.018745023483507,0.0387800732951107,0.0287625483893088,0.0575250967786177,rolling_conformal,-0.0199377430320233,0.0373443658503265,0.0286410544411749,0.0572821088823499,rolling_conformal,-0.0199377430320233,0.0373443658503265,0.0286410544411749,0.0572821088823499,rolling_conformal
FOMC_0146,2017-06-14,UUP_ret,-0.0008,-0.0027432788509523,-0.0016455975541218,-0.0022709211224616,0.0,1.0,-0.0030877453915781,-0.0045853019064935,0.0,1.0,-0.0023952591144965,-0.0035569597850273,0.0,1.0,-0.0019055086303928,-0.0027930080083952,0.0,1.0,-0.0026461172413982,-0.0039294841034763,0.0,1.0,-0.0024770085442955,-0.0022293076898659,0.0,1.0,0.9648438157473076,3.0,0.2948046499134476,-0.0026189116558831,0.0033301593054987,0.4402228970968362,-0.0157783543311899,0.0112365120862665,0.0135074332087282,0.0270148664174565,rolling_conformal,-0.0196423881878222,0.0104717843748352,0.0150570862813287,0.0301141725626575,rolling_conformal,-0.0154451004649222,0.0083311808948675,0.0118881406798949,0.0237762813597898,rolling_conformal,-0.0159913364373584,0.0104053204205678,0.0131983284289631,0.0263966568579263,rolling_conformal,-0.0187094491903539,0.0108504809834012,0.0147799650868776,0.0295599301737552,rolling_conformal,-0.0182603160180716,0.0127737583161669,0.0155170371671192,0.0310340743342385,rolling_conformal,-0.0147003502384975,0.0102417348587656,0.0124710425486316,0.0249420850972632,rolling_conformal,-0.0168131019387088,0.0115752786269424,0.0141941902828256,0.0283883805656513,rolling_conformal,-0.0168131019387088,0.0115752786269424,0.0141941902828256,0.0283883805656513,rolling_conformal
FOMC_0145,2017-07-26,GLD_ret,0.0081,-0.0072865072536272,-0.0052517738070016,-0.0047265964263015,0.0,1.0,-0.0036011290596884,-0.0058338290766952,0.0,1.0,-0.0033250936330925,-0.0053866516856099,4.336808689942019e-19,0.9999999999999998,0.0056127436608369,-0.0076881617047445,0.0,1.0,0.0046555946688262,0.0041900352019436,0.0,1.0,0.0035433175899363,0.0046824773667829,0.0,1.0,0.9600738422643638,3.0,0.3,0.0013101383767918,0.0065878400102006,0.165883806432232,-0.0409697329815686,0.0315165401289656,0.0362431365552671,0.0724862731105343,rolling_conformal,-0.0416440355013421,0.0299763773479515,0.0358102064246468,0.0716204128492936,rolling_conformal,-0.0381172920394128,0.0273439886681928,0.0327306403538028,0.0654612807076056,rolling_conformal,-0.0439312982600117,0.0285549748505225,0.0362431365552671,0.0724862731105343,rolling_conformal,-0.0320531013533235,0.0404331717572108,0.0362431365552671,0.0724862731105343,rolling_conformal,-0.0392379315187473,0.0246649170114928,0.03195142426512,0.0639028485302401,rolling_conformal,-0.0298754019686514,0.0392403567022173,0.0345578793354343,0.0691157586708687,rolling_conformal,-0.0289911954092912,0.031611472162875,0.0303013337860831,0.0606026675721662,rolling_conformal,-0.0289911954092912,0.031611472162875,0.0303013337860831,0.0606026675721662,rolling_conformal
FOMC_0145,2017-07-26,QQQ_ret,0.0033,-8.061411260759047e-05,0.0014671602733726,0.0021435308203982,0.0,1.0,0.0011582578286529,0.0016361626304645,0.0,1.0,0.00214381034321,0.001929429308889,0.0,1.0,0.0006249475954856,0.0009885063694963,0.0,1.0,0.0012616803630279,0.0020073208284161,0.0,1.0,0.0012779215497388,0.0018552671055199,0.0,1.0,0.9600738422643638,3.0,0.2650133166801807,0.0016777910040063,0.0057477620862384,0.2259493298508963,-0.0297925118651345,0.0340795735059309,0.0319360426855327,0.0638720853710654,rolling_conformal,-0.0282393032421967,0.0315116285031259,0.0298754658726613,0.0597509317453226,rolling_conformal,-0.0282754421774093,0.0321343007951874,0.0302048714862983,0.0604097429725967,rolling_conformal,-0.0333012138569217,0.0352782265959143,0.034289720226418,0.068579440452836,rolling_conformal,-0.0286161468863523,0.0326307885431847,0.0306234677147685,0.0612469354295371,rolling_conformal,-0.0279750750935961,0.0278138468683809,0.0278944609809885,0.0557889219619771,rolling_conformal,-0.0242789952095734,0.0279895294206133,0.0261342623150934,0.0522685246301868,rolling_conformal,-0.0255621370310628,0.0289177190390755,0.0272399280350691,0.0544798560701383,rolling_conformal,-0.0255621370310628,0.0289177190390755,0.0272399280350691,0.0544798560701383,rolling_conformal
FOMC_0145,2017-07-26,SPY_ret,0.0,-0.0006804482684589,2.781520273624039e-05,3.6188960514336274e-05,3.388131789017202e-21,0.9999999999999998,0.0008309345832317,0.001187735968826,0.0,1.0,0.0007518909751525,-0.0010458046764754,0.0,1.0,-0.0019705435240414,-0.0026951325025701,0.0,1.0,-0.0012853265954502,-0.0011567939359052,0.0,1.0,-0.0003846395211084,-0.0005971528565208,0.0,1.0,0.9600738422643638,3.0,0.25,-0.0007106732159312,0.0057208339427045,0.1105000886108128,-0.0298387273829999,0.0299111053040285,0.0298749163435142,0.0597498326870284,rolling_conformal,-0.0309500024352524,0.0333254743729045,0.0321377384040785,0.064275476808157,rolling_conformal,-0.0381604039044967,0.0360687945515458,0.0371145992280212,0.0742291984560425,rolling_conformal,-0.0271391651633372,0.0217489001581969,0.024444032660767,0.0488880653215341,rolling_conformal,-0.0271104470667875,0.024796859194977,0.0259536531308823,0.0519073062617646,rolling_conformal,-0.0223829928028886,0.0210220962659707,0.0217025445344297,0.0434050890688594,rolling_conformal,-0.0293597012458297,0.0281653955327879,0.0287625483893088,0.0575250967786177,rolling_conformal,-0.0293517276571061,0.0279303812252437,0.0286410544411749,0.0572821088823499,rolling_conformal,-0.0293517276571061,0.0279303812252437,0.0286410544411749,0.0572821088823499,rolling_conformal
FOMC_0145,2017-07-26,UUP_ret,-0.0057,0.0012199991966304,-0.0005413181210004,0.0006908785137768,0.0,1.0,0.0001829558013648,0.0002633139329777,0.0,1.0,-0.0008088847694662,-0.0011752286518221,0.0,1.0,0.0001394540751202,0.0002056153059005,0.0,1.0,-0.0001407670090689,-0.0001744448545076,0.0,1.0,-0.0010327375300233,-0.0015336152320847,0.0,1.0,0.9600738422643638,3.0,0.3022760234178434,-0.0007713899738013,0.0033285432248958,0.1881489416844821,-0.0128165546949513,0.0141983117225051,0.0135074332087282,0.0270148664174565,rolling_conformal,-0.014793772348351,0.0153204002143065,0.0150570862813287,0.0301141725626575,rolling_conformal,-0.013063369331717,0.0107129120280728,0.0118881406798949,0.0237762813597898,rolling_conformal,-0.0129927131230625,0.0134039437348637,0.0131983284289631,0.0263966568579263,rolling_conformal,-0.0149544099413852,0.0146055202323699,0.0147799650868776,0.0295599301737552,rolling_conformal,-0.0142970379704888,0.0167370363637497,0.0155170371671192,0.0310340743342385,rolling_conformal,-0.0140046577807163,0.0109374273165469,0.0124710425486316,0.0249420850972632,rolling_conformal,-0.014965580256627,0.0134228003090243,0.0141941902828256,0.0283883805656513,rolling_conformal,-0.014965580256627,0.0134228003090243,0.0141941902828256,0.0283883805656513,rolling_conformal
FOMC_0143,2017-09-20,GLD_ret,-0.008,0.0061700668375584,0.0023290045562497,0.0037729873811246,0.0,1.0,0.0006435744583166,0.00100930701648,0.0,1.0,0.0007699211927269,-0.0010462346794561,0.0,1.0,0.0049815045135275,0.0070732449601579,0.0,1.0,0.0012000922298233,0.0017495842965506,0.0,1.0,0.0004168362874287,-0.0005849154727958,0.0,1.0,0.9324979285141408,3.0,0.2917304730743089,0.0016628624546548,0.0064813347390795,0.2041785547811414,-0.0324701491741425,0.0400161239363918,0.0362431365552671,0.0724862731105343,rolling_conformal,-0.0348008994081668,0.0368195134411268,0.0358102064246468,0.0716204128492936,rolling_conformal,-0.0337768750332589,0.0316844056743467,0.0327306403538028,0.0654612807076056,rolling_conformal,-0.0291698915951092,0.043316381515425,0.0362431365552671,0.0724862731105343,rolling_conformal,-0.0344935522587164,0.0379927208518178,0.0362431365552671,0.0724862731105343,rolling_conformal,-0.0257813574275616,0.0381214911026785,0.03195142426512,0.0639028485302401,rolling_conformal,-0.0351427948082301,0.0339729638626385,0.0345578793354343,0.0691157586708687,rolling_conformal,-0.0286384713314282,0.031964196240738,0.0303013337860831,0.0606026675721662,rolling_conformal,-0.0286384713314282,0.031964196240738,0.0303013337860831,0.0606026675721662,rolling_conformal
FOMC_0143,2017-09-20,QQQ_ret,-0.0031,0.0017139575588128,0.0018179402189653,0.0028704276786209,0.0,1.0,0.0013049618236412,0.0020593693832337,0.0,1.0,0.0021901520623908,0.0032788331264312,0.0,1.0,0.0053774791451327,0.0088507218057113,0.0,1.0,0.0037985995571711,0.0062007787389269,0.0,1.0,0.0009724697030974,0.001539324203876,1.0842021724855044e-19,0.9999999999999998,0.9324979285141408,3.0,0.266083600274371,0.001982239094607,0.0057406119011826,0.2566728956649229,-0.0290656150069117,0.0348064703641537,0.0319360426855327,0.0638720853710654,rolling_conformal,-0.0278160964894275,0.0319348352558951,0.0298754658726613,0.0597509317453226,rolling_conformal,-0.0269260383598671,0.0334837046127296,0.0302048714862983,0.0604097429725967,rolling_conformal,-0.0254389984207066,0.0431404420321294,0.034289720226418,0.068579440452836,rolling_conformal,-0.0244226889758415,0.0368242464536955,0.0306234677147685,0.0612469354295371,rolling_conformal,-0.0261805034221756,0.0296084185398014,0.0278944609809885,0.0557889219619771,rolling_conformal,-0.0245949381112173,0.0276735865189694,0.0261342623150934,0.0522685246301868,rolling_conformal,-0.0252576889404621,0.0292221671296761,0.0272399280350691,0.0544798560701383,rolling_conformal,-0.0252576889404621,0.0292221671296761,0.0272399280350691,0.0544798560701383,rolling_conformal
FOMC_0143,2017-09-20,SPY_ret,0.0004,0.000599530747926,0.0012041602879971,0.0010837442591974,0.0,1.0,0.0007735143247316,0.0006961628922585,0.0,1.0,0.0014414267378409,0.002237815010498,0.0,1.0,0.0009371829917771,-0.001454976594734,1.0842021724855044e-19,0.9999999999999998,5.7155968992505623e-05,-8.873464186086499e-05,0.0,1.0,0.0009755454964872,-0.0014077987887742,1.0842021724855044e-19,0.9999999999999998,0.9324979285141408,3.0,0.25,-0.001041861365289,0.0057156675900545,0.1541791134574517,-0.0287911720843168,0.0309586606027116,0.0298749163435142,0.0597498326870284,rolling_conformal,-0.0314415755118199,0.032833901296337,0.0321377384040785,0.064275476808157,rolling_conformal,-0.0348767842175232,0.0393524142385193,0.0371145992280212,0.0742291984560425,rolling_conformal,-0.0258990092555011,0.0229890560660329,0.024444032660767,0.0488880653215341,rolling_conformal,-0.0260423877727431,0.0258649184890214,0.0259536531308823,0.0519073062617646,rolling_conformal,-0.0211030137865036,0.0223020752823557,0.0217025445344297,0.0434050890688594,rolling_conformal,-0.0301703471780831,0.0273547496005345,0.0287625483893088,0.0575250967786177,rolling_conformal,-0.029682915806464,0.0275991930758858,0.0286410544411749,0.0572821088823499,rolling_conformal,-0.029682915806464,0.0275991930758858,0.0286410544411749,0.0572821088823499,rolling_conformal
FOMC_0143,2017-09-20,UUP_ret,0.008,-0.0019501085635399,-0.0022764757232344,-0.0033805664490031,0.0,1.0,-0.0017093493955655,-0.001538414456009,0.0,1.0,0.0006247430770737,0.0009277434694545,0.0,1.0,-0.0035729891825564,-0.0053058889360963,0.0,1.0,-0.0024300218549528,-0.0021870196694575,0.0,1.0,0.0005446414121214,0.0008087924970004,0.0,1.0,0.9324979285141408,3.0,0.2514822560924802,0.0001264756173557,0.0033210192712479,0.0366890320515252,-0.0168879996577313,0.0101268667597251,0.0135074332087282,0.0270148664174565,rolling_conformal,-0.0165955007373378,0.0135186718253197,0.0150570862813287,0.0301141725626575,rolling_conformal,-0.0109603972104404,0.0128158841493494,0.0118881406798949,0.0237762813597898,rolling_conformal,-0.0185042173650594,0.0078924394928668,0.0131983284289631,0.0263966568579263,rolling_conformal,-0.0169669847563351,0.01259294541742,0.0147799650868776,0.0295599301737552,rolling_conformal,-0.0174671457306592,0.0135669286035793,0.0155170371671192,0.0310340743342385,rolling_conformal,-0.0116622500516312,0.013279835045632,0.0124710425486316,0.0249420850972632,rolling_conformal,-0.0140677146654699,0.0143206659001814,0.0141941902828256,0.0283883805656513,rolling_conformal,-0.0140677146654699,0.0143206659001814,0.0141941902828256,0.0283883805656513,rolling_conformal
FOMC_0141,2017-11-01,GLD_ret,0.0036,0.0019351175458946,-0.0022072770938902,-0.0019865493845012,0.0,1.0,-0.0034507257464904,-0.0050703386537277,0.0,1.0,-0.0003851925255341,0.0005804109706725,0.0,1.0,0.0015494559458977,0.0025101186323542,0.0,1.0,0.0016874522899908,0.0026553145087731,0.0,1.0,-0.0019846336433927,-0.0017861702790534,0.0,1.0,0.9261773597793248,3.0,0.2264268039757269,-0.001132285164212,0.0065128814667549,0.148105821339121,-0.0293194097954154,0.0253463110264128,0.0273328604109141,0.0546657208218282,rolling_conformal,-0.0328572211426805,0.022716543835225,0.0277868824889527,0.0555737649779055,rolling_conformal,-0.0297902043494499,0.0309510262907949,0.0303706153201224,0.0607412306402448,rolling_conformal,-0.0312067023286254,0.036226939593334,0.0337168209609797,0.0674336419219594,rolling_conformal,-0.0306117632655629,0.0359223922831093,0.0332670777743361,0.0665341555486723,rolling_conformal,-0.0292537187030244,0.0331239537948138,0.0311888362489191,0.0623776724978382,rolling_conformal,-0.0320925372798655,0.0285201967217586,0.030306367000812,0.0606127340016241,rolling_conformal,-0.0281057268972107,0.0258411565687867,0.0269734417329987,0.0539468834659975,rolling_conformal,-0.0281057268972107,0.0258411565687867,0.0269734417329987,0.0539468834659975,rolling_conformal
FOMC_0141,2017-11-01,QQQ_ret,-0.0003,0.0002988229903389,0.0016915423746452,0.0024759569231213,0.0,1.0,0.0012205964233961,0.0017346050347541,0.0,1.0,0.0019036623783709,0.0026089863839558,0.0,1.0,0.0040200352740726,0.0067838095249976,0.0,1.0,0.0038298512588363,0.0064628739992863,0.0,1.0,0.0052297821126986,0.0088252573151789,0.0,1.0,0.9261773597793248,3.0,0.2166335901304793,0.0087226815454713,0.0057137575202313,0.604213093245641,-0.0294600857624114,0.034411999608654,0.0319360426855327,0.0638720853710654,rolling_conformal,-0.0281408608379071,0.0316100709074154,0.0298754658726613,0.0597509317453226,rolling_conformal,-0.0275958851023425,0.0328138578702542,0.0302048714862983,0.0604097429725967,rolling_conformal,-0.0275059107014204,0.0410735297514156,0.034289720226418,0.068579440452836,rolling_conformal,-0.0241605937154822,0.0370863417140548,0.0306234677147685,0.0612469354295371,rolling_conformal,-0.0275956379906495,0.0281932839713275,0.0278944609809885,0.0557889219619771,rolling_conformal,-0.0173090049999145,0.0349595196302723,0.0261342623150934,0.0522685246301868,rolling_conformal,-0.0185172464895977,0.0359626095805405,0.0272399280350691,0.0544798560701383,rolling_conformal,-0.0185172464895977,0.0359626095805405,0.0272399280350691,0.0544798560701383,rolling_conformal
FOMC_0141,2017-11-01,SPY_ret,0.0013,0.0001230069681936,1.021667971968631e-05,9.19501174771768e-06,0.0,1.0,0.0003395867478878,0.000305628073099,0.0,1.0,-0.0011371685871323,-0.0015248950914648,0.0,1.0,-5.212588221006596e-05,-8.09254321311274e-05,6.776263578034403e-21,0.9999999999999998,-0.0014550784256891,-0.0013095705831201,0.0,1.0,-0.0020429365301412,-0.0031716589630442,0.0,1.0,0.9261773597793248,3.0,0.2421613064752138,-0.0027298911102467,0.0056868177392984,0.3243426754588862,-0.0298657213317665,0.0298841113552619,0.0298749163435142,0.0597498326870284,rolling_conformal,-0.0318321103309794,0.0324433664771775,0.0321377384040785,0.064275476808157,rolling_conformal,-0.038639494319486,0.0355897041365564,0.0371145992280212,0.0742291984560425,rolling_conformal,-0.0245249580928982,0.0243631072286359,0.024444032660767,0.0488880653215341,rolling_conformal,-0.0272632237140024,0.0246440825477621,0.0259536531308823,0.0519073062617646,rolling_conformal,-0.021579537566236,0.0218255515026233,0.0217025445344297,0.0434050890688594,rolling_conformal,-0.0319342073523531,0.0255908894262646,0.0287625483893088,0.0575250967786177,rolling_conformal,-0.0313709455514217,0.0259111633309282,0.0286410544411749,0.0572821088823499,rolling_conformal,-0.0313709455514217,0.0259111633309282,0.0286410544411749,0.0572821088823499,rolling_conformal
FOMC_0141,2017-11-01,UUP_ret,0.002,-0.000720821079767,-0.0005432078766299,0.0007049602653901,0.0,1.0,-0.0001686038677219,0.0002464655451318,0.0,1.0,-2.978251118611145e-05,4.422702911137551e-05,3.388131789017202e-21,0.9999999999999998,-0.0023530589033655,-0.0030244117243386,0.0,1.0,-0.0012738373905411,0.0017192538534757,0.0,1.0,-0.0002910454318728,0.0004322024663311,0.0,1.0,0.9261773597793248,3.0,0.2162488023663916,0.0002011487559258,0.0033614950542876,0.0564631779122614,-0.012802472943338,0.0142123934741184,0.0135074332087282,0.0270148664174565,rolling_conformal,-0.0148106207361969,0.0153035518264606,0.0150570862813287,0.0301141725626575,rolling_conformal,-0.0118439136507835,0.0119323677090063,0.0118881406798949,0.0237762813597898,rolling_conformal,-0.0163303006604349,0.0102814772117576,0.0133058889360963,0.0266117778721926,rolling_conformal,-0.0130607112334018,0.0164992189403533,0.0147799650868776,0.0295599301737552,rolling_conformal,-0.0162378582468863,0.0147962160873522,0.0155170371671192,0.0310340743342385,rolling_conformal,-0.0120388400823004,0.0129032450149627,0.0124710425486316,0.0249420850972632,rolling_conformal,-0.0139930415268997,0.0143953390387515,0.0141941902828256,0.0283883805656513,rolling_conformal,-0.0139930415268997,0.0143953390387515,0.0141941902828256,0.0283883805656513,rolling_conformal
FOMC_0138,2017-12-13,GLD_ret,0.0086,0.0071613256910574,0.0025016958894168,0.0037864982520905,0.0,1.0,0.0015785024610118,0.0020810886201996,0.0,1.0,-0.0009756824747222,-0.0015806056090499,1.0842021724855044e-19,0.9999999999999998,-0.0053273862456781,-0.0077857884176752,0.0,1.0,-0.0080425711898152,-0.0072383140708337,0.0,1.0,-0.0052055819235405,-0.0084330427161356,0.0,1.0,0.944192424616124,3.0,0.2686428435873716,-0.0050924726919338,0.0064911459697036,0.4396275848171018,-0.0235463621588235,0.0311193586630047,0.0273328604109141,0.0546657208218282,rolling_conformal,-0.0257057938687531,0.0298679711091524,0.0277868824889527,0.0555737649779055,rolling_conformal,-0.0319512209291724,0.0287900097110724,0.0303706153201224,0.0607412306402448,rolling_conformal,-0.041502609378655,0.0259310325433044,0.0337168209609797,0.0674336419219594,rolling_conformal,-0.0405053918451699,0.0260287637035024,0.0332670777743361,0.0665341555486723,rolling_conformal,-0.0240275105578617,0.0383501619399765,0.0311888362489191,0.0623776724978382,rolling_conformal,-0.0387394097169477,0.0218733242846764,0.030306367000812,0.0606127340016241,rolling_conformal,-0.0320659144249326,0.0218809690410649,0.0269734417329987,0.0539468834659975,rolling_conformal,-0.0320659144249326,0.0218809690410649,0.0269734417329987,0.0539468834659975,rolling_conformal
FOMC_0138,2017-12-13,QQQ_ret,0.0019,-0.0001854632417036,0.0015072705945179,0.0013565435350661,0.0,1.0,0.0011897621872634,0.001852672470392,0.0,1.0,0.0019016737072719,0.002730421084151,2.1684043449710093e-19,0.9999999999999998,0.0005251660915722,0.0008274232436268,0.0,1.0,0.0011182764517404,0.0017710844512766,0.0,1.0,0.0012223716393932,0.0019675957753131,0.0,1.0,0.944192424616124,3.0,0.2409178975755832,0.0018111066544716,0.0046930809709614,0.2784535093751996,-0.0305794991504666,0.0332925862205988,0.0319360426855327,0.0638720853710654,rolling_conformal,-0.0280227934022692,0.0317281383430533,0.0298754658726613,0.0597509317453226,rolling_conformal,-0.0274744504021473,0.0329352925704494,0.0302048714862983,0.0604097429725967,rolling_conformal,-0.0334622969827912,0.0351171434700448,0.034289720226418,0.068579440452836,rolling_conformal,-0.0288523832634919,0.0323945521660451,0.0306234677147685,0.0612469354295371,rolling_conformal,-0.0280799242226921,0.0277089977392849,0.0278944609809885,0.0557889219619771,rolling_conformal,-0.0241666665397802,0.0281018580904066,0.0261342623150934,0.0522685246301868,rolling_conformal,-0.0254288213805974,0.0290510346895408,0.0272399280350691,0.0544798560701383,rolling_conformal,-0.0254288213805974,0.0290510346895408,0.0272399280350691,0.0544798560701383,rolling_conformal
FOMC_0138,2017-12-13,SPY_ret,-0.0001,-0.0005843016180326,0.0003503403695862,0.0005439034237827,0.0,1.0,0.0017175380468881,0.0026664778177938,0.0,1.0,0.0031123717700064,0.0048319571729349,0.0,1.0,0.0040655469800113,0.0063117616864676,0.0,1.0,0.0028088720881952,0.004360773916923,0.0,1.0,0.0036330661035329,0.0056403351257349,0.0,1.0,0.944192424616124,3.0,0.2447305284706819,0.0047345229587788,0.0047349128819863,0.4999799395226577,-0.0293310129197315,0.0304188197672969,0.0298749163435142,0.0597498326870284,rolling_conformal,-0.0294712605862846,0.0348042162218723,0.0321377384040785,0.064275476808157,rolling_conformal,-0.0322826420550863,0.0419465564009562,0.0371145992280212,0.0742291984560425,rolling_conformal,-0.0181322709742994,0.0307557943472347,0.024444032660767,0.0488880653215341,rolling_conformal,-0.0215928792139592,0.0303144270478053,0.0259536531308823,0.0519073062617646,rolling_conformal,-0.0222868461524623,0.021118242916397,0.0217025445344297,0.0434050890688594,rolling_conformal,-0.0231222132635739,0.0344028835150437,0.0287625483893088,0.0575250967786177,rolling_conformal,-0.0239065314823961,0.0333755773999538,0.0286410544411749,0.0572821088823499,rolling_conformal,-0.0239065314823961,0.0333755773999538,0.0286410544411749,0.0572821088823499,rolling_conformal
FOMC_0138,2017-12-13,UUP_ret,-0.0069,-0.0033718222764282,-0.0010460109975646,0.0015533263313835,0.0,1.0,-0.0018482524492023,0.0023806203136373,2.1684043449710093e-19,0.9999999999999998,0.0007295613376443,0.0010833985864018,0.0,1.0,-0.0019778078450084,-0.0017800270605075,0.0,1.0,-0.0020430496429236,0.0025464157830722,0.0,1.0,0.0006619095857019,0.0009829357347673,0.0,1.0,0.944192424616124,3.0,0.2635963334967841,-0.0001814587612745,0.0033165741360626,0.0518772258089356,-0.0119541068773447,0.0150607595401117,0.0135074332087282,0.0270148664174565,rolling_conformal,-0.0126764659676914,0.0174377065949661,0.0150570862813287,0.0301141725626575,rolling_conformal,-0.010804742093493,0.0129715392662967,0.0118881406798949,0.0237762813597898,rolling_conformal,-0.0150859159966039,0.0115258618755887,0.0133058889360963,0.0266117778721926,rolling_conformal,-0.0122335493038053,0.0173263808699498,0.0147799650868776,0.0295599301737552,rolling_conformal,-0.0188888594435475,0.012145214890691,0.0155170371671192,0.0310340743342385,rolling_conformal,-0.0114881068138642,0.0134539782833989,0.0124710425486316,0.0249420850972632,rolling_conformal,-0.0143756490441001,0.0140127315215511,0.0141941902828256,0.0283883805656513,rolling_conformal,-0.0143756490441001,0.0140127315215511,0.0141941902828256,0.0283883805656513,rolling_conformal
FOMC_0136,2018-01-31,GLD_ret,0.0067,0.0070411449335398,-0.0005572014234513,-0.0005014812811061,0.0,1.0,-0.0042894161743348,-0.0063551576913076,0.0,1.0,-0.0023897191795673,-0.0021507472616106,0.0,1.0,-0.0013562153308787,-0.0021268593648723,0.0,1.0,-0.0004588376332884,-0.0006767746512583,0.0,1.0,-0.0019273157481071,-0.0026701235803718,2.1684043449710093e-19,0.9999999999999998,0.9639736073718372,3.0,0.3,0.000291908368562,0.0064417933062152,0.0433517772457455,-0.0278343416920203,0.0268313791298079,0.0273328604109141,0.0546657208218282,rolling_conformal,-0.0341420401802603,0.0214317247976451,0.0277868824889527,0.0555737649779055,rolling_conformal,-0.032521362581733,0.0282198680585118,0.0303706153201224,0.0607412306402448,rolling_conformal,-0.035843680325852,0.0315899615961074,0.0337168209609797,0.0674336419219594,rolling_conformal,-0.0339438524255944,0.0325903031230778,0.0332670777743361,0.0665341555486723,rolling_conformal,-0.0241476913153792,0.038229981182459,0.0311888362489191,0.0623776724978382,rolling_conformal,-0.0329764905811839,0.0276362434204402,0.030306367000812,0.0606127340016241,rolling_conformal,-0.0266815333644367,0.0272653501015607,0.0269734417329987,0.0539468834659975,rolling_conformal,-0.0266815333644367,0.0272653501015607,0.0269734417329987,0.0539468834659975,rolling_conformal
FOMC_0136,2018-01-31,QQQ_ret,0.0042,-0.0016081318124017,0.0016683057466412,0.001501475171977,0.0,1.0,0.001200532360934,0.0010804791248406,0.0,1.0,0.0024711839151515,0.0036015104352991,0.0,1.0,0.0007339557029668,0.0010918733064496,0.0,1.0,0.0011387553741245,0.0016947775964966,0.0,1.0,0.0013157101920891,0.0019370892101025,0.0,1.0,0.9639736073718372,3.0,0.2900000878815656,0.0011362185025209,0.0044891559340259,0.2019823738870378,-0.0302960946917067,0.0332990450356609,0.0317975698636838,0.0635951397273677,rolling_conformal,-0.027070405832545,0.0292313640822264,0.0281508849573857,0.0563017699147714,rolling_conformal,-0.0256390064098732,0.0328420272804716,0.0292405168451724,0.0584810336903448,rolling_conformal,-0.0309311280724187,0.033114874685318,0.0320230013788684,0.0640460027577368,rolling_conformal,-0.0276895787691248,0.0310791339621181,0.0293843563656214,0.0587687127312429,rolling_conformal,-0.0224658793370364,0.0192496157122329,0.0208577475246347,0.0417154950492694,rolling_conformal,-0.0230588992062166,0.0269330776264218,0.0249959884163192,0.0499919768326384,rolling_conformal,-0.0257216020680097,0.0279940390730516,0.0268578205705307,0.0537156411410614,rolling_conformal,-0.0257216020680097,0.0279940390730516,0.0268578205705307,0.0537156411410614,rolling_conformal
FOMC_0136,2018-01-31,SPY_ret,0.0005,-0.0024238536482374,0.0014040566929115,0.0012636510236204,0.0,1.0,0.0007806267742856,0.0007025640968571,0.0,1.0,0.0009604510521525,0.0008644059469372,0.0,1.0,-0.0012498782274478,-0.001124890404703,0.0,1.0,-0.0014158385344717,-0.0012742546810245,0.0,1.0,0.0013226908218508,-0.001838350712581,0.0,1.0,0.9639736073718372,3.0,0.25,-0.0022824354134694,0.0041881695285649,0.3527401079984243,-0.0263155265915906,0.0288428286388315,0.0275791776152111,0.0551583552304222,rolling_conformal,-0.0311820210278296,0.0325871492215439,0.0318845851246867,0.0637691702493735,rolling_conformal,-0.0328158829612846,0.0345446948551591,0.0336802889082218,0.0673605778164437,rolling_conformal,-0.0223902203372235,0.0201404395278173,0.0212653299325204,0.0425306598650409,rolling_conformal,-0.0257182873417916,0.0231697779797425,0.024444032660767,0.0488880653215341,rolling_conformal,-0.0204299478883438,0.0155822405918689,0.0180060942401064,0.0360121884802128,rolling_conformal,-0.0303056170251554,0.0266289155999933,0.0284672663125743,0.0569345326251487,rolling_conformal,-0.0272690604061166,0.0227041895791778,0.0249866249926472,0.0499732499852945,rolling_conformal,-0.0272690604061166,0.0227041895791778,0.0249866249926472,0.0499732499852945,rolling_conformal
FOMC_0136,2018-01-31,UUP_ret,-0.0013,-0.0034894613079219,0.0004617741863451,0.0005583098829622,5.421010862427522e-20,0.9999999999999998,0.0003747031247188,-0.0004527899967673,0.0,1.0,-0.0002694563488023,-0.0004001426779715,0.0,1.0,0.002009216619546,0.0018082949575914,0.0,1.0,0.0003884049981237,0.0004874758693137,0.0,1.0,-0.0002381695520499,-0.0003536817847942,2.710505431213761e-20,0.9999999999999998,0.9639736073718372,3.0,0.319072101587433,-0.0014896437020887,0.0032969029406398,0.3112161441464873,-0.0129491233257659,0.0140657430916905,0.0135074332087282,0.0270148664174565,rolling_conformal,-0.0155098762780961,0.0146042962845614,0.0150570862813287,0.0301141725626575,rolling_conformal,-0.0122882833578664,0.0114879980019234,0.0118881406798949,0.0237762813597898,rolling_conformal,-0.0114975939785048,0.0151141838936877,0.0133058889360963,0.0266117778721926,rolling_conformal,-0.0142924892175638,0.0152674409561913,0.0147799650868776,0.0295599301737552,rolling_conformal,-0.0190064984750412,0.0120275758591973,0.0155170371671192,0.0310340743342385,rolling_conformal,-0.0128247243334258,0.0121173607638373,0.0124710425486316,0.0249420850972632,rolling_conformal,-0.0156838339849144,0.0127045465807369,0.0141941902828256,0.0283883805656513,rolling_conformal,-0.0156838339849144,0.0127045465807369,0.0141941902828256,0.0283883805656513,rolling_conformal
FOMC_0135,2018-03-21,GLD_ret,0.0175,-0.0045878544964092,0.0016542375874342,0.0026798648916434,0.0,1.0,-0.0009372366311342,0.0014845580783985,0.0,1.0,-0.002183052419136,-0.0032026549082953,0.0,1.0,0.0023681387413518,0.00383638476099,0.0,1.0,0.0027588435329793,0.0042369698652184,0.0,1.0,0.0016881232506385,0.0026261616195402,0.0,1.0,0.9606788913851136,3.0,0.2987891715238855,0.0005648300650749,0.0064235893393024,0.0808250369848626,-0.0246529955192706,0.0300127253025576,0.0273328604109141,0.0546657208218282,rolling_conformal,-0.0263023244105541,0.0292714405673513,0.0277868824889527,0.0555737649779055,rolling_conformal,-0.0335732702284178,0.027167960411827,0.0303706153201224,0.0607412306402448,rolling_conformal,-0.0298804361999896,0.0375532057219698,0.0337168209609797,0.0674336419219594,rolling_conformal,-0.0290301079091176,0.0375040476395546,0.0332670777743361,0.0665341555486723,rolling_conformal,-0.0357766907453283,0.0266009817525098,0.0311888362489191,0.0623776724978382,rolling_conformal,-0.0276802053812718,0.0329325286203523,0.030306367000812,0.0606127340016241,rolling_conformal,-0.0264086116679238,0.0275382717980736,0.0269734417329987,0.0539468834659975,rolling_conformal,-0.0264086116679238,0.0275382717980736,0.0269734417329987,0.0539468834659975,rolling_conformal
FOMC_0135,2018-03-21,QQQ_ret,-0.0044,-0.0007448431702507,0.0018767632934456,0.001689086964101,0.0,1.0,0.0013497165906829,0.0012147449316146,0.0,1.0,0.0020684341075177,0.0029873375105862,0.0,1.0,0.0007823561817925,0.0011843134613577,0.0,1.0,0.001257395604872,0.0019127875561774,0.0,1.0,0.0012739207073413,0.0019826666165181,0.0,1.0,0.9606788913851136,3.0,0.2816523587928525,0.0015180713143051,0.0044690143208542,0.253558888451715,-0.0301084828995827,0.0334866568277849,0.0317975698636838,0.0635951397273677,rolling_conformal,-0.0269361400257711,0.0293656298890003,0.0281508849573857,0.0563017699147714,rolling_conformal,-0.0262531793345862,0.0322278543557586,0.0292405168451724,0.0584810336903448,rolling_conformal,-0.0308386879175107,0.0332073148402261,0.0320230013788684,0.0640460027577368,rolling_conformal,-0.027471568809444,0.0312971439217988,0.0293843563656214,0.0587687127312429,rolling_conformal,-0.0216025906948854,0.020112904354384,0.0208577475246347,0.0417154950492694,rolling_conformal,-0.0230133217998011,0.0269786550328373,0.0249959884163192,0.0499919768326384,rolling_conformal,-0.0253397492562255,0.0283758918848358,0.0268578205705307,0.0537156411410614,rolling_conformal,-0.0253397492562255,0.0283758918848358,0.0268578205705307,0.0537156411410614,rolling_conformal
FOMC_0135,2018-03-21,SPY_ret,-0.0019,-0.0030788675028757,0.0003063717916141,0.0002757346124527,0.0,1.0,0.0014014575702791,0.0012613118132512,0.0,1.0,0.001427946611588,0.0019685177351765,0.0,1.0,0.0025706918828545,0.0039909991481316,0.0,1.0,0.0014030982540457,0.002178310039406,0.0,1.0,0.0024326845515135,0.0037767427662247,0.0,1.0,0.9606788913851136,3.0,0.25,0.002372266228792,0.0040642962490448,0.3685620315720096,-0.0273034430027583,0.0278549122276638,0.0275791776152111,0.0551583552304222,rolling_conformal,-0.0306232733114355,0.033145896937938,0.0318845851246867,0.0637691702493735,rolling_conformal,-0.0317117711730453,0.0356488066433983,0.0336802889082218,0.0673605778164437,rolling_conformal,-0.0172743307843887,0.0252563290806521,0.0212653299325204,0.0425306598650409,rolling_conformal,-0.022265722621361,0.026622342700173,0.024444032660767,0.0488880653215341,rolling_conformal,-0.0210849617429821,0.0149272267372306,0.0180060942401064,0.0360121884802128,rolling_conformal,-0.0246905235463496,0.0322440090787991,0.0284672663125743,0.0569345326251487,rolling_conformal,-0.0226143587638552,0.0273588912214393,0.0249866249926472,0.0499732499852945,rolling_conformal,-0.0226143587638552,0.0273588912214393,0.0249866249926472,0.0499732499852945,rolling_conformal
FOMC_0135,2018-03-21,UUP_ret,-0.008,0.0025614580595046,0.0005613935547822,-0.0008336694288515,0.0,1.0,-2.963631521273965e-05,-2.6672683691465687e-05,0.0,1.0,-0.0005233101779269,-0.0004709791601342,0.0,1.0,0.0016223852701534,-0.0024092421261778,0.0,1.0,-0.0002638846867403,-0.0003918687598094,0.0,1.0,-0.0004401673823758,-0.0006130827162079,0.0,1.0,0.9606788913851136,3.0,0.2981357900813617,0.0003666976567151,0.0032950400604545,0.1001455275019755,-0.0141268333248149,0.0124594944671117,0.0132931638959633,0.0265863277919267,rolling_conformal,-0.0141903058624202,0.0141369604950373,0.0141636331787287,0.0283272663574575,rolling_conformal,-0.0120796100172885,0.01113765169702,0.0116086308571543,0.0232172617143086,rolling_conformal,-0.0156075705551409,0.0107890863027853,0.0131983284289631,0.0263966568579263,rolling_conformal,-0.013316771676699,0.01253303415708,0.0129249029168895,0.0258498058337791,rolling_conformal,-0.0128451488956634,0.0179680650146727,0.0154066069551681,0.0308132139103362,rolling_conformal,-0.0129609332858446,0.0117347678534287,0.0123478505696366,0.0246957011392733,rolling_conformal,-0.011592859075229,0.0123262543886592,0.0119595567319441,0.0239191134638883,rolling_conformal,-0.011592859075229,0.0123262543886592,0.0119595567319441,0.0239191134638883,rolling_conformal
FOMC_0132,2018-05-02,GLD_ret,-0.0005,-0.0028070452083362,0.0017488756927369,0.0028331786222339,0.0,1.0,0.0021604660169696,0.0031057872421878,0.0,1.0,0.0008033129304457,0.0012576590604886,0.0,1.0,0.0004264388869918,0.0006908309969268,5.421010862427522e-20,0.9999999999999998,0.0005121431416987,0.000829671889552,0.0,1.0,-0.000787836106335,0.0012762944922628,0.0,1.0,0.9532133290975536,3.0,0.2840514623605867,0.0001396990547911,0.0063055359803905,0.0216762984228738,-0.0244996817886802,0.030166039033148,0.0273328604109141,0.0546657208218282,rolling_conformal,-0.0246810952467649,0.0308926697311405,0.0277868824889527,0.0555737649779055,rolling_conformal,-0.0291129562596338,0.031628274380611,0.0303706153201224,0.0607412306402448,rolling_conformal,-0.0330259899640529,0.0344076519579065,0.0337168209609797,0.0674336419219594,rolling_conformal,-0.0324374058847841,0.0340967496638882,0.0332670777743361,0.0665341555486723,rolling_conformal,-0.0339958814572554,0.0283817910405828,0.0311888362489191,0.0623776724978382,rolling_conformal,-0.0290300725085492,0.0315826614930749,0.030306367000812,0.0606127340016241,rolling_conformal,-0.0268337426782076,0.0271131407877899,0.0269734417329987,0.0539468834659975,rolling_conformal,-0.0268337426782076,0.0271131407877899,0.0269734417329987,0.0539468834659975,rolling_conformal
FOMC_0132,2018-05-02,QQQ_ret,-0.0058,0.0086711103173547,0.0015897920494106,0.0014308128444695,0.0,1.0,0.0011783960437841,0.0010605564394057,0.0,1.0,0.0019679792421806,0.0029599781655679,0.0,1.0,0.0005233411810855,-0.0007383401252619,0.0,1.0,0.0011974042393996,-0.0016675362586087,0.0,1.0,0.0012425618851796,-0.0018388326192804,0.0,1.0,0.9532133290975536,3.0,0.2938768342230273,0.0015622451735032,0.0043965942500985,0.262173963872191,-0.0303667570192142,0.0332283827081534,0.0317975698636838,0.0635951397273677,rolling_conformal,-0.0270903285179799,0.0292114413967915,0.0281508849573857,0.0563017699147714,rolling_conformal,-0.0262805386796044,0.0322004950107404,0.0292405168451724,0.0584810336903448,rolling_conformal,-0.0327613415041303,0.0312846612536065,0.0320230013788684,0.0640460027577368,rolling_conformal,-0.0310518926242301,0.0277168201070127,0.0293843563656214,0.0587687127312429,rolling_conformal,-0.0121866372072799,0.0295288578419894,0.0208577475246347,0.0417154950492694,rolling_conformal,-0.0268348210355997,0.0231571557970387,0.0249959884163192,0.0499919768326384,rolling_conformal,-0.0252955753970275,0.0284200657440339,0.0268578205705307,0.0537156411410614,rolling_conformal,-0.0252955753970275,0.0284200657440339,0.0268578205705307,0.0537156411410614,rolling_conformal
FOMC_0132,2018-05-02,SPY_ret,-0.0067,0.002205601253254,-0.0003936543651388,-0.0005742260174227,5.421010862427522e-20,0.9999999999999998,0.0005475252411338,-0.0007476369425023,0.0,1.0,0.0006742792797699,0.0006068513517929,0.0,1.0,0.0021085681829812,0.0018977113646831,0.0,1.0,0.0010590775980869,0.0013828835645953,0.0,1.0,0.0012479615890318,0.0019327088471225,0.0,1.0,0.9532133290975536,3.0,0.25,0.0023010717409537,0.0039959354349138,0.3654240851958107,-0.0281534036326338,0.0270049515977883,0.0275791776152111,0.0551583552304222,rolling_conformal,-0.0326322220671891,0.0311369481821844,0.0318845851246867,0.0637691702493735,rolling_conformal,-0.0330734375564288,0.0342871402600148,0.0336802889082218,0.0673605778164437,rolling_conformal,-0.0193676185678373,0.0231630412972035,0.0212653299325204,0.0425306598650409,rolling_conformal,-0.0230611490961717,0.0258269162253623,0.024444032660767,0.0488880653215341,rolling_conformal,-0.0158004929868523,0.0202116954933604,0.0180060942401064,0.0360121884802128,rolling_conformal,-0.0265345574654518,0.0303999751596968,0.0284672663125743,0.0569345326251487,rolling_conformal,-0.0226855532516935,0.0272876967336009,0.0249866249926472,0.0499732499852945,rolling_conformal,-0.0226855532516935,0.0272876967336009,0.0249866249926472,0.0499732499852945,rolling_conformal
FOMC_0132,2018-05-02,UUP_ret,0.0045,-0.0009013309625832,-0.0007997291863765,-0.0011651086654443,1.0842021724855044e-19,0.9999999999999998,-0.0009077672311822,0.0011201365669076,0.0,1.0,-0.0003065303926557,0.0004028079106476,0.0,1.0,-0.0009201104738615,-0.0013654890756936,1.0842021724855044e-19,0.9999999999999998,-0.0007032039636155,-0.0009699005914191,0.0,1.0,-0.0004187283814536,-0.000612796663014,5.421010862427522e-20,0.9999999999999998,0.9532133290975536,3.0,0.2755049926285001,-0.0007615182333989,0.003250441354647,0.1898140593258686,-0.0144582725614077,0.012128055230519,0.0132931638959633,0.0265863277919267,rolling_conformal,-0.0130434966118211,0.0152837697456364,0.0141636331787287,0.0283272663574575,rolling_conformal,-0.0112058229465066,0.0120114387678019,0.0116086308571543,0.0232172617143086,rolling_conformal,-0.0145638175046567,0.0118328393532695,0.0131983284289631,0.0263966568579263,rolling_conformal,-0.0138948035083087,0.0119550023254703,0.0129249029168895,0.0258498058337791,rolling_conformal,-0.0163079379177513,0.0145052759925848,0.0154066069551681,0.0308132139103362,rolling_conformal,-0.0129606472326507,0.0117350539066225,0.0123478505696366,0.0246957011392733,rolling_conformal,-0.0127210749653431,0.0111980384985452,0.0119595567319441,0.0239191134638883,rolling_conformal,-0.0127210749653431,0.0111980384985452,0.0119595567319441,0.0239191134638883,rolling_conformal
FOMC_0130,2018-06-13,GLD_ret,0.003,0.0015802274185912,-0.0008000955126152,0.0010870155977464,0.0,1.0,-0.002058609271447,-0.0030892195440071,0.0,1.0,0.0013811526178332,0.0022374672408897,0.0,1.0,0.0013462242613087,0.0018368883915026,0.0,1.0,0.0011807552502561,-0.0017789977011707,0.0,1.0,0.0007294740680594,0.0011817479902563,0.0,1.0,0.967187338539388,3.0,0.287276639925048,0.0015554661858091,0.0060449417697774,0.2046566642648699,-0.0262458448131677,0.0284198760086605,0.0273328604109141,0.0546657208218282,rolling_conformal,-0.0308761020329599,0.0246976629449455,0.0277868824889527,0.0555737649779055,rolling_conformal,-0.0281331480792326,0.0326080825610122,0.0303706153201224,0.0607412306402448,rolling_conformal,-0.0318799325694771,0.0355537093524823,0.0337168209609797,0.0674336419219594,rolling_conformal,-0.0350460754755068,0.0314880800731654,0.0332670777743361,0.0665341555486723,rolling_conformal,-0.0296086088303278,0.0327690636675104,0.0311888362489191,0.0623776724978382,rolling_conformal,-0.0291246190105557,0.0314881149910684,0.030306367000812,0.0606127340016241,rolling_conformal,-0.0254179755471895,0.0285289079188079,0.0269734417329987,0.0539468834659975,rolling_conformal,-0.0254179755471895,0.0285289079188079,0.0269734417329987,0.0539468834659975,rolling_conformal
FOMC_0130,2018-06-13,QQQ_ret,-0.0001,0.003468261675326,0.0016083473640116,0.0021980128824314,0.0,1.0,0.0010073954597992,0.0009066559138193,0.0,1.0,0.0017079249669126,-0.0024147204824451,0.0,1.0,0.0005915158339347,0.0005323642505412,0.0,1.0,0.0010466566675798,0.0009419910008219,0.0,1.0,0.001063353783691,-0.0017838901804737,0.0,1.0,0.967187338539388,3.0,0.335945106133129,-2.4319334812200068e-05,0.0043653042276569,0.0055424523404898,-0.0295995569812523,0.0339955827461153,0.0317975698636838,0.0635951397273677,rolling_conformal,-0.0272442290435664,0.029057540871205,0.0281508849573857,0.0563017699147714,rolling_conformal,-0.0316552373276175,0.0268257963627273,0.0292405168451724,0.0584810336903448,rolling_conformal,-0.0314906371283271,0.0325553656294097,0.0320230013788684,0.0640460027577368,rolling_conformal,-0.0284423653647995,0.0303263473664433,0.0293843563656214,0.0587687127312429,rolling_conformal,-0.0173894858493086,0.0243260091999608,0.0208577475246347,0.0417154950492694,rolling_conformal,-0.0267798785967929,0.0232120982358454,0.0249959884163192,0.0499919768326384,rolling_conformal,-0.0268821399053429,0.0268335012357185,0.0268578205705307,0.0537156411410614,rolling_conformal,-0.0268821399053429,0.0268335012357185,0.0268578205705307,0.0537156411410614,rolling_conformal
FOMC_0130,2018-06-13,SPY_ret,-0.0032,0.0011159169777773,0.0004781346042655,0.0006134639860647,5.421010862427522e-20,0.9999999999999998,0.0005956427849295,0.0007733475782414,0.0,1.0,-0.000970969139246,0.0013943849083172,0.0,1.0,0.0058284577318771,0.0090486806287393,0.0,1.0,0.0018427899539543,0.0028609314035141,0.0,1.0,-0.0008981133230396,0.0013943209340191,1.0842021724855044e-19,0.9999999999999998,0.967187338539388,3.0,0.25,0.0015234279367024,0.0040132616411093,0.2751527178407127,-0.0269657136291463,0.0281926416012759,0.0275791776152111,0.0551583552304222,rolling_conformal,-0.0311112375464453,0.0326579327029282,0.0318845851246867,0.0637691702493735,rolling_conformal,-0.0322859039999045,0.0350746738165391,0.0336802889082218,0.0673605778164437,rolling_conformal,-0.0122166493037811,0.0303140105612597,0.0212653299325204,0.0425306598650409,rolling_conformal,-0.0215831012572528,0.0273049640642812,0.024444032660767,0.0488880653215341,rolling_conformal,-0.016890177262329,0.0191220112178837,0.0180060942401064,0.0360121884802128,rolling_conformal,-0.0270729453785552,0.0298615872465934,0.0284672663125743,0.0569345326251487,rolling_conformal,-0.0234631970559448,0.0265100529293497,0.0249866249926472,0.0499732499852945,rolling_conformal,-0.0234631970559448,0.0265100529293497,0.0249866249926472,0.0499732499852945,rolling_conformal
FOMC_0130,2018-06-13,UUP_ret,-0.0016,-0.0031700019007566,-0.0002973367505853,0.0004415450746192,0.0,1.0,0.0003177255876099,0.0004718224976007,0.0,1.0,0.0010787133858823,0.0013632961657165,0.0,1.0,-0.0020872165051265,-0.0018784948546138,0.0,1.0,-0.0003588118586108,0.000532835610037,0.0,1.0,0.0008351109905117,0.0011737263894536,0.0,1.0,0.967187338539388,3.0,0.3104334388805432,-0.0001921833333629,0.0032618842713989,0.055642447957149,-0.0128516188213441,0.0137347089705826,0.0132931638959633,0.0265863277919267,rolling_conformal,-0.013691810681128,0.0146354556763295,0.0141636331787287,0.0283272663574575,rolling_conformal,-0.0102453346914377,0.0129719270228708,0.0116086308571543,0.0232172617143086,rolling_conformal,-0.015076823283577,0.0113198335743492,0.0131983284289631,0.0263966568579263,rolling_conformal,-0.0123920673068524,0.0134577385269266,0.0129249029168895,0.0258498058337791,rolling_conformal,-0.0185766088559247,0.0122366050544114,0.0154066069551681,0.0308132139103362,rolling_conformal,-0.0111741241801829,0.0135215769590903,0.0123478505696366,0.0246957011392733,rolling_conformal,-0.012151740065307,0.0117673733985812,0.0119595567319441,0.0239191134638883,rolling_conformal,-0.012151740065307,0.0117673733985812,0.0119595567319441,0.0239191134638883,rolling_conformal
FOMC_0129,2018-08-01,GLD_ret,-0.0073,0.0030429729185482,0.0017522420144501,0.0028386320634091,0.0,1.0,0.001291844450274,0.002092788009444,0.0,1.0,-0.0011454463138046,-0.0010309016824241,0.0,1.0,-0.0090603812687399,-0.0081543431418659,0.0,1.0,-0.0085176640180707,-0.0117592662641662,0.0,1.0,-0.0083965354811101,-0.0114308070054352,0.0,1.0,0.9646319035012444,3.0,0.3,-0.0085064076338882,0.0059032215780876,0.5903282871106519,-0.0244942283475049,0.0301714924743233,0.0273328604109141,0.0546657208218282,rolling_conformal,-0.0256940944795087,0.0298796704983967,0.0277868824889527,0.0555737649779055,rolling_conformal,-0.0314015170025466,0.0293397136376982,0.0303706153201224,0.0607412306402448,rolling_conformal,-0.0418711641028457,0.0255624778191137,0.0337168209609797,0.0674336419219594,rolling_conformal,-0.0450263440385024,0.0215078115101699,0.0332670777743361,0.0665341555486723,rolling_conformal,-0.0281458633303708,0.0342318091674673,0.0311888362489191,0.0623776724978382,rolling_conformal,-0.0417371740062472,0.0188755599953768,0.030306367000812,0.0606127340016241,rolling_conformal,-0.0354798493668869,0.0184670340991105,0.0269734417329987,0.0539468834659975,rolling_conformal,-0.0354798493668869,0.0184670340991105,0.0269734417329987,0.0539468834659975,rolling_conformal
FOMC_0129,2018-08-01,QQQ_ret,0.0038,-0.0005949317426147,0.0014972707661715,0.0013475436895543,0.0,1.0,0.0010637750178522,0.000957397516067,0.0,1.0,0.0022622601877419,0.0032294103319414,0.0,1.0,0.0006864582400801,0.0009941366421312,0.0,1.0,0.0010770147955882,0.0015583793270023,0.0,1.0,0.001054670323767,0.0015463077194786,0.0,1.0,0.9646319035012444,3.0,0.2837773918268784,0.0011733404620612,0.0041989428431451,0.2184077442168117,-0.0304500261741294,0.0331451135532382,0.0317975698636838,0.0635951397273677,rolling_conformal,-0.0271934874413187,0.0291082824734527,0.0281508849573857,0.0563017699147714,rolling_conformal,-0.0217456710774616,0.0282044917413445,0.0249750814094031,0.0499501628188062,rolling_conformal,-0.0310288647367371,0.0330171380209996,0.0320230013788684,0.0640460027577368,rolling_conformal,-0.0278259770386191,0.0309427356926237,0.0293843563656214,0.0587687127312429,rolling_conformal,-0.0214526792672495,0.0202628157820199,0.0208577475246347,0.0417154950492694,rolling_conformal,-0.0234496806968406,0.0265422961357978,0.0249959884163192,0.0499919768326384,rolling_conformal,-0.0256844801084695,0.0280311610325919,0.0268578205705307,0.0537156411410614,rolling_conformal,-0.0256844801084695,0.0280311610325919,0.0268578205705307,0.0537156411410614,rolling_conformal
FOMC_0129,2018-08-01,SPY_ret,-0.0017,-0.0031570270814517,5.6446899655745674e-05,7.651358676919987e-05,0.0,1.0,0.000259507275671,0.000347650554427,0.0,1.0,0.0013018418249003,0.0018071579453572,0.0,1.0,0.000719926690148,0.0009482805350927,0.0,1.0,-0.0003757531847571,0.0005409499950369,0.0,1.0,-0.000820869653063,0.0012538731733427,0.0,1.0,0.9646319035012444,3.0,0.25,0.0001738203260907,0.0038516932640074,0.0431820413419792,-0.0275026640284419,0.0276556912019803,0.0275791776152111,0.0551583552304222,rolling_conformal,-0.0315369345702597,0.0322322356791138,0.0318845851246867,0.0637691702493735,rolling_conformal,-0.0318731309628645,0.0354874468535791,0.0336802889082218,0.0673605778164437,rolling_conformal,-0.0203170493974277,0.0222136104676131,0.0212653299325204,0.0425306598650409,rolling_conformal,-0.0227699584879533,0.0238518584780272,0.0233109084829902,0.0466218169659805,rolling_conformal,-0.0211631213215581,0.0148490671586546,0.0180060942401064,0.0360121884802128,rolling_conformal,-0.0272133931392316,0.0297211394859171,0.0284672663125743,0.0569345326251487,rolling_conformal,-0.0248128046665565,0.0251604453187379,0.0249866249926472,0.0499732499852945,rolling_conformal,-0.0248128046665565,0.0251604453187379,0.0249866249926472,0.0499732499852945,rolling_conformal
FOMC_0129,2018-08-01,UUP_ret,0.0012,0.0005342634279469,-0.0012459338751756,-0.0018502118046358,0.0,1.0,-0.0002252490941592,-0.0003026579849131,0.0,1.0,5.666515969593501e-05,8.20740993176147e-05,6.776263578034403e-21,0.9999999999999998,0.0003142246156034,-0.000466623554171,0.0,1.0,0.0002289093442997,-0.000339930376285,0.0,1.0,-2.429592723780622e-05,3.453959439311273e-05,0.0,1.0,0.9646319035012444,3.0,0.2870304438691003,0.000195773102965,0.0032508066691207,0.0568048755180296,-0.0151433757005992,0.0114429520913275,0.0132931638959633,0.0265863277919267,rolling_conformal,-0.0144662911636419,0.0138609751938156,0.0141636331787287,0.0283272663574575,rolling_conformal,-0.0115265567578367,0.0116907049564719,0.0116086308571543,0.0232172617143086,rolling_conformal,-0.0136649519831342,0.012731704874792,0.0131983284289631,0.0263966568579263,rolling_conformal,-0.0132648332931746,0.0125849725406044,0.0129249029168895,0.0258498058337791,rolling_conformal,-0.0148723435272211,0.015940870383115,0.0154066069551681,0.0308132139103362,rolling_conformal,-0.0123133109752435,0.0123823901640297,0.0123478505696366,0.0246957011392733,rolling_conformal,-0.0117637836289791,0.0121553298349092,0.0119595567319441,0.0239191134638883,rolling_conformal,-0.0117637836289791,0.0121553298349092,0.0119595567319441,0.0239191134638883,rolling_conformal
FOMC_0127,2018-09-26,GLD_ret,-0.0053,0.0124574437299469,-0.0001309668459243,-0.0001178701613318,0.0,1.0,-0.0009218179871068,-0.0012755362318231,1.0842021724855044e-19,0.9999999999999998,0.0010163001600649,-0.0014679601041788,0.0,1.0,0.000987110862674,0.0015671824021602,0.0,1.0,0.0003395819603992,0.0004576941749435,0.0,1.0,-0.0025913660207079,-0.0041563243920987,0.0,1.0,0.9550296905177716,3.0,0.3,0.0009933672534179,0.0059378342853265,0.1433194251632737,-0.027450730572246,0.0272149902495822,0.0273328604109141,0.0546657208218282,rolling_conformal,-0.0290624187207759,0.0265113462571295,0.0277868824889527,0.0555737649779055,rolling_conformal,-0.0318385754243013,0.0289026552159435,0.0303706153201224,0.0607412306402448,rolling_conformal,-0.0321496385588195,0.0352840033631399,0.0337168209609797,0.0674336419219594,rolling_conformal,-0.0328093835993926,0.0337247719492797,0.0332670777743361,0.0665341555486723,rolling_conformal,-0.0187313925189721,0.043646279978866,0.0311888362489191,0.0623776724978382,rolling_conformal,-0.0344626913929108,0.0261500426087132,0.030306367000812,0.0606127340016241,rolling_conformal,-0.0259800744795808,0.0279668089864166,0.0269734417329987,0.0539468834659975,rolling_conformal,-0.0259800744795808,0.0279668089864166,0.0269734417329987,0.0539468834659975,rolling_conformal
FOMC_0127,2018-09-26,QQQ_ret,0.0007,0.0005026069644558,0.0016082470888507,0.0014474223799657,2.1684043449710093e-19,0.9999999999999998,0.0010905021950214,0.0016931306686367,0.0,1.0,0.002438143576814,0.0037322895221842,0.0,1.0,-0.0004309062940487,0.0006608493940113,0.0,1.0,0.0003455067563198,0.0005369300348831,0.0,1.0,0.0010809204754248,0.0016172019733002,0.0,1.0,0.9550296905177716,3.0,0.265690763314575,0.0016513304682672,0.0038010393315513,0.302866001433392,-0.0287855338542391,0.0316803786141705,0.0302329562342048,0.0604659124684097,rolling_conformal,-0.0234066684468507,0.0267929297841241,0.0250997991154874,0.0501995982309749,rolling_conformal,-0.0187897875015941,0.0262543665459625,0.0225220770237783,0.0450441540475567,rolling_conformal,-0.0297669528507766,0.0310886516387994,0.030427802244788,0.060855604489576,rolling_conformal,-0.0283174093185935,0.0293912693883598,0.0288543393534767,0.0577086787069534,rolling_conformal,-0.0197641073959258,0.0207693213248374,0.0202667143603816,0.0405334287207632,rolling_conformal,-0.0233763762938866,0.0266107802404872,0.0249935782671869,0.0499871565343739,rolling_conformal,-0.0243525362941685,0.027655197230703,0.0260038667624357,0.0520077335248715,rolling_conformal,-0.0243525362941685,0.027655197230703,0.0260038667624357,0.0520077335248715,rolling_conformal
FOMC_0127,2018-09-26,SPY_ret,-0.003,0.0009110064420367,-0.0002093858079117,-0.0002871077390373,2.710505431213761e-20,0.9999999999999998,0.0001354539949851,-0.000179465568556,0.0,1.0,0.0033389510139054,0.0030050559125149,4.336808689942019e-19,0.9999999999999998,-0.0006280102140335,-0.0005652091926302,0.0,1.0,0.0002717097366257,-0.0003654835342691,0.0,1.0,0.0032189715986311,0.0028970744387679,4.336808689942019e-19,0.9999999999999998,0.9550296905177716,3.0,0.25,0.0027606410555229,0.0037512265993938,0.4239408664931723,-0.0274327552146632,0.0268585397365884,0.0271456474756258,0.0542912949512517,rolling_conformal,-0.0294179376113637,0.0290590064742516,0.0292384720428076,0.0584769440856153,rolling_conformal,-0.0291579769641988,0.0351680887892286,0.0321630328767137,0.0643260657534274,rolling_conformal,-0.021750309550131,0.0206198911648706,0.0211851003575008,0.0423702007150016,rolling_conformal,-0.0216832290000203,0.0209522619314821,0.0213177454657512,0.0426354909315025,rolling_conformal,-0.0168965259195951,0.0187185388036686,0.0178075323616318,0.0356150647232637,rolling_conformal,-0.0234469900430592,0.0292411389205952,0.0263440644818272,0.0526881289636545,rolling_conformal,-0.0209764602818247,0.0264977423928706,0.0237371013373476,0.0474742026746953,rolling_conformal,-0.0209764602818247,0.0264977423928706,0.0237371013373476,0.0474742026746953,rolling_conformal
FOMC_0127,2018-09-26,UUP_ret,0.0004,-0.0067913838313069,-0.0011753373343005,-0.0017105633757539,0.0,1.0,-0.0020919552270978,-0.0027673256705024,0.0,1.0,-0.0020558530358081,-0.0030529417581751,0.0,1.0,-0.0010877148566358,-0.0009789433709722,0.0,1.0,-0.0025047845151892,-0.0022543060636702,0.0,1.0,-0.0018754335563664,-0.0027850188312041,0.0,1.0,0.9550296905177716,3.0,0.3163847033584677,-0.0044578285766381,0.003252136067264,0.5781910813628715,-0.0150037272717173,0.0115826005202094,0.0132931638959633,0.0265863277919267,rolling_conformal,-0.0169309588492312,0.0113963075082263,0.0141636331787287,0.0283272663574575,rolling_conformal,-0.0146615726153294,0.0085556890989791,0.0116086308571543,0.0232172617143086,rolling_conformal,-0.0141772717999353,0.0122193850579909,0.0131983284289631,0.0263966568579263,rolling_conformal,-0.0151792089805598,0.0106705968532192,0.0129249029168895,0.0258498058337791,rolling_conformal,-0.0221979907864751,0.0086152231238611,0.0154066069551681,0.0308132139103362,rolling_conformal,-0.0151328694008408,0.0095628317384325,0.0123478505696366,0.0246957011392733,rolling_conformal,-0.0164173853085823,0.007501728155306,0.0119595567319441,0.0239191134638883,rolling_conformal,-0.0164173853085823,0.007501728155306,0.0119595567319441,0.0239191134638883,rolling_conformal
FOMC_0125,2018-11-08,GLD_ret,-0.0022,0.0017649017891734,-0.0007085194165197,-0.0009831091915911,0.0,1.0,-0.0003921693799992,-0.000608122315803,0.0,1.0,-0.0031352979891399,-0.0042696251519918,4.336808689942019e-19,0.9999999999999998,-0.0022356824899317,0.0029308265108482,0.0,1.0,-0.0022859402759057,-0.0020573462483151,0.0,1.0,-0.0008126713259466,-0.0012861132321528,0.0,1.0,0.9552181899179236,3.0,0.2783641092735634,-0.0005241841840333,0.0059220541199823,0.0813177152525706,-0.0283159696025052,0.026349751219323,0.0273328604109141,0.0546657208218282,rolling_conformal,-0.0283950048047557,0.0271787601731497,0.0277868824889527,0.0555737649779055,rolling_conformal,-0.0346402404721142,0.0261009901681306,0.0303706153201224,0.0607412306402448,rolling_conformal,-0.0307859944501315,0.0366476474718279,0.0337168209609797,0.0674336419219594,rolling_conformal,-0.0353244240226513,0.0312097315260209,0.0332670777743361,0.0665341555486723,rolling_conformal,-0.0294239344597456,0.0329537380380925,0.0311888362489191,0.0623776724978382,rolling_conformal,-0.0315924802329649,0.0290202537686592,0.030306367000812,0.0606127340016241,rolling_conformal,-0.027497625917032,0.0264492575489654,0.0269734417329987,0.0539468834659975,rolling_conformal,-0.027497625917032,0.0264492575489654,0.0269734417329987,0.0539468834659975,rolling_conformal
FOMC_0125,2018-11-08,QQQ_ret,-0.0064,-0.006590104013198,0.0016712298880953,0.0015041068992858,0.0,1.0,0.001088812249402,0.0009799310244618,0.0,1.0,0.0021650401280642,0.0030276774834344,0.0,1.0,0.0104470875749322,0.009402378817439,0.0,1.0,0.0106385894438758,0.0095747304994882,0.0,1.0,0.0158518320745745,0.014266648867117,0.0,1.0,0.9552181899179236,3.0,0.2880995411510234,0.0103222849154975,0.0038010589314031,0.7308671174986305,-0.024311609694327,0.0273198234928987,0.0258157165936129,0.0516314331872258,rolling_conformal,-0.0241198680910256,0.0260797301399492,0.0250997991154874,0.0501995982309749,rolling_conformal,-0.0194943995403439,0.0255497545072127,0.0225220770237783,0.0450441540475567,rolling_conformal,-0.0170976632409626,0.0359024208758406,0.0265000420584016,0.0530000841168033,rolling_conformal,-0.0192796088539885,0.0384290698529649,0.0288543393534767,0.0577086787069534,rolling_conformal,-0.0268477125055752,0.0136675044791791,0.0202576084923772,0.0405152169847544,rolling_conformal,-0.0107269294000698,0.039260227134304,0.0249935782671869,0.0499871565343739,rolling_conformal,-0.0156815818469382,0.0363261516779332,0.0260038667624357,0.0520077335248715,rolling_conformal,-0.0156815818469382,0.0363261516779332,0.0260038667624357,0.0520077335248715,rolling_conformal
FOMC_0125,2018-11-08,SPY_ret,-0.0018,-0.004722057666753,-0.0006299486919043,-0.0009779953441814,0.0,1.0,-0.0007110916275511,-0.0011039697517731,0.0,1.0,0.0008158361623694,-0.0011751036645004,0.0,1.0,0.001832213958081,-0.0028404475646558,0.0,1.0,0.0053609035407717,-0.0077170404805108,0.0,1.0,0.0058017340975472,-0.0082693860977857,0.0,1.0,0.9552181899179236,3.0,0.25,-0.0084899370885317,0.0037571410673542,0.6932216850624554,-0.0281206309726966,0.0261646402843338,0.0271426356285152,0.0542852712570305,rolling_conformal,-0.0303424417945808,0.0281345022910345,0.0292384720428076,0.0584769440856153,rolling_conformal,-0.0333381365412142,0.0309879292122132,0.0321630328767137,0.0643260657534274,rolling_conformal,-0.0236779702242909,0.0179970750949792,0.0208375226596351,0.0416750453192702,rolling_conformal,-0.0290347859462621,0.0136007049852404,0.0213177454657512,0.0426354909315025,rolling_conformal,-0.0225295900283849,0.0130854746948787,0.0178075323616318,0.0356150647232637,rolling_conformal,-0.034613450579613,0.0180746783840415,0.0263440644818272,0.0526881289636545,rolling_conformal,-0.0322270384258794,0.0152471642488159,0.0237371013373476,0.0474742026746953,rolling_conformal,-0.0322270384258794,0.0152471642488159,0.0237371013373476,0.0474742026746953,rolling_conformal
FOMC_0125,2018-11-08,UUP_ret,0.0059,-0.0005796118000162,-0.001036481089356,0.001506878299786,0.0,1.0,-0.0005982238943113,0.0008883624830522,0.0,1.0,-0.0031010561547411,0.0046050683897905,0.0,1.0,-0.0009227540162233,0.0011048325836183,0.0,1.0,-0.0010481104879592,0.0014743198869457,0.0,1.0,-0.0032648459449818,0.0045509598278367,0.0,1.0,0.9552181899179236,3.0,0.2761602739670053,0.0034475097376297,0.0032498923059079,0.5147540147176993,-0.0117862855961773,0.0148000421957494,0.0132931638959633,0.0265863277919267,rolling_conformal,-0.0132752706956764,0.015051995661781,0.0141636331787287,0.0283272663574575,rolling_conformal,-0.0070035624673637,0.0162136992469448,0.0116086308571543,0.0232172617143086,rolling_conformal,-0.0120934958453448,0.0143031610125814,0.0131983284289631,0.0263966568579263,rolling_conformal,-0.0114505830299438,0.0143992228038352,0.0129249029168895,0.0258498058337791,rolling_conformal,-0.0159862187551843,0.0148269951551518,0.0154066069551681,0.0308132139103362,rolling_conformal,-0.0077968907417998,0.0168988103974734,0.0123478505696366,0.0246957011392733,rolling_conformal,-0.0085120469943144,0.0154070664695738,0.0119595567319441,0.0239191134638883,rolling_conformal,-0.0085120469943144,0.0154070664695738,0.0119595567319441,0.0239191134638883,rolling_conformal
FOMC_0122,2018-12-19,GLD_ret,-0.0061,0.0060702313100271,-0.0040788445352264,-0.0036709600817037,0.0,1.0,0.0008664326435885,-0.0012596337687293,0.0,1.0,-0.0027929876245237,-0.0043664839392399,0.0,1.0,0.0041474728023331,-0.0067189059397796,0.0,1.0,0.0029092703498069,-0.0047130179666872,0.0,1.0,0.0015166955643581,-0.0024570468142601,0.0,1.0,0.932359966602672,3.0,0.3,0.0001213639476312,0.0058831614800207,0.0202137116340874,-0.0310038204926179,0.0236619003292103,0.0273328604109141,0.0546657208218282,rolling_conformal,-0.0290465162576821,0.0265272487202233,0.0277868824889527,0.0555737649779055,rolling_conformal,-0.0347370992593623,0.0260041313808825,0.0303706153201224,0.0607412306402448,rolling_conformal,-0.0404357269007594,0.0269979150212,0.0337168209609797,0.0674336419219594,rolling_conformal,-0.0379800957410234,0.0285540598076489,0.0332670777743361,0.0665341555486723,rolling_conformal,-0.025118604938892,0.0372590675589462,0.0311888362489191,0.0623776724978382,rolling_conformal,-0.0327634138150722,0.0278493201865519,0.030306367000812,0.0606127340016241,rolling_conformal,-0.0268520777853675,0.0270948056806299,0.0269734417329987,0.0539468834659975,rolling_conformal,-0.0268520777853675,0.0270948056806299,0.0269734417329987,0.0539468834659975,rolling_conformal
FOMC_0122,2018-12-19,QQQ_ret,-0.0246,0.0119603383482478,0.0014472490298244,0.001302524126842,0.0,1.0,0.0008978819312484,0.0008080937381236,0.0,1.0,0.0022247458440672,0.0020022712596604,0.0,1.0,0.0006372549781104,-0.0009543203103405,0.0,1.0,0.0009050134747752,-0.0013267677652434,1.0842021724855044e-19,0.9999999999999998,0.000980108296413,-0.0014910798292597,0.0,1.0,0.932359966602672,3.0,0.27072978048925,0.0026882745765074,0.0038263564914942,0.4126527537659218,-0.0212452999653689,0.023850348219053,0.0225478240922109,0.0450956481844219,rolling_conformal,-0.023505235597805,0.0251214230740522,0.0243133293359286,0.0486266586718572,rolling_conformal,-0.0196397387572858,0.0236442812766068,0.0216420100169463,0.0432840200338926,rolling_conformal,-0.0274543623687421,0.0255457217480611,0.0265000420584016,0.0530000841168033,rolling_conformal,-0.0278754411402741,0.0252219056097872,0.0265486733750307,0.0530973467500614,rolling_conformal,-0.0082972701441293,0.032217946840625,0.0202576084923772,0.0405152169847544,rolling_conformal,-0.0261035221998838,0.0231213625413642,0.024612442370624,0.049224884741248,rolling_conformal,-0.0222447566491923,0.0276213058022072,0.0249330312256997,0.0498660624513995,rolling_conformal,-0.0222447566491923,0.0276213058022072,0.0249330312256997,0.0498660624513995,rolling_conformal
FOMC_0122,2018-12-19,SPY_ret,-0.015,0.0057695189074858,-0.0043645672150961,-0.0067759906014367,0.0,1.0,0.0004908740503208,-0.000762081963123,0.0,1.0,-0.0024499159656359,-0.0038034945366498,0.0,1.0,-0.0029105212491317,-0.004518584239277,0.0,1.0,-0.0013244635324526,-0.0020562296341326,0.0,1.0,-0.0035171227922184,-0.0054603331349191,4.336808689942019e-19,0.9999999999999998,0.932359966602672,3.0,0.25,-0.0030508006429655,0.0037597739293739,0.4479513631408571,-0.033918626229952,0.0203666450270784,0.0271426356285152,0.0542852712570305,rolling_conformal,-0.0247688666396632,0.0232447027134171,0.0240067846765402,0.0480135693530804,rolling_conformal,-0.0306270119255837,0.023020022852284,0.0268235173889338,0.0536470347778677,rolling_conformal,-0.0251980419473957,0.0161608734688416,0.0206794577081187,0.0413589154162374,rolling_conformal,-0.0213010127421081,0.0171885534738427,0.0192447831079754,0.0384895662159508,rolling_conformal,-0.0115143201364981,0.0230533579514699,0.017283839043984,0.0345676780879681,rolling_conformal,-0.0299610513330996,0.0190403850632613,0.0245007181981804,0.0490014363963609,rolling_conformal,-0.0220504316252881,0.015948830339357,0.0189996309823225,0.0379992619646451,rolling_conformal,-0.0220504316252881,0.015948830339357,0.0189996309823225,0.0379992619646451,rolling_conformal
FOMC_0122,2018-12-19,UUP_ret,0.0004,-0.0051482112960674,-0.000380931690475,0.0005656835603554,0.0,1.0,0.0003297800669681,0.0004527375474278,0.0,1.0,-0.0006202576758466,0.0009210826486323,0.0,1.0,-0.0013413871644483,0.0017996613260983,0.0,1.0,-0.0005124174309946,0.0006351829044579,0.0,1.0,-0.0015550381174944,0.0023092316044793,0.0,1.0,0.932359966602672,3.0,0.3088119700277703,6.912368091030485e-06,0.0032376147083925,0.0021335456885987,-0.0127274803356079,0.0138588474563188,0.0132931638959633,0.0265863277919267,rolling_conformal,-0.0137108956313009,0.0146163707261566,0.0141636331787287,0.0283272663574575,rolling_conformal,-0.010687548208522,0.0125297135057866,0.0116086308571543,0.0232172617143086,rolling_conformal,-0.0113986671028647,0.0149979897550615,0.0131983284289631,0.0263966568579263,rolling_conformal,-0.0122897200124316,0.0135600858213474,0.0129249029168895,0.0258498058337791,rolling_conformal,-0.0205548182512355,0.0102583956591006,0.0154066069551681,0.0308132139103362,rolling_conformal,-0.0100386189651573,0.0146570821741159,0.0123478505696366,0.0246957011392733,rolling_conformal,-0.0119526443638531,0.0119664691000352,0.0119595567319441,0.0239191134638883,rolling_conformal,-0.0119526443638531,0.0119664691000352,0.0119595567319441,0.0239191134638883,rolling_conformal
FOMC_0120,2019-01-30,GLD_ret,0.0057,0.0020577927605471,-3.787302164787263e-05,6.135429506955367e-05,0.0,1.0,0.0033728341543709,0.0054639913300808,0.0,1.0,0.0029899235785997,-0.0045687321667358,0.0,1.0,-0.0024013222747305,0.0034595950550903,0.0,1.0,0.0019433882567848,0.0017490494311063,2.1684043449710093e-19,0.9999999999999998,0.0026777774467743,-0.0043379994637744,0.0,1.0,0.9617441605684957,3.0,0.2929499313279038,-0.0029572230850462,0.0057594846991723,0.3392599322649041,-0.025504754103777,0.0256274626939161,0.0255661083988466,0.0511322167976932,rolling_conformal,-0.0217983702042361,0.0327263528643978,0.027262361534317,0.054524723068634,rolling_conformal,-0.033888486060541,0.0247510217270693,0.0293197538938052,0.0586395077876104,rolling_conformal,-0.0286869094918007,0.0356060996019814,0.032146504546891,0.0642930090937821,rolling_conformal,-0.0277934725557179,0.0312915714179306,0.0295425219868242,0.0590850439736485,rolling_conformal,-0.0271915942597053,0.0313071797807997,0.0292493870202525,0.058498774040505,rolling_conformal,-0.0314242623103693,0.0227482633828203,0.0270862628465948,0.0541725256931897,rolling_conformal,-0.0292425733135716,0.023328127143479,0.0262853502285253,0.0525707004570507,rolling_conformal,-0.0292425733135716,0.023328127143479,0.0262853502285253,0.0525707004570507,rolling_conformal
FOMC_0120,2019-01-30,QQQ_ret,0.0254,-0.0060497694753656,0.001929767028757,-0.0028679243035565,0.0,1.0,-0.0008393896251684,-0.0007554506626515,0.0,1.0,-0.0028398690082439,-0.0045313286099479,0.0,1.0,-0.003743753642081,-0.0033693782778729,0.0,1.0,-0.005762757916934,-0.0080943883040474,0.0,1.0,-0.0105983415828029,-0.0152933521296098,0.0,1.0,0.9617441605684957,3.0,0.2982728734155388,-0.015670302713343,0.0041124659269105,0.7921188928160693,-0.0254157483957675,0.0196798997886544,0.0225478240922109,0.0450956481844219,rolling_conformal,-0.0250687799985801,0.023557878673277,0.0243133293359286,0.0486266586718572,rolling_conformal,-0.0270534056337262,0.0179907484138304,0.0225220770237783,0.0450441540475567,rolling_conformal,-0.0280307803575495,0.0212920238018036,0.0246614020796765,0.0493228041593531,rolling_conformal,-0.0332263478277316,0.0170375712196367,0.0251319595236841,0.0502639190473683,rolling_conformal,-0.0263164838357472,0.014216944885016,0.0202667143603816,0.0405334287207632,rolling_conformal,-0.0399057945002339,0.0093190902410141,0.024612442370624,0.0492248847412481,rolling_conformal,-0.0416741694757787,0.0103335640490927,0.0260038667624357,0.0520077335248715,rolling_conformal,-0.0416741694757787,0.0103335640490927,0.0260038667624357,0.0520077335248715,rolling_conformal
FOMC_0120,2019-01-30,SPY_ret,0.0158,-0.0061125564994669,0.0005740125334884,-0.0008911544582408,0.0,1.0,-0.0002310077301423,-0.000358639501046,2.710505431213761e-20,0.9999999999999998,-0.0035193431276533,-0.0054637802056819,0.0,1.0,0.0067019407447846,-0.0104047630062782,8.673617379884035e-19,0.9999999999999998,0.003991189748942,-0.0061963220852324,0.0,1.0,0.0071464817979457,-0.0110949129913107,8.673617379884035e-19,0.9999999999999998,0.9617441605684957,3.0,0.25,-0.0113267224486022,0.0037773239204495,0.7499132797074807,-0.025431883919452,0.0236495750029702,0.0245407294612111,0.0490814589224223,rolling_conformal,-0.0230979022663865,0.0223806232642945,0.0227392627653405,0.0454785255306811,rolling_conformal,-0.0282933299408098,0.017365769529446,0.0228295497351279,0.0456590994702559,rolling_conformal,-0.0310842207143969,0.0102746947018405,0.0206794577081187,0.0413589154162374,rolling_conformal,-0.0254411051932078,0.0130484610227429,0.0192447831079754,0.0384895662159508,rolling_conformal,-0.0239200888610988,0.0116949758621648,0.0178075323616318,0.0356150647232637,rolling_conformal,-0.0314828555242666,0.009293029541645,0.0203879425329558,0.0407758850659117,rolling_conformal,-0.0303263534309248,0.0076729085337202,0.0189996309823225,0.0379992619646451,rolling_conformal,-0.0303263534309248,0.0076729085337202,0.0189996309823225,0.0379992619646451,rolling_conformal
FOMC_0120,2019-01-30,UUP_ret,-0.0051,-0.0012872006493745,-0.0002086520149954,-0.000307288751184,2.710505431213761e-20,0.9999999999999998,-0.0026715090745603,-0.0034694997116354,0.0,1.0,-0.0031441394466021,0.0045182510871923,0.0,1.0,0.0006398880112088,-0.0009502336966451,0.0,1.0,-0.002050528873427,-0.0030450353770391,0.0,1.0,-0.0025547021599274,-0.0031892582687809,0.0,1.0,0.9617441605684957,3.0,0.2947891250953073,-0.0028914076040028,0.0032137300757842,0.4736032207010717,-0.0136004526471474,0.0129858751447793,0.0132931638959633,0.0265863277919267,rolling_conformal,-0.0176331328903641,0.0106941334670933,0.0141636331787287,0.0283272663574575,rolling_conformal,-0.0070903797699619,0.0161268819443466,0.0116086308571543,0.0232172617143086,rolling_conformal,-0.0141485621256082,0.012248094732318,0.0131983284289631,0.0263966568579263,rolling_conformal,-0.0159699382939286,0.0098798675398504,0.0129249029168895,0.0258498058337791,rolling_conformal,-0.0166938076045426,0.0141194063057935,0.0154066069551681,0.0308132139103362,rolling_conformal,-0.0155371088384176,0.0091585923008557,0.0123478505696366,0.0246957011392733,rolling_conformal,-0.0148509643359469,0.0090681491279413,0.0119595567319441,0.0239191134638883,rolling_conformal,-0.0148509643359469,0.0090681491279413,0.0119595567319441,0.0239191134638883,rolling_conformal
FOMC_0118,2019-03-20,GLD_ret,0.0065,0.0057298238510525,0.0011009725784271,-0.0017835755770519,0.0,1.0,-8.737536275469057e-05,-0.0001415480876625,0.0,1.0,0.0021626188607989,-0.0029055495041667,0.0,1.0,-0.0010940051627698,-0.001772288363687,0.0,1.0,-0.0016498891892683,-0.0026728204866146,2.1684043449710093e-19,0.9999999999999998,0.0031653973192025,-0.0044426404782076,0.0,1.0,0.944571866762072,3.0,0.3,-0.0016690814153154,0.0057574856491353,0.2247457207850164,-0.0273496839758985,0.0237825328217946,0.0255661083988466,0.0511322167976932,rolling_conformal,-0.0274039096219796,0.0271208134466544,0.027262361534317,0.054524723068634,rolling_conformal,-0.0322253033979719,0.0264142043896384,0.0293197538938052,0.0586395077876104,rolling_conformal,-0.0339187929105781,0.0303742161832039,0.032146504546891,0.0642930090937821,rolling_conformal,-0.0322153424734389,0.0268697015002096,0.0295425219868242,0.0590850439736485,rolling_conformal,-0.0235195631691999,0.034979210871305,0.0292493870202525,0.058498774040505,rolling_conformal,-0.0315289033248025,0.0226436223683872,0.0270862628465948,0.0541725256931897,rolling_conformal,-0.0279544316438408,0.0246162688132098,0.0262853502285253,0.0525707004570507,rolling_conformal,-0.0279544316438408,0.0246162688132098,0.0262853502285253,0.0525707004570507,rolling_conformal
FOMC_0118,2019-03-20,QQQ_ret,0.004,0.0109499708818925,0.0053624689339867,0.0074220556091599,0.0,1.0,0.0036864233922649,0.0033177810530384,4.336808689942019e-19,0.9999999999999998,0.0005577519906731,-0.000821897015313,0.0,1.0,-0.0048262463260244,-0.0068271377059698,0.0,1.0,-0.0070968859567359,-0.0103339125148479,0.0,1.0,-0.0042288135176772,-0.0063322582097493,0.0,1.0,0.944571866762072,3.0,0.2875966382303457,-0.001702434027333,0.0044693298155316,0.2758435533572402,-0.018480468517682,0.033324579736002,0.025902524126842,0.051805048253684,rolling_conformal,-0.0209955482828902,0.027631110388967,0.0243133293359286,0.0486266586718572,rolling_conformal,-0.0233439740390914,0.0217001800084653,0.0225220770237783,0.0450441540475567,rolling_conformal,-0.0333271797643715,0.0196729043524318,0.0265000420584016,0.0530000841168033,rolling_conformal,-0.0354658720385321,0.0147980470088362,0.0251319595236841,0.0502639190473683,rolling_conformal,-0.0099077766427422,0.0318077184065272,0.0208577475246347,0.0417154950492694,rolling_conformal,-0.0313258364769362,0.0186613200574376,0.0249935782671869,0.0499871565343739,rolling_conformal,-0.0285602545978637,0.0251553865431976,0.0268578205705307,0.0537156411410614,rolling_conformal,-0.0285602545978637,0.0251553865431976,0.0268578205705307,0.0537156411410614,rolling_conformal
FOMC_0118,2019-03-20,SPY_ret,-0.003,0.006215026588603,0.0049295932201021,0.0044366338980919,0.0,1.0,0.0049934128118677,0.00630134721764,0.0,1.0,0.0004757698546129,-0.0006279907345553,0.0,1.0,-0.0030536188186748,-0.0047407432159926,0.0,1.0,-0.0016817123152596,-0.0026108583694405,0.0,1.0,-0.0013245083141841,-0.0020562991577708,0.0,1.0,0.944571866762072,3.0,0.25,1.3262120645994816e-05,0.0039241156965614,0.0033707933437473,-0.0177136592675531,0.0265869270637369,0.022150293165645,0.0443005863312901,rolling_conformal,-0.0164379155477005,0.0290406099829806,0.0227392627653405,0.0454785255306811,rolling_conformal,-0.0231151047955324,0.0218591233264217,0.022487114060977,0.0449742281219541,rolling_conformal,-0.0255782658756277,0.0160967794436424,0.0208375226596351,0.0416750453192702,rolling_conformal,-0.0239286038351918,0.0187068870963107,0.0213177454657512,0.0426354909315025,rolling_conformal,-0.0145544923188828,0.0269845454960889,0.0207695189074858,0.0415390378149717,rolling_conformal,-0.0284003636395981,0.0242877653240564,0.0263440644818272,0.0526881289636545,rolling_conformal,-0.0237238392167016,0.0237503634579936,0.0237371013373476,0.0474742026746953,rolling_conformal,-0.0237238392167016,0.0237503634579936,0.0237371013373476,0.0474742026746953,rolling_conformal
FOMC_0118,2019-03-20,UUP_ret,-0.0058,-0.0028238251961878,-0.0008382465342919,0.0012447961034236,0.0,1.0,-0.0003814135999368,0.0005663991959061,0.0,1.0,-0.0013185506078601,0.0019580476526723,0.0,1.0,-0.0004262899223807,0.0006330405347354,0.0,1.0,-0.0017121461203283,0.0025425369886875,2.1684043449710093e-19,0.9999999999999998,-0.0013653171104431,0.0020274959090081,0.0,1.0,0.944571866762072,3.0,0.2862748217416193,0.0007025533068474,0.0032282416266444,0.1787326816605341,-0.0120483677925397,0.014537959999387,0.0132931638959633,0.0265863277919267,rolling_conformal,-0.0135972339828226,0.0147300323746349,0.0141636331787287,0.0283272663574575,rolling_conformal,-0.009650583204482,0.0135666785098266,0.0116086308571543,0.0232172617143086,rolling_conformal,-0.0125652878942276,0.0138313689636986,0.0131983284289631,0.0263966568579263,rolling_conformal,-0.0103823659282019,0.0154674399055771,0.0129249029168895,0.0258498058337791,rolling_conformal,-0.0182304321513559,0.0125827817589802,0.0154066069551681,0.0308132139103362,rolling_conformal,-0.0103203546606285,0.0143753464786448,0.0123478505696366,0.0246957011392733,rolling_conformal,-0.0112570034250967,0.0126621100387916,0.0119595567319441,0.0239191134638883,rolling_conformal,-0.0112570034250967,0.0126621100387916,0.0119595567319441,0.0239191134638883,rolling_conformal
FOMC_0117,2019-05-01,GLD_ret,-0.0066,0.0015373012967169,4.807504836940822e-05,-6.364549388325407e-05,0.0,1.0,-0.0018083031578654,0.002806060068467,0.0,1.0,0.0008894795136309,0.0013685705099808,0.0,1.0,-0.001298895473196,-0.0018098186089389,0.0,1.0,-0.0028362370647122,-0.002552613358241,0.0,1.0,-0.0015772196017215,0.0025550957547888,0.0,1.0,0.9656737280449036,3.0,0.293285483254228,0.0027079096983597,0.0057677920385534,0.3194917173228391,-0.0256297538927298,0.0255024629049633,0.0255661083988466,0.0511322167976932,rolling_conformal,-0.0244563014658499,0.0300684216027841,0.027262361534317,0.054524723068634,rolling_conformal,-0.0279511833838243,0.030688324403786,0.0293197538938052,0.0586395077876104,rolling_conformal,-0.03395632315583,0.0303366859379521,0.032146504546891,0.0642930090937821,rolling_conformal,-0.0320951353450653,0.0269899086285832,0.0295425219868242,0.0590850439736485,rolling_conformal,-0.0277120857235355,0.0307866883169694,0.0292493870202525,0.058498774040505,rolling_conformal,-0.024531167091806,0.0296413586013837,0.0270862628465948,0.0541725256931897,rolling_conformal,-0.0235774405301656,0.028993259926885,0.0262853502285253,0.0525707004570507,rolling_conformal,-0.0235774405301656,0.028993259926885,0.0262853502285253,0.0525707004570507,rolling_conformal
FOMC_0117,2019-05-01,QQQ_ret,-0.0032,0.0109816865488206,0.0049742432697371,0.0068891944592363,0.0,1.0,0.0032657419516864,0.0047907097054505,0.0,1.0,0.002516574012246,0.0034762924566121,0.0,1.0,-0.0029679902343366,-0.002671191210903,0.0,1.0,-0.0029857052516089,-0.0041744068404924,0.0,1.0,-0.0008549751823422,-0.0012143706150698,0.0,1.0,0.9656737280449036,3.0,0.3228095440390113,0.0034032912963491,0.0044710150972681,0.4322027622750553,-0.0190133296676056,0.0327917185860784,0.025902524126842,0.051805048253684,rolling_conformal,-0.0195226196304781,0.0291040390413791,0.0243133293359286,0.0486266586718572,rolling_conformal,-0.0190457845671661,0.0259983694803905,0.0225220770237783,0.0450441540475567,rolling_conformal,-0.0291712332693046,0.0238288508474986,0.0265000420584016,0.0530000841168033,rolling_conformal,-0.0293063663641766,0.0209575526831917,0.0251319595236841,0.0502639190473683,rolling_conformal,-0.0098760609758141,0.0318394340734553,0.0208577475246347,0.0417154950492694,rolling_conformal,-0.0262079488822568,0.023779207652117,0.0249935782671869,0.0499871565343739,rolling_conformal,-0.0234545292741815,0.0302611118668798,0.0268578205705307,0.0537156411410614,rolling_conformal,-0.0234545292741815,0.0302611118668798,0.0268578205705307,0.0537156411410614,rolling_conformal
FOMC_0117,2019-05-01,SPY_ret,-0.0075,0.004982085501076,0.0014201473372124,-0.0020761211560099,0.0,1.0,0.0024970376596331,-0.0033775020958717,0.0,1.0,-0.0003997100848943,-0.0003597390764049,5.421010862427522e-20,0.9999999999999998,-0.001284550574288,-0.0019942647665821,0.0,1.0,-0.0022984386879217,-0.0034208225750595,0.0,1.0,0.0002974545715909,-0.0004617982223949,0.0,1.0,0.9656737280449036,3.0,0.25,0.0010340486147436,0.0039322371495117,0.2082152702596274,-0.024226414321655,0.0200741720096351,0.022150293165645,0.0443005863312901,rolling_conformal,-0.0261167648612122,0.0193617606694688,0.0227392627653405,0.0454785255306811,rolling_conformal,-0.022846853137382,0.0221273749845721,0.022487114060977,0.0449742281219541,rolling_conformal,-0.0228317874262172,0.0188432578930529,0.0208375226596351,0.0416750453192702,rolling_conformal,-0.0247385680408108,0.0178969228906916,0.0213177454657512,0.0426354909315025,rolling_conformal,-0.0157874334064098,0.0257516044085619,0.0207695189074858,0.0415390378149717,rolling_conformal,-0.0268058627042222,0.0258822662594322,0.0263440644818272,0.0526881289636545,rolling_conformal,-0.0227030527226039,0.0247711499520913,0.0237371013373476,0.0474742026746953,rolling_conformal,-0.0227030527226039,0.0247711499520913,0.0237371013373476,0.0474742026746953,rolling_conformal
FOMC_0117,2019-05-01,UUP_ret,0.0011,-0.0010046566812402,-0.0011186358114087,0.0016436259845222,0.0,1.0,-0.0011139219843519,-0.0010025297859167,0.0,1.0,-9.613030352694246e-05,0.000117826139473,0.0,1.0,9.984382974512723e-05,8.985944677061453e-05,0.0,1.0,0.0001373540053971,0.0001760907008408,0.0,1.0,0.0003243061010902,0.000481594560119,0.0,1.0,0.9656737280449036,3.0,0.2972118237297699,4.384942996938473e-05,0.0032467251192547,0.0133287655470592,-0.0116495379114411,0.0149367898804855,0.0132931638959633,0.0265863277919267,rolling_conformal,-0.0151661629646455,0.0131611033928119,0.0141636331787287,0.0283272663574575,rolling_conformal,-0.0114908047176812,0.0117264569966273,0.0116086308571543,0.0232172617143086,rolling_conformal,-0.0131084689821925,0.0132881878757337,0.0131983284289631,0.0263966568579263,rolling_conformal,-0.0127488122160487,0.0131009936177303,0.0129249029168895,0.0258498058337791,rolling_conformal,-0.0164112636364084,0.0144019502739278,0.0154066069551681,0.0308132139103362,rolling_conformal,-0.0118662560095176,0.0128294451297556,0.0123478505696366,0.0246957011392733,rolling_conformal,-0.0119157073019747,0.0120034061619135,0.0119595567319441,0.0239191134638883,rolling_conformal,-0.0119157073019747,0.0120034061619135,0.0119595567319441,0.0239191134638883,rolling_conformal
FOMC_0115,2019-06-19,GLD_ret,0.0061,0.0055320157467579,0.0008374855955661,0.0007537370360095,0.0,1.0,0.0027988757449616,0.0045341787068379,0.0,1.0,0.0051328683325736,0.0046195814993162,0.0,1.0,0.0029621042719723,0.0026658938447751,0.0,1.0,0.0044866423305846,-0.0065240156813771,0.0,1.0,0.0061478951538047,0.0099595901491636,0.0,1.0,0.956348164337574,3.0,0.3,0.0103575813941302,0.0057802339053017,0.6418207659302655,-0.024812371362837,0.0263198454348561,0.0255661083988466,0.0511322167976932,rolling_conformal,-0.022728182827479,0.0317965402411549,0.027262361534317,0.054524723068634,rolling_conformal,-0.0247001723944889,0.0339393353931214,0.0293197538938052,0.0586395077876104,rolling_conformal,-0.0294806107021159,0.0348123983916662,0.032146504546891,0.0642930090937821,rolling_conformal,-0.0360665376682013,0.0230185063054471,0.0295425219868242,0.0590850439736485,rolling_conformal,-0.0237173712734946,0.0347814027670104,0.0292493870202525,0.058498774040505,rolling_conformal,-0.0171266726974312,0.0370458529957585,0.0270862628465948,0.0541725256931897,rolling_conformal,-0.015927768834395,0.0366429316226556,0.0262853502285253,0.0525707004570507,rolling_conformal,-0.015927768834395,0.0366429316226556,0.0262853502285253,0.0525707004570507,rolling_conformal
FOMC_0115,2019-06-19,QQQ_ret,0.0038,0.0105226909894473,0.002728257351225,-0.0037646564214621,0.0,1.0,0.0016387518542489,0.001474876668824,0.0,1.0,0.0006443862569493,-0.0008929815909654,0.0,1.0,-0.0026662137743566,-0.0023995923969209,0.0,1.0,-0.001801275838661,-0.0016211482547949,0.0,1.0,-0.0048496020995818,-0.0043646418896236,0.0,1.0,0.956348164337574,3.0,0.3071991507160752,0.000260917659068,0.0044751993251697,0.0550930454222246,-0.0296671805483041,0.0221378677053799,0.025902524126842,0.051805048253684,rolling_conformal,-0.0228384526671045,0.0257882060047527,0.0243133293359286,0.0486266586718572,rolling_conformal,-0.0234150586147438,0.0216290954328128,0.0225220770237783,0.0450441540475567,rolling_conformal,-0.0288996344553226,0.0241004496614806,0.0265000420584016,0.0530000841168033,rolling_conformal,-0.0267531077784791,0.0235108112688892,0.0251319595236841,0.0502639190473683,rolling_conformal,-0.0103350565351874,0.031380438514082,0.0208577475246347,0.0417154950492694,rolling_conformal,-0.0293582201568106,0.0206289363775632,0.0249935782671869,0.0499871565343739,rolling_conformal,-0.0265969029114626,0.0271187382295987,0.0268578205705307,0.0537156411410614,rolling_conformal,-0.0265969029114626,0.0271187382295987,0.0268578205705307,0.0537156411410614,rolling_conformal
FOMC_0115,2019-06-19,SPY_ret,0.0023,0.0059698195289561,-0.0018416520982946,-0.0028591648826024,0.0,1.0,0.0001548568496052,-0.0002404152590121,0.0,1.0,0.0009374142957376,-0.0014553356941326,0.0,1.0,-0.0039922916948057,-0.0061980328561859,0.0,1.0,-0.0018415913476777,-0.0028590705672697,0.0,1.0,-0.0013713253556514,-0.0021289826146488,0.0,1.0,0.956348164337574,3.0,0.25,-0.0001199243905597,0.0039605253439411,0.0293923720275126,-0.0250094580482475,0.0192911282830425,0.022150293165645,0.0443005863312901,rolling_conformal,-0.0229796780243526,0.0224988475063284,0.0227392627653405,0.0454785255306811,rolling_conformal,-0.0239424497551097,0.0210317783668444,0.022487114060977,0.0449742281219541,rolling_conformal,-0.027035555515821,0.0146394898034491,0.0208375226596351,0.0416750453192702,rolling_conformal,-0.0241768160330209,0.0184586748984815,0.0213177454657512,0.0426354909315025,rolling_conformal,-0.0147996993785296,0.026739338436442,0.0207695189074858,0.0415390378149717,rolling_conformal,-0.0284730470964761,0.0242150818671784,0.0263440644818272,0.0526881289636545,rolling_conformal,-0.0238570257279074,0.0236171769467879,0.0237371013373476,0.0474742026746953,rolling_conformal,-0.0238570257279074,0.0236171769467879,0.0237371013373476,0.0474742026746953,rolling_conformal
FOMC_0115,2019-06-19,UUP_ret,-0.0046,-0.001895720523044,-0.001021647127272,-0.0013801945902446,0.0,1.0,-0.0024082311874176,-0.0035762233133152,0.0,1.0,-0.0035245424107641,-0.0052339454799848,0.0,1.0,-0.0002164072507254,-0.0002712305336498,0.0,1.0,-0.0018927365200613,-0.0027894685361321,2.1684043449710093e-19,0.9999999999999998,-0.0031591024858897,-0.0044763911192993,0.0,1.0,0.956348164337574,3.0,0.2983713519868992,-0.004077032238908,0.0032410825352033,0.5571157044672146,-0.0137188866111023,0.010958497430613,0.0123386920208576,0.0246773840417153,rolling_conformal,-0.0152198689651743,0.0080674223385438,0.011643645651859,0.0232872913037181,rolling_conformal,-0.0168147089601765,0.0063468180002069,0.0115807634801917,0.0231615269603834,rolling_conformal,-0.0130693245044583,0.0125268634371586,0.0127980939708085,0.025596187941617,rolling_conformal,-0.0155275485689111,0.0099486114966468,0.012738080032779,0.025476160065558,rolling_conformal,-0.0150141395505285,0.0112226985044405,0.0131184190274845,0.0262368380549691,rolling_conformal,-0.0162798895093847,0.007327107270786,0.0118034983900853,0.0236069967801707,rolling_conformal,-0.0156982274244593,0.0075441629466433,0.0116211951855513,0.0232423903711027,rolling_conformal,-0.0156982274244593,0.0075441629466433,0.0116211951855513,0.0232423903711027,rolling_conformal
FOMC_0113,2019-07-31,GLD_ret,-0.0131,0.0015114405530853,0.0037287014105267,0.0033558312694741,0.0,1.0,0.0069565827721759,0.011269664090925,0.0,1.0,0.0054881031014367,0.0088907270243274,0.0,1.0,0.0015293132453002,-0.0022140254659312,0.0,1.0,0.0063631056502105,0.0093064194481973,0.0,1.0,0.0074093183260129,-0.0101880518169401,0.0,1.0,0.9663772801483356,3.0,0.2946984202524574,-0.0080882758772855,0.0057744177195627,0.5834565978258703,-0.0222102771293725,0.0289219396683207,0.0255661083988466,0.0511322167976932,rolling_conformal,-0.0159926974433919,0.038532025625242,0.027262361534317,0.054524723068634,rolling_conformal,-0.0204290268694777,0.0382104809181326,0.0293197538938052,0.0586395077876104,rolling_conformal,-0.0343605300128223,0.0299324790809598,0.032146504546891,0.0642930090937821,rolling_conformal,-0.0202361025386269,0.0388489414350216,0.0295425219868242,0.0590850439736485,rolling_conformal,-0.0277379464671671,0.0307608275733378,0.0292493870202525,0.058498774040505,rolling_conformal,-0.037274314663535,0.0168982110296547,0.0270862628465948,0.0541725256931897,rolling_conformal,-0.0343736261058109,0.0181970743512398,0.0262853502285253,0.0525707004570507,rolling_conformal,-0.0343736261058109,0.0181970743512398,0.0262853502285253,0.0525707004570507,rolling_conformal
FOMC_0113,2019-07-31,QQQ_ret,-0.0138,0.0026645858327534,0.0027349709715802,0.0024614738744222,0.0,1.0,0.0074930167371499,-0.0103474066561734,8.673617379884035e-19,0.9999999999999998,0.0015538706573728,0.0013984835916355,0.0,1.0,-0.0013107448283561,-0.0019403988072817,0.0,1.0,1.3227495638865784e-05,-2.020205456128524e-05,0.0,1.0,0.0034130280624796,-0.0049380083322813,0.0,1.0,0.9663772801483356,3.0,0.3276354976823163,-0.0030589107616793,0.0044576850494398,0.4069550590446422,-0.0200863502177887,0.0250092979666331,0.0225478240922109,0.0450956481844219,rolling_conformal,-0.0346231344506751,0.0139283211383282,0.0242757277945017,0.0485514555890034,rolling_conformal,-0.0211235934321427,0.0239205606154139,0.0225220770237783,0.0450441540475567,rolling_conformal,-0.0255860784969412,0.0217052808823777,0.0236456796896594,0.0472913593793189,rolling_conformal,-0.0242241960100474,0.0241837919009249,0.0242039939554861,0.0484079879109723,rolling_conformal,-0.0181931616918812,0.0235223333573882,0.0208577475246347,0.0417154950492694,rolling_conformal,-0.0295504507029053,0.0196744340383427,0.024612442370624,0.049224884741248,rolling_conformal,-0.029062777524115,0.0229449560007564,0.0260038667624357,0.0520077335248715,rolling_conformal,-0.029062777524115,0.0229449560007564,0.0260038667624357,0.0520077335248715,rolling_conformal
FOMC_0113,2019-07-31,SPY_ret,-0.0109,0.0019779877809786,0.0002977305188245,-0.0004622266304751,0.0,1.0,0.0058695999755076,0.0052826399779568,0.0,1.0,0.0051526417315674,0.0066756652388949,0.0,1.0,-0.0021879570293498,-0.0033968032880656,0.0,1.0,0.0025535961759505,-0.00393417460173,0.0,1.0,0.0013022148119776,-0.0019469459514663,0.0,1.0,0.9663772801483356,3.0,0.25,-0.0011105693961083,0.0039353403918847,0.2200945402959038,-0.0215702325675371,0.0206457793065869,0.021108005937062,0.042216011874124,rolling_conformal,-0.0151329451920625,0.0256982251479763,0.0204155851700194,0.0408311703400388,rolling_conformal,-0.0145881149667869,0.0279394454445768,0.0212637802056819,0.0425275604113638,rolling_conformal,-0.0240762609961843,0.017282654420053,0.0206794577081187,0.0413589154162374,rolling_conformal,-0.0231789577097055,0.0153106085062453,0.0192447831079754,0.0384895662159508,rolling_conformal,-0.0187915311265072,0.0227475066884645,0.0207695189074858,0.0415390378149717,rolling_conformal,-0.0223348884844221,0.0184409965814895,0.0203879425329558,0.0407758850659117,rolling_conformal,-0.0201102003784309,0.0178890615862142,0.0189996309823225,0.0379992619646451,rolling_conformal,-0.0201102003784309,0.0178890615862142,0.0189996309823225,0.0379992619646451,rolling_conformal
FOMC_0113,2019-07-31,UUP_ret,0.006,-0.0008330992245359,-0.0020319046635727,-0.0030173784254054,0.0,1.0,-0.0026936173633588,-0.0040000217845879,0.0,1.0,-0.003539081192659,-0.0052555355710987,0.0,1.0,-0.0010438811237007,-0.0015501634686956,0.0,1.0,-0.0024959063981865,-0.0037064210013069,0.0,1.0,-0.0032128713218844,-0.0047711139129983,0.0,1.0,0.9663772801483356,3.0,0.2932540975832259,-0.0039779024661902,0.003250812821434,0.5502923832228763,-0.0153560704462631,0.0093213135954522,0.0123386920208576,0.0246773840417153,rolling_conformal,-0.015643667436447,0.0076436238672711,0.011643645651859,0.0232872913037181,rolling_conformal,-0.0168362990512904,0.006325227909093,0.0115807634801917,0.0231615269603834,rolling_conformal,-0.0143482574395041,0.0112479305021128,0.0127980939708085,0.025596187941617,rolling_conformal,-0.016444501034086,0.009031659031472,0.012738080032779,0.025476160065558,rolling_conformal,-0.0139515182520205,0.0122853198029485,0.0131184190274845,0.0262368380549691,rolling_conformal,-0.0165746123030837,0.0070323844770869,0.0118034983900853,0.0236069967801707,rolling_conformal,-0.0155990976517416,0.0076432927193611,0.0116211951855513,0.0232423903711027,rolling_conformal,-0.0155990976517416,0.0076432927193611,0.0116211951855513,0.0232423903711027,rolling_conformal
FOMC_0110,2019-09-18,GLD_ret,-0.0063,-0.0006256880373414,0.0049019793690991,0.0066961254571791,0.0,1.0,0.0036874613502056,0.003318715215185,0.0,1.0,0.0075593269667865,0.0068033942701078,0.0,1.0,0.007718933407923,0.0125046721208352,8.673617379884035e-19,0.9999999999999998,0.0066049057515589,0.0106999473175255,8.673617379884035e-19,0.9999999999999998,0.0048112694894453,0.0077942565729015,0.0,1.0,0.9747118362717984,3.0,0.29439701107368,0.006378540055488,0.005792410983347,0.524079407955983,-0.0188699829416674,0.0322622338560257,0.0255661083988466,0.0511322167976932,rolling_conformal,-0.0239436463191319,0.0305810767495021,0.027262361534317,0.054524723068634,rolling_conformal,-0.0225163596236973,0.036123148163913,0.0293197538938052,0.0586395077876104,rolling_conformal,-0.0196418324260558,0.0446511766677263,0.032146504546891,0.0642930090937821,rolling_conformal,-0.0188425746692987,0.0402424693043498,0.0295425219868242,0.0590850439736485,rolling_conformal,-0.0298750750575939,0.028623698982911,0.0292493870202525,0.058498774040505,rolling_conformal,-0.0192920062736933,0.0348805194194963,0.0270862628465948,0.0541725256931897,rolling_conformal,-0.0199068101730373,0.0326638902840134,0.0262853502285253,0.0525707004570507,rolling_conformal,-0.0199068101730373,0.0326638902840134,0.0262853502285253,0.0525707004570507,rolling_conformal
FOMC_0110,2019-09-18,QQQ_ret,-0.0004,-0.0018026770967928,0.0003624445895915,-0.0005143376461295,0.0,1.0,0.0011341265377953,0.0010207138840158,0.0,1.0,0.0019401092636642,0.0017460983372978,0.0,1.0,-0.0041551839933468,-0.0057088925694517,0.0,1.0,-0.0049253941075684,-0.0069508647779391,0.0,1.0,-0.002727373192629,-0.003942129190875,0.0,1.0,0.9747118362717984,3.0,0.3051813797827591,-0.0041115103110299,0.0045569662057118,0.4743065935546177,-0.0230621617383404,0.0220334864460814,0.0225478240922109,0.0450956481844219,rolling_conformal,-0.0232550139104858,0.0252964416785175,0.0242757277945017,0.0485514555890034,rolling_conformal,-0.0207759786864805,0.0242681753610761,0.0225220770237783,0.0450441540475567,rolling_conformal,-0.0293545722591112,0.0179367871202077,0.0236456796896594,0.0472913593793189,rolling_conformal,-0.0311548587334253,0.017253129177547,0.0242039939554861,0.0484079879109723,rolling_conformal,-0.0226604246214275,0.0190550704278418,0.0208577475246347,0.0417154950492694,rolling_conformal,-0.027656490595819,0.0197722322140688,0.0237143614049439,0.0474287228098879,rolling_conformal,-0.0290445415367297,0.0208215209146698,0.0249330312256997,0.0498660624513995,rolling_conformal,-0.0290445415367297,0.0208215209146698,0.0249330312256997,0.0498660624513995,rolling_conformal
FOMC_0110,2019-09-18,SPY_ret,0.0006,-0.0018838614697741,-0.0024224836499551,-0.0032494998558989,0.0,1.0,-0.0023177890114041,-0.0032058136036479,0.0,1.0,-0.0030154183715083,-0.0046814370217667,0.0,1.0,-0.0033597473500053,-0.0048896214398553,4.336808689942019e-19,0.9999999999999998,-0.0022884987969612,-0.0030843838341505,0.0,1.0,-0.0011095071485514,-0.0017225098481261,0.0,1.0,0.9747118362717984,3.0,0.25,-0.0020272749165689,0.003962464510882,0.3384590526070867,-0.0243575057929609,0.0178585060811631,0.021108005937062,0.042216011874124,rolling_conformal,-0.0236213987736673,0.0172097715663714,0.0204155851700194,0.0408311703400388,rolling_conformal,-0.0259452172274486,0.0165823431839151,0.0212637802056819,0.0425275604113638,rolling_conformal,-0.025569079147974,0.0157898362682633,0.0206794577081187,0.0413589154162374,rolling_conformal,-0.0223291669421259,0.0161603992738249,0.0192447831079754,0.0384895662159508,rolling_conformal,-0.0226533803772599,0.0188856574377117,0.0207695189074858,0.0415390378149717,rolling_conformal,-0.022110452381082,0.0186654326848296,0.0203879425329558,0.0407758850659117,rolling_conformal,-0.0210269058988914,0.0169723560657536,0.0189996309823225,0.0379992619646451,rolling_conformal,-0.0210269058988914,0.0169723560657536,0.0189996309823225,0.0379992619646451,rolling_conformal
FOMC_0110,2019-09-18,UUP_ret,0.0037,-0.0001360543814345,-0.0013512859181072,0.0018271952272684,0.0,1.0,-0.002653367752914,-0.0034468439207499,0.0,1.0,-0.0026163295470019,-0.0032890649966142,0.0,1.0,-0.0007813852268919,0.0010602516962093,0.0,1.0,-0.0022645013772003,0.0030367505133218,0.0,1.0,-0.002391452930076,0.0029724563885838,0.0,1.0,0.9747118362717984,3.0,0.2907880697159839,0.0022753923962867,0.0032853646677347,0.4091885831738486,-0.0105114967935892,0.0141658872481261,0.0123386920208576,0.0246773840417153,rolling_conformal,-0.015090489572609,0.0081968017311091,0.011643645651859,0.0232872913037181,rolling_conformal,-0.0148698284768059,0.0082916984835775,0.0115807634801917,0.0231615269603834,rolling_conformal,-0.0117378422745991,0.0138583456670178,0.0127980939708085,0.025596187941617,rolling_conformal,-0.0097013295194572,0.0157748305461008,0.012738080032779,0.025476160065558,rolling_conformal,-0.013254473408919,0.01298236464605,0.0131184190274845,0.0262368380549691,rolling_conformal,-0.0088310420015014,0.0147759547786692,0.0118034983900853,0.0236069967801707,rolling_conformal,-0.0093458027892645,0.0138965875818381,0.0116211951855513,0.0232423903711027,rolling_conformal,-0.0093458027892645,0.0138965875818381,0.0116211951855513,0.0232423903711027,rolling_conformal
FOMC_0109,2019-10-04,GLD_ret,-0.0055,0.0001335060848649,-0.0041450806436505,-0.0037305725792854,0.0,1.0,-0.0041365576737867,-0.003722901906408,0.0,1.0,-0.0020446914782415,-0.0033124001947513,0.0,1.0,-0.0006968353053445,-0.0010268359556028,0.0,1.0,-0.0018228804805513,-0.0027179149454816,0.0,1.0,-0.0019791587300228,-0.002891632864842,0.0,1.0,0.547049522006505,3.0,0.0816526649301355,-0.0031735466493774,0.0057429582098427,0.3559189548252496,-0.029296680978132,0.0218355358195611,0.0255661083988466,0.0511322167976932,rolling_conformal,-0.0309852634407251,0.0235394596279089,0.027262361534317,0.054524723068634,rolling_conformal,-0.0326321540885565,0.0260073536990538,0.0293197538938052,0.0586395077876104,rolling_conformal,-0.0331733405024938,0.0311196685912882,0.032146504546891,0.0642930090937821,rolling_conformal,-0.0322604369323059,0.0268246070413426,0.0295425219868242,0.0590850439736485,rolling_conformal,-0.0291158809353875,0.0293828931051174,0.0292493870202525,0.058498774040505,rolling_conformal,-0.0299778957114369,0.0241946299817528,0.0270862628465948,0.0541725256931897,rolling_conformal,-0.0294588968779028,0.0231118035791479,0.0262853502285253,0.0525707004570507,rolling_conformal,-0.0294588968779028,0.0231118035791479,0.0262853502285253,0.0525707004570507,rolling_conformal
FOMC_0109,2019-10-04,QQQ_ret,0.0129,-0.0280691768276632,0.0006032283834492,-0.0009825812148082,0.0,1.0,0.0017146018094344,-0.0024253777868458,0.0,1.0,0.0018831149997311,-0.0025604233106269,0.0,1.0,-0.0049975520431752,-0.007568252318428,0.0,1.0,-0.0011372712802118,-0.001745228266114,0.0,1.0,-6.218021561932713e-05,-8.930504517660845e-05,0.0,1.0,0.547049522006505,3.0,0.1108119067987398,-0.0039872599867227,0.0044804603558116,0.4708782430982984,-0.0235304053070192,0.0215652428774027,0.0225478240922109,0.0450956481844219,rolling_conformal,-0.0267011055813475,0.0218503500076558,0.0242757277945017,0.0485514555890034,rolling_conformal,-0.0250825003344052,0.0199616537131514,0.0225220770237783,0.0450441540475567,rolling_conformal,-0.0296375680425257,0.0145010634056696,0.0220693157240977,0.0441386314481954,rolling_conformal,-0.0250184605008705,0.0215280039686424,0.0232732322347565,0.046546464469513,rolling_conformal,-0.048926924352298,-0.0072114293030285,0.0208577475246347,0.0417154950492694,rolling_conformal,-0.0238036664501205,0.0236250563597673,0.0237143614049439,0.0474287228098879,rolling_conformal,-0.0289202912124225,0.020945771238977,0.0249330312256997,0.0498660624513995,rolling_conformal,-0.0289202912124225,0.020945771238977,0.0249330312256997,0.0498660624513995,rolling_conformal
FOMC_0109,2019-10-04,SPY_ret,0.0104,-0.0281860601233412,-0.0024558177418104,-0.0038126570441606,0.0,1.0,-0.0013592130752071,-0.0020077995230814,0.0,1.0,-0.0012714440344789,-0.001144299631031,0.0,1.0,0.0026556790137128,-0.0041229416687892,0.0,1.0,0.0023811791031726,-0.0036967805576755,0.0,1.0,0.010526012952487,-0.013736600510184,0.0,1.0,0.547049522006505,3.0,0.1136056021309364,-0.013736600510184,0.0038317710004644,0.7818939099118543,-0.0213695804036567,0.0137442663153353,0.017556923359496,0.0351138467189921,rolling_conformal,-0.0224233846931008,0.0184077856469379,0.0204155851700194,0.0408311703400388,rolling_conformal,-0.0224080798367129,0.0201194805746508,0.0212637802056819,0.0425275604113638,rolling_conformal,-0.0248023993769079,0.0165565160393294,0.0206794577081187,0.0413589154162374,rolling_conformal,-0.022941563665651,0.0155480025502998,0.0192447831079754,0.0384895662159508,rolling_conformal,-0.0489555790308271,-0.0074165412158553,0.0207695189074858,0.0415390378149717,rolling_conformal,-0.0341245430431399,0.0066513420227717,0.0203879425329558,0.0407758850659116,rolling_conformal,-0.0327362314925066,0.0052630304721385,0.0189996309823225,0.0379992619646451,rolling_conformal,-0.0327362314925066,0.0052630304721385,0.0189996309823225,0.0379992619646451,rolling_conformal
FOMC_0109,2019-10-04,UUP_ret,-0.0037,-0.0119231043617218,-0.000214259729631,0.0002912524926345,2.710505431213761e-20,0.9999999999999998,-0.000879482921958,-0.001156863585659,0.0,1.0,-0.0007106624064564,-0.0006395961658108,0.0,1.0,-0.0012860781893426,-0.0016043627541292,0.0,1.0,-0.0017923249928907,-0.0026616026144427,2.1684043449710093e-19,0.9999999999999998,-0.0012218513915539,-0.001489975856574,0.0,1.0,0.547049522006505,3.0,0.1263470791341593,-0.0030889882863738,0.00322642046237,0.4891201057710139,-0.0120474395282231,0.0126299445134922,0.0123386920208576,0.0246773840417153,rolling_conformal,-0.0128005092375181,0.0104867820661999,0.011643645651859,0.0232872913037181,rolling_conformal,-0.0122203596460025,0.0109411673143809,0.0115807634801917,0.0231615269603834,rolling_conformal,-0.0144024567249378,0.0111937312166792,0.0127980939708085,0.025596187941617,rolling_conformal,-0.0153996826472217,0.0100764774183362,0.012738080032779,0.025476160065558,rolling_conformal,-0.0250415233892063,0.0011953146657627,0.0131184190274845,0.0262368380549691,rolling_conformal,-0.0132934742466593,0.0103135225335113,0.0118034983900853,0.0236069967801707,rolling_conformal,-0.0147101834719252,0.0085322068991775,0.0116211951855513,0.0232423903711027,rolling_conformal,-0.0147101834719252,0.0085322068991775,0.0116211951855513,0.0232423903711027,rolling_conformal
FOMC_0106,2019-10-30,GLD_ret,0.0055,-0.0050091728381371,-0.0030577107551052,-0.0044655522246474,0.0,1.0,-0.0022559004615869,-0.0020303104154282,0.0,1.0,-0.0012741609005681,0.0020641406589203,0.0,1.0,0.002065486911703,0.0029765414716176,0.0,1.0,0.0044335681819604,0.006729999912021,0.0,1.0,0.004818895844689,0.0078066112683961,0.0,1.0,0.9748799134207432,3.0,0.3,0.0047542512437234,0.0057613665045716,0.45211387826982,-0.030031660623494,0.0211005561741991,0.0255661083988466,0.0511322167976932,rolling_conformal,-0.0292926719497453,0.0252320511188887,0.027262361534317,0.054524723068634,rolling_conformal,-0.0272556132348848,0.0313838945527255,0.0293197538938052,0.0586395077876104,rolling_conformal,-0.0291699630752734,0.0351230460185087,0.032146504546891,0.0642930090937821,rolling_conformal,-0.0228125220748032,0.0362725218988453,0.0295425219868242,0.0590850439736485,rolling_conformal,-0.0342585598583896,0.0242402141821153,0.0292493870202525,0.058498774040505,rolling_conformal,-0.0192796515781986,0.034892874114991,0.0270862628465948,0.0541725256931897,rolling_conformal,-0.0215310989848019,0.0310396014722487,0.0262853502285253,0.0525707004570507,rolling_conformal,-0.0215310989848019,0.0310396014722487,0.0262853502285253,0.0525707004570507,rolling_conformal
FOMC_0106,2019-10-30,QQQ_ret,0.0048,-0.0042604170877126,0.0019272415815371,-0.0026950095597248,0.0,1.0,0.0086822496836366,0.0078140247152729,0.0,1.0,-0.0005922519712288,-0.0005330267741059,0.0,1.0,-0.0034774804849247,0.0052788074278336,0.0,1.0,-0.0036372736342301,0.0053504939783333,0.0,1.0,-0.0045806939076697,0.0066236151311103,0.0,1.0,0.9748799134207432,3.0,0.3266643925326509,0.0038352366975534,0.0045605180626766,0.4568073078608178,-0.0252428336519358,0.0198528145324861,0.0225478240922109,0.0450956481844219,rolling_conformal,-0.0164617030792287,0.0320897525097746,0.0242757277945017,0.0485514555890034,rolling_conformal,-0.0230551037978843,0.0219890502496724,0.0225220770237783,0.0450441540475567,rolling_conformal,-0.0167905082962641,0.0273481231519313,0.0220693157240977,0.0441386314481954,rolling_conformal,-0.0179227382564231,0.0286237262130898,0.0232732322347565,0.046546464469513,rolling_conformal,-0.0321548780687011,0.0236340438932759,0.0278944609809885,0.0557889219619771,rolling_conformal,-0.0170907462738336,0.0303379765360542,0.0237143614049439,0.0474287228098879,rolling_conformal,-0.0210977945281463,0.0287682679232531,0.0249330312256997,0.0498660624513995,rolling_conformal,-0.0210977945281463,0.0287682679232531,0.0249330312256997,0.0498660624513995,rolling_conformal
FOMC_0106,2019-10-30,SPY_ret,0.0031,-0.0036608969975286,-0.0008369619173133,0.0012458501648282,0.0,1.0,0.0001097939877448,0.0001702005168987,0.0,1.0,0.0012956198623197,0.001817524186292,0.0,1.0,-0.0003840613587515,0.0005184623436084,0.0,1.0,0.0005230073631769,0.0007288646859596,0.0,1.0,0.0019576702612531,0.0027595824693521,0.0,1.0,0.9748799134207432,3.0,0.25,0.0013276319930267,0.0038924881502709,0.2543312056561154,-0.0163110731946677,0.0188027735243243,0.017556923359496,0.0351138467189921,rolling_conformal,-0.0202453846531206,0.0205857856869181,0.0204155851700194,0.0408311703400388,rolling_conformal,-0.0194462560193898,0.0230813043919739,0.0212637802056819,0.0425275604113638,rolling_conformal,-0.0201609953645102,0.0211979200517271,0.0206794577081187,0.0413589154162374,rolling_conformal,-0.0185159184220157,0.019973647793935,0.0192447831079754,0.0384895662159508,rolling_conformal,-0.0253634415319583,0.018041647536901,0.0217025445344297,0.0434050890688594,rolling_conformal,-0.0213770180408319,0.0268961829795361,0.024136600510184,0.0482732010203681,rolling_conformal,-0.0224094693443209,0.0250647333303744,0.0237371013373476,0.0474742026746953,rolling_conformal,-0.0224094693443209,0.0250647333303744,0.0237371013373476,0.0474742026746953,rolling_conformal
FOMC_0106,2019-10-30,UUP_ret,-0.0022,0.0037978921945175,-0.0006189254304128,0.000919104264163,0.0,1.0,-0.0017806963358862,0.002531948733365,2.1684043449710093e-19,0.9999999999999998,-0.002226293526954,0.0030411470219499,0.0,1.0,-0.0009171177641636,0.001361919879783,0.0,1.0,-0.0018334690062639,-0.0026773160446086,0.0,1.0,-0.0022117439360121,-0.0019905695424109,0.0,1.0,0.9748799134207432,3.0,0.35,3.893127206540932e-05,0.0032301809546834,0.0119118434137397,-0.0114195877566946,0.0132577962850207,0.0123386920208576,0.0246773840417153,rolling_conformal,-0.009111696918494,0.014175594385224,0.011643645651859,0.0232872913037181,rolling_conformal,-0.0085396164582418,0.0146219105021416,0.0115807634801917,0.0231615269603834,rolling_conformal,-0.0114361740910254,0.0141600138505915,0.0127980939708085,0.025596187941617,rolling_conformal,-0.0154153960773876,0.0100607639881703,0.012738080032779,0.025476160065558,rolling_conformal,-0.009320526832967,0.016916311222002,0.0131184190274845,0.0262368380549691,rolling_conformal,-0.0137940679324963,0.0098129288476744,0.0118034983900853,0.0236069967801707,rolling_conformal,-0.0115822639134859,0.0116601264576167,0.0116211951855513,0.0232423903711027,rolling_conformal,-0.0115822639134859,0.0116601264576167,0.0116211951855513,0.0232423903711027,rolling_conformal
FOMC_0104,2019-12-11,GLD_ret,0.0069,-8.986638621432752e-06,-0.0008095853215824,-0.0007286267894242,0.0,1.0,-0.0020146870145507,-0.0028164763479491,0.0,1.0,0.0025193104715456,0.0035599296001291,0.0,1.0,0.0012508504442084,0.0020263777196177,0.0,1.0,6.030414456628578e-06,9.769271419738295e-06,0.0,1.0,0.0047804911272705,-0.0067366550830744,0.0,1.0,0.9573995251002604,3.0,0.2591952097074521,-0.0059914507797267,0.0049273040295885,0.5487306379761131,-0.0262947351882708,0.0248374816094223,0.0255661083988466,0.0511322167976932,rolling_conformal,-0.0300788378822661,0.0244458851863678,0.027262361534317,0.054524723068634,rolling_conformal,-0.025759824293676,0.0328796834939343,0.0293197538938052,0.0586395077876104,rolling_conformal,-0.0301201268272733,0.0341728822665087,0.032146504546891,0.0642930090937821,rolling_conformal,-0.0295327527154045,0.029552291258244,0.0295425219868242,0.0590850439736485,rolling_conformal,-0.0292583736588739,0.029240400381631,0.0292493870202525,0.058498774040505,rolling_conformal,-0.0338229179296693,0.0203496077635203,0.0270862628465948,0.0541725256931897,rolling_conformal,-0.0322768010082521,0.0202938994487986,0.0262853502285253,0.0525707004570507,rolling_conformal,-0.0322768010082521,0.0202938994487986,0.0262853502285253,0.0525707004570507,rolling_conformal
FOMC_0104,2019-12-11,QQQ_ret,0.0053,-0.0012395726500869,0.0023341823800052,0.0034065885303371,0.0,1.0,0.0030632173262378,0.0051691792380264,0.0,1.0,0.0024343093608413,0.0041078970464197,0.0,1.0,-0.0020582573089281,0.0029836498710091,0.0,1.0,-0.0016261023566269,0.0024118656169769,0.0,1.0,-0.0011901713535952,0.0017573171733239,0.0,1.0,0.9573995251002604,3.0,0.284661629967714,0.0011302720391976,0.0044993372845342,0.2007741508263152,-0.0191412355618738,0.025954412622548,0.0225478240922109,0.0450956481844219,rolling_conformal,-0.0191065485564753,0.0294449070325281,0.0242757277945017,0.0485514555890034,rolling_conformal,-0.0184141799773586,0.026629974070198,0.0225220770237783,0.0450441540475567,rolling_conformal,-0.0190856658530886,0.0250529655951068,0.0220693157240977,0.0441386314481954,rolling_conformal,-0.0208613666177795,0.0256850978517335,0.0232732322347565,0.046546464469513,rolling_conformal,-0.0291340336310754,0.0266548883309016,0.0278944609809885,0.0557889219619771,rolling_conformal,-0.02195704423162,0.0254716785782679,0.0237143614049439,0.0474287228098879,rolling_conformal,-0.023802759186502,0.0260633032648974,0.0249330312256997,0.0498660624513995,rolling_conformal,-0.023802759186502,0.0260633032648974,0.0249330312256997,0.0498660624513995,rolling_conformal
FOMC_0104,2019-12-11,SPY_ret,0.0028,-0.0017298609638325,4.849441794077594e-05,7.528758385305465e-05,0.0,1.0,-4.821772114885884e-05,7.485801208360334e-05,0.0,1.0,0.0031597003049457,0.0048661015725917,4.336808689942019e-19,0.9999999999999998,-0.0007883939409879,0.0012239815933838,0.0,1.0,0.0002708767307432,0.0004205361244788,0.0,1.0,0.0037211743852329,0.0057771232330741,0.0,1.0,0.9573995251002604,3.0,0.25,0.0044854337614245,0.0038194906728515,0.5400938197551866,-0.017481635775643,0.0176322109433491,0.017556923359496,0.0351138467189921,rolling_conformal,-0.0203407271579358,0.020490443182103,0.0204155851700194,0.0408311703400388,rolling_conformal,-0.0163976786330901,0.0261298817782736,0.0212637802056819,0.0425275604113638,rolling_conformal,-0.0194554761147348,0.0219034393015025,0.0206794577081187,0.0413589154162374,rolling_conformal,-0.0188242469834966,0.0196653192324542,0.0192447831079754,0.0384895662159508,rolling_conformal,-0.0234324054982622,0.0199726835705971,0.0217025445344297,0.0434050890688594,rolling_conformal,-0.0183594772771099,0.0299137237432581,0.024136600510184,0.0482732010203681,rolling_conformal,-0.0192516675759231,0.0282225350987722,0.0237371013373476,0.0474742026746953,rolling_conformal,-0.0192516675759231,0.0282225350987722,0.0237371013373476,0.0474742026746953,rolling_conformal
FOMC_0104,2019-12-11,UUP_ret,-0.0037,0.0026224890580498,-0.0010239574721883,-0.0013355311527994,0.0,1.0,-0.0021746939897008,-0.0032294205747058,0.0,1.0,-0.0012770677767824,-0.0018964456485219,0.0,1.0,-0.0012708375608677,-0.0018871937778885,0.0,1.0,-0.0024053027015849,-0.0035718745118536,0.0,1.0,-0.0016109609997143,-0.0023922770845757,2.1684043449710093e-19,0.9999999999999998,0.9573995251002604,3.0,0.3121457757825467,-0.0009096329182796,0.0031419657859372,0.2245140102826049,-0.0136742231736571,0.0110031608680581,0.0123386920208576,0.0246773840417153,rolling_conformal,-0.0148730662265648,0.0084142250771532,0.011643645651859,0.0232872913037181,rolling_conformal,-0.0134772091287136,0.0096843178316698,0.0115807634801917,0.0231615269603834,rolling_conformal,-0.0146852877486971,0.0109109001929199,0.0127980939708085,0.025596187941617,rolling_conformal,-0.0163099545446326,0.0091662055209253,0.012738080032779,0.025476160065558,rolling_conformal,-0.0104959299694346,0.0157409080855344,0.0131184190274845,0.0262368380549691,rolling_conformal,-0.0141957754746611,0.0094112213055095,0.0118034983900853,0.0236069967801707,rolling_conformal,-0.0125308281038309,0.0107115622672717,0.0116211951855513,0.0232423903711027,rolling_conformal,-0.0125308281038309,0.0107115622672717,0.0116211951855513,0.0232423903711027,rolling_conformal
FOMC_0103,2020-01-29,GLD_ret,0.0054,0.0057681343944858,0.0015561707060523,0.0020544619695242,0.0,1.0,0.0021860696516828,0.0019674626865145,0.0,1.0,0.0012480083973574,0.002021773603719,0.0,1.0,0.0035446801725876,-0.0049962365018334,4.336808689942019e-19,0.9999999999999998,0.0032746434776167,-0.0043625331654742,0.0,1.0,0.0016211811792384,0.0024374407804288,0.0,1.0,0.9619153904542278,3.0,0.3,0.0041239786375751,0.0049434867249745,0.4548111213632766,-0.0235116464293223,0.0276205703683709,0.0255661083988466,0.0511322167976932,rolling_conformal,-0.0252948988478024,0.0292298242208316,0.027262361534317,0.054524723068634,rolling_conformal,-0.0272979802900861,0.0313415274975242,0.0293197538938052,0.0586395077876104,rolling_conformal,-0.0371427410487245,0.0271502680450576,0.032146504546891,0.0642930090937821,rolling_conformal,-0.0339050551522985,0.02517998882135,0.0295425219868242,0.0590850439736485,rolling_conformal,-0.0234812526257666,0.0350175214147383,0.0292493870202525,0.058498774040505,rolling_conformal,-0.024648822066166,0.0295237036270237,0.0270862628465948,0.0541725256931897,rolling_conformal,-0.0221613715909502,0.0304093288661004,0.0262853502285253,0.0525707004570507,rolling_conformal,-0.0221613715909502,0.0304093288661004,0.0262853502285253,0.0525707004570507,rolling_conformal
FOMC_0103,2020-01-29,QQQ_ret,0.0016,0.0115536949151621,0.0033845475836107,0.0030460928252496,4.336808689942019e-19,0.9999999999999998,0.0033579678476383,0.0046173742402981,4.336808689942019e-19,0.9999999999999998,0.0016650018767843,0.0024862081603355,0.0,1.0,-0.0025616401580699,-0.0023054761422629,0.0,1.0,-0.0034922235781348,0.0050325952713447,0.0,1.0,-0.0028928106803913,0.0043639537299532,0.0,1.0,0.9619153904542278,3.0,0.3200444066258557,0.0083312377267086,0.004508450398973,0.6488663242046693,-0.0195017312669613,0.0255939169174606,0.0225478240922109,0.0450956481844219,rolling_conformal,-0.0196583535542035,0.0288931020347998,0.0242757277945017,0.0485514555890034,rolling_conformal,-0.0200358688634427,0.0250082851841139,0.0225220770237783,0.0450441540475567,rolling_conformal,-0.0243747918663606,0.0197638395818347,0.0220693157240977,0.0441386314481954,rolling_conformal,-0.0182406369634118,0.0283058275061012,0.0232732322347565,0.046546464469513,rolling_conformal,-0.0163407660658264,0.0394481558961506,0.0278944609809885,0.0557889219619771,rolling_conformal,-0.0193504076749906,0.0280783151348972,0.0237143614049439,0.0474287228098879,rolling_conformal,-0.0166017934989911,0.0332642689524084,0.0249330312256997,0.0498660624513995,rolling_conformal,-0.0166017934989911,0.0332642689524084,0.0249330312256997,0.0498660624513995,rolling_conformal
FOMC_0103,2020-01-29,SPY_ret,-0.0008,0.0072027228048411,0.00079530433387,0.0010991276508472,0.0,1.0,0.0010666928657347,0.0014704138978871,0.0,1.0,0.0008976477878555,0.0008078830090699,1.0842021724855044e-19,0.9999999999999998,-0.0041178345014901,-0.0063929380635634,0.0,1.0,-0.0030635926646549,-0.0047562276118768,0.0,1.0,-0.0018079260001915,-0.0025850112211947,2.1684043449710093e-19,0.9999999999999998,0.9619153904542278,3.0,0.25,-0.0001587893718886,0.0038008616128451,0.0401042848114743,-0.0164577957086488,0.0186560510103433,0.017556923359496,0.0351138467189921,rolling_conformal,-0.0189451712721322,0.0218859990679065,0.0204155851700194,0.0408311703400388,rolling_conformal,-0.0204558971966119,0.0220716632147518,0.0212637802056819,0.0425275604113638,rolling_conformal,-0.0270723957716821,0.0142865196445552,0.0206794577081187,0.0413589154162374,rolling_conformal,-0.0240010107198522,0.0144885554960986,0.0192447831079754,0.0384895662159508,rolling_conformal,-0.0144998217295885,0.0289052673392708,0.0217025445344297,0.0434050890688594,rolling_conformal,-0.0267216117313788,0.0215515892889893,0.024136600510184,0.0482732010203681,rolling_conformal,-0.0238958907092363,0.023578311965459,0.0237371013373476,0.0474742026746953,rolling_conformal,-0.0238958907092363,0.023578311965459,0.0237371013373476,0.0474742026746953,rolling_conformal
FOMC_0103,2020-01-29,UUP_ret,0.0015,-0.0039948893153258,-0.0008615574401981,0.001186737368206,1.0842021724855044e-19,0.9999999999999998,-0.0006246299038748,-0.0008583230578709,0.0,1.0,0.0002174945892849,-0.0002990218505916,0.0,1.0,-0.0014098895182014,-0.0019117146679777,0.0,1.0,-0.0004572700084604,-0.0006538998882638,0.0,1.0,0.000192994148811,-0.0002621353139361,0.0,1.0,0.9619153904542278,3.0,0.3425636898356943,-0.0016949254276912,0.003144157279781,0.3502589287190144,-0.0111519546526516,0.0135254293890637,0.0123386920208576,0.0246773840417153,rolling_conformal,-0.01250196870973,0.0107853225939881,0.011643645651859,0.0232872913037181,rolling_conformal,-0.0118797853307833,0.0112817416296001,0.0115807634801917,0.0231615269603834,rolling_conformal,-0.0147098086387862,0.0108863793028307,0.0127980939708085,0.025596187941617,rolling_conformal,-0.0133919799210428,0.0120841801445151,0.012738080032779,0.025476160065558,rolling_conformal,-0.0171133083428103,0.0091235297121587,0.0131184190274845,0.0262368380549691,rolling_conformal,-0.0120656337040214,0.0115413630761492,0.0118034983900853,0.0236069967801707,rolling_conformal,-0.0133161206132425,0.0099262697578601,0.0116211951855513,0.0232423903711027,rolling_conformal,-0.0133161206132425,0.0099262697578601,0.0116211951855513,0.0232423903711027,rolling_conformal
FOMC_0101,2020-03-03,GLD_ret,0.0314,0.010285670829848,0.0012087371447532,0.001745833197185,0.0,1.0,0.0060275702238476,0.0091420160441131,0.0,1.0,0.0011771535007975,0.001906988671292,0.0,1.0,0.0017826924963651,0.0028879618441115,0.0,1.0,0.0052223104698031,0.0084601429610811,0.0,1.0,0.0030282942265442,0.0049058366470016,0.0,1.0,0.7158534932864721,3.0,0.1335119375956211,0.0067489304792359,0.0049034548024836,0.5791891122869607,-0.0229738440187813,0.0264655104131514,0.0247196772159663,0.0494393544319327,rolling_conformal,-0.0161648707612874,0.0344489028495138,0.0253068868054006,0.0506137736108013,rolling_conformal,-0.0260369028949208,0.0298508802375049,0.0279438915662129,0.0558877831324258,rolling_conformal,-0.0266545601427127,0.0324304838309358,0.0295425219868242,0.0590850439736485,rolling_conformal,-0.0150600289507355,0.0319803148728978,0.0235201719118166,0.0470403438236333,rolling_conformal,-0.0164868604157868,0.0370582020754829,0.0267725312456349,0.0535450624912698,rolling_conformal,-0.0221447814308997,0.0319564547249029,0.0270506180779013,0.0541012361558027,rolling_conformal,-0.0170952058223293,0.0305930667808011,0.0238441363015652,0.0476882726031304,rolling_conformal,-0.0170952058223293,0.0305930667808011,0.0238441363015652,0.0476882726031304,rolling_conformal
FOMC_0101,2020-03-03,QQQ_ret,-0.0321,0.0047860917276125,0.0230152580106945,0.0150668416748685,0.0,1.0,0.0392572720052456,0.0150668416748685,0.0,1.0,0.0311790025943991,0.0150668416748685,3.469446951953614e-18,0.9999999999999998,0.0036755111064627,0.0055640746554692,0.0,1.0,0.0202851914526786,0.0150668416748685,0.0,1.0,0.0292438199061249,0.0150668416748685,0.0,1.0,0.7158534932864721,3.0,0.1017105715119591,0.0150668416748685,0.004442542515272,0.7722870084035112,-0.0074809824173424,0.0376146657670795,0.0225478240922109,0.0450956481844219,rolling_conformal,-0.0092088861196331,0.0393425694693702,0.0242757277945017,0.0485514555890034,rolling_conformal,-0.0074552353489098,0.0375889186986469,0.0225220770237783,0.0450441540475567,rolling_conformal,-0.0165052410686285,0.0276333903795669,0.0220693157240977,0.0441386314481954,rolling_conformal,-0.0082063905598879,0.038340073909625,0.0232732322347565,0.046546464469513,rolling_conformal,-0.023108369253376,0.032680552708601,0.0278944609809885,0.0557889219619771,rolling_conformal,-0.0086475197300754,0.0387812030798125,0.0237143614049439,0.0474287228098879,rolling_conformal,-0.0098661895508312,0.0399998729005683,0.0249330312256997,0.0498660624513995,rolling_conformal,-0.0098661895508312,0.0399998729005683,0.0249330312256997,0.0498660624513995,rolling_conformal
FOMC_0101,2020-03-03,SPY_ret,-0.0286,0.0055063731098245,0.0076009133030717,0.0099695036580992,8.673617379884035e-19,0.9999999999999998,0.005297382698474,0.0076405450183361,0.0,1.0,0.0161581520518979,-0.013196620700644,0.0,1.0,0.0176790261980886,-0.013196620700644,0.0,1.0,0.0255860401976022,-0.013196620700644,3.469446951953614e-18,0.9999999999999998,0.0245389966417286,-0.013196620700644,0.0,1.0,0.7158534932864721,3.0,0.1154526930876917,-0.0126929061508864,0.0036191849911271,0.7781288284312107,-0.0075874197013968,0.0275264270175952,0.017556923359496,0.0351138467189921,rolling_conformal,-0.0127750401516832,0.0280561301883555,0.0204155851700194,0.0408311703400388,rolling_conformal,-0.0344604009063259,0.0080671595050378,0.0212637802056819,0.0425275604113637,rolling_conformal,-0.0338760784087627,0.0074828370074746,0.0206794577081187,0.0413589154162374,rolling_conformal,-0.0324414038086194,0.0060481624073313,0.0192447831079754,0.0384895662159508,rolling_conformal,-0.0161961714246051,0.0272089176442542,0.0217025445344297,0.0434050890688594,rolling_conformal,-0.037333221210828,0.01093997980954,0.024136600510184,0.0482732010203681,rolling_conformal,-0.0364300074882341,0.0110441951864612,0.0237371013373476,0.0474742026746953,rolling_conformal,-0.0364300074882341,0.0110441951864612,0.0237371013373476,0.0474742026746953,rolling_conformal
FOMC_0101,2020-03-03,UUP_ret,-0.0042,-0.00307983512266,-0.0003686253914465,-0.000547408706298,0.0,1.0,-0.0015762112046199,-0.0023406736388606,0.0,1.0,-0.00212943813842,-0.0031622156355537,0.0,1.0,-0.0006563676213417,-0.0009747059176925,0.0,1.0,-0.0012326676924124,-0.0018305115232325,0.0,1.0,-0.0019061743562629,-0.0028306689190504,2.1684043449710093e-19,0.9999999999999998,0.7158534932864721,3.0,0.1201860359812976,-0.0031466767390991,0.0031287179482976,0.5014316838273026,-0.0128861007271557,0.0117912833145596,0.0123386920208576,0.0246773840417153,rolling_conformal,-0.0139843192907196,0.0093029720129984,0.011643645651859,0.0232872913037181,rolling_conformal,-0.0147429791157455,0.0084185478446379,0.0115807634801917,0.0231615269603834,rolling_conformal,-0.013772799888501,0.0118233880531159,0.0127980939708085,0.025596187941617,rolling_conformal,-0.0145685915560115,0.0109075685095465,0.012738080032779,0.025476160065558,rolling_conformal,-0.0161982541501446,0.0100385839048244,0.0131184190274845,0.0262368380549691,rolling_conformal,-0.0146341673091358,0.0089728294710348,0.0118034983900853,0.0236069967801707,rolling_conformal,-0.0147678719246504,0.0084745184464522,0.0116211951855513,0.0232423903711027,rolling_conformal,-0.0147678719246504,0.0084745184464522,0.0116211951855513,0.0232423903711027,rolling_conformal
FOMC_0098,2020-03-15,GLD_ret,-0.0114,-0.0013193332194829,0.0031770569732723,0.002859351275945,4.336808689942019e-19,0.9999999999999998,0.0059934905613981,-0.0090417858453545,0.0,1.0,0.0037846464671579,-0.0053204013310796,4.336808689942019e-19,0.9999999999999998,0.0076947409811185,0.012465480389412,8.673617379884035e-19,0.9999999999999998,0.0063754335316379,0.0103282023212534,8.673617379884035e-19,0.9999999999999998,0.0051528763837795,0.0046375887454015,0.0,1.0,0.8087688860469155,3.0,0.0923710700923736,0.0049048097868581,0.0052835159695036,0.4814152089359114,-0.0227067571229015,0.0284254596747916,0.0255661083988466,0.0511322167976932,rolling_conformal,-0.0343486726507551,0.0162651009600461,0.0253068868054006,0.0506137736108013,rolling_conformal,-0.0346401552248848,0.0239993525627256,0.0293197538938052,0.0586395077876104,rolling_conformal,-0.0170770415974122,0.0420080023762363,0.0295425219868242,0.0590850439736485,rolling_conformal,-0.0131919695905632,0.0338483742330701,0.0235201719118166,0.0470403438236333,rolling_conformal,-0.0280918644651178,0.025453198026152,0.0267725312456349,0.0535450624912698,rolling_conformal,-0.0224130293324997,0.0316882068233029,0.0270506180779013,0.0541012361558027,rolling_conformal,-0.0197462597339059,0.0295558793076221,0.024651069520764,0.0493021390415281,rolling_conformal,-0.0197462597339059,0.0295558793076221,0.024651069520764,0.0493021390415281,rolling_conformal
FOMC_0098,2020-03-15,QQQ_ret,-0.1198,0.0039315974993461,0.0017461881130609,0.0015715693017548,2.1684043449710093e-19,0.9999999999999998,0.0010967511974728,0.0009870760777255,0.0,1.0,0.0020662891134455,0.001859660202101,0.0,1.0,0.0053270194976833,-0.0080133642710841,0.0,1.0,-0.0008154305183139,-0.0012690394148409,1.0842021724855044e-19,0.9999999999999998,-0.003553027767878,-0.0054027978390995,0.0,1.0,0.8087688860469155,3.0,0.0993697619925656,-0.0055940514949671,0.0049406951939985,0.5310100328018484,-0.0209762547904561,0.0241193933939658,0.0225478240922109,0.0450956481844219,rolling_conformal,-0.0232886517167761,0.0252628038722272,0.0242757277945017,0.0485514555890034,rolling_conformal,-0.0206624168216773,0.0243817372258794,0.0225220770237783,0.0450441540475567,rolling_conformal,-0.0300826799951819,0.0140559514530135,0.0220693157240977,0.0441386314481954,rolling_conformal,-0.0245422716495975,0.0220041928199155,0.0232732322347565,0.046546464469513,rolling_conformal,-0.0239628634816423,0.0318260584803347,0.0278944609809885,0.0557889219619771,rolling_conformal,-0.0291171592440435,0.0183115635658443,0.0237143614049439,0.0474287228098879,rolling_conformal,-0.0305270827206669,0.0193389797307326,0.0249330312256997,0.0498660624513995,rolling_conformal,-0.0305270827206669,0.0193389797307326,0.0249330312256997,0.0498660624513995,rolling_conformal
FOMC_0098,2020-03-15,SPY_ret,-0.1094,-7.367658818268881e-05,0.0073558422270476,0.0099998569768,8.673617379884035e-19,0.9999999999999998,-0.0018927086146051,-0.0017034377531446,0.0,1.0,-0.0006783070813646,0.0010530717438186,0.0,1.0,0.0030018300140195,0.0027016470126176,0.0,1.0,-0.0040114191198971,-0.0036102772079074,0.0,1.0,-0.0024132674623151,-0.0021719407160836,0.0,1.0,0.8087688860469155,3.0,0.0806474292616571,-0.0023031292744949,0.0040957294832544,0.3599291314899535,-0.007557066382696,0.0275567803362961,0.017556923359496,0.0351138467189921,rolling_conformal,-0.022119022923164,0.0187121474168747,0.0204155851700194,0.0408311703400388,rolling_conformal,-0.0196214737610505,0.0217276172486879,0.0206745455048692,0.0413490910097385,rolling_conformal,-0.0166653749460835,0.0220686689713187,0.0193670219587011,0.0387340439174023,rolling_conformal,-0.0227219950098995,0.0155014405940846,0.0191117178019921,0.0382234356039842,rolling_conformal,-0.0217762211226123,0.021628867946247,0.0217025445344297,0.0434050890688594,rolling_conformal,-0.0225598832490394,0.0182160018168722,0.0203879425329558,0.0407758850659117,rolling_conformal,-0.0213027602568175,0.0166965017078276,0.0189996309823225,0.0379992619646451,rolling_conformal,-0.0213027602568175,0.0166965017078276,0.0189996309823225,0.0379992619646451,rolling_conformal
FOMC_0098,2020-03-15,UUP_ret,-0.0321,-0.0010230350631899,-0.0007703871193178,0.0009906635080193,0.0,1.0,-0.0030231407252103,-0.0044893639769373,0.0,1.0,-0.0030055020837701,-0.0027049518753931,0.0,1.0,1.8896124425478435e-05,2.409897798795047e-05,0.0,1.0,-0.0019835378383658,-0.0029455536899733,0.0,1.0,-0.0026197747787204,0.0032266745552228,0.0,1.0,0.8087688860469155,3.0,0.0955055907807053,0.0031028838802168,0.0031373912730164,0.4972359121456348,-0.0113480285128382,0.013329355528877,0.0123386920208576,0.0246773840417153,rolling_conformal,-0.0161330096287964,0.0071542816749216,0.011643645651859,0.0232872913037181,rolling_conformal,-0.0142857153555848,0.0088758116047986,0.0115807634801917,0.0231615269603834,rolling_conformal,-0.0127739949928205,0.0128221929487964,0.0127980939708085,0.025596187941617,rolling_conformal,-0.0156836337227523,0.0097925263428056,0.012738080032779,0.025476160065558,rolling_conformal,-0.0141414540906745,0.0120953839642946,0.0131184190274845,0.0262368380549691,rolling_conformal,-0.0085768238348625,0.0150301729453081,0.0118034983900853,0.0236069967801707,rolling_conformal,-0.0085183113053345,0.0147240790657681,0.0116211951855513,0.0232423903711027,rolling_conformal,-0.0085183113053345,0.0147240790657681,0.0116211951855513,0.0232423903711027,rolling_conformal
FOMC_0097,2020-03-23,GLD_ret,0.0442,0.0020340542632036,0.0152207442152987,0.0204389584554364,1.734723475976807e-18,0.9999999999999998,0.0165558732904938,0.0204389584554364,0.0,1.0,0.0098241938443675,0.0159151940278754,0.0,1.0,0.0160155729858489,0.0204389584554364,0.0,1.0,0.0100146814180583,0.0162237838972545,0.0,1.0,0.0093992526617256,0.0152267893119954,0.0,1.0,0.6920661504580381,3.0,0.0916490457555783,0.016821225280641,0.0051526324340088,0.7655109013615474,-0.0051271499434102,0.046005066854283,0.0255661083988466,0.0511322167976932,rolling_conformal,-0.0048679283499642,0.045745845260837,0.0253068868054006,0.0506137736108013,rolling_conformal,-0.0134045598659298,0.0452349479216806,0.0293197538938052,0.0586395077876104,rolling_conformal,-0.0091035635313878,0.0499814804422607,0.0295425219868242,0.0590850439736485,rolling_conformal,-0.0072963880145621,0.0397439558090712,0.0235201719118166,0.0470403438236333,rolling_conformal,-0.0247384769824312,0.0288065855088386,0.0267725312456349,0.0535450624912698,rolling_conformal,-0.0118238287659058,0.0422774073898968,0.0270506180779013,0.0541012361558027,rolling_conformal,-0.0078298442401229,0.0414722948014051,0.024651069520764,0.0493021390415281,rolling_conformal,-0.0078298442401229,0.0414722948014051,0.024651069520764,0.0493021390415281,rolling_conformal
FOMC_0097,2020-03-23,QQQ_ret,-0.0014,0.0407914734247244,0.0003600598670022,0.0004999071909309,0.0,1.0,-0.0103955293028406,-0.0093559763725565,0.0,1.0,-0.0130040187565574,-0.0117036168809016,0.0,1.0,-0.0174771371340034,0.0247460911724978,0.0,1.0,-0.0048711347264004,0.0070303579177716,0.0,1.0,-0.0210784323973,-0.01897058915757,0.0,1.0,0.6920661504580381,3.0,0.167826158511468,-0.011176189712077,0.0097487815136046,0.534107992334073,-0.025402616935911,0.0264024313177729,0.025902524126842,0.051805048253684,rolling_conformal,-0.0336693057084851,0.014957352963372,0.0243133293359286,0.0486266586718572,rolling_conformal,-0.03422569390468,0.0108184601428766,0.0225220770237783,0.0450441540475567,rolling_conformal,0.0011004114828383,0.0483917708621572,0.0236456796896594,0.0472913593793189,rolling_conformal,-0.0181016016059125,0.0321623174414558,0.0251319595236841,0.0502639190473683,rolling_conformal,0.0107106283492676,0.0708723185001812,0.0300808450754567,0.0601616901509135,rolling_conformal,-0.0439641674247569,0.0060229891096169,0.0249935782671869,0.0499871565343739,rolling_conformal,-0.0371800564745127,0.0148276770503587,0.0260038667624357,0.0520077335248715,rolling_conformal,-0.0371800564745127,0.0148276770503587,0.0260038667624357,0.0520077335248715,rolling_conformal
FOMC_0097,2020-03-23,SPY_ret,-0.0256,0.0374996994585654,-0.0129784132926347,-0.0201489866368154,0.0,1.0,-0.0218051019283223,-0.0285724948200722,0.0,1.0,-0.0098438508855682,-0.0152825784998446,0.0,1.0,-0.0158207183778248,-0.0245616652815731,0.0,1.0,-0.011028156825045,-0.0171212134708823,0.0,1.0,-0.0051442181584431,-0.007986398690983,0.0,1.0,0.6920661504580381,3.0,0.1636433748945887,-0.000624335090855,0.0086864911788362,0.0670557480306526,-0.0412569925738774,0.0009590193002465,0.021108005937062,0.042216011874124,rolling_conformal,-0.0513117575854128,-0.0058332320547316,0.0227392627653405,0.0454785255306811,rolling_conformal,-0.0365463587055265,0.0059812017058372,0.0212637802056819,0.0425275604113637,rolling_conformal,-0.0452411229896918,-0.0038822075734544,0.0206794577081187,0.0413589154162374,rolling_conformal,-0.0363659965788578,0.002123569637093,0.0192447831079754,0.0384895662159508,rolling_conformal,0.0155871429590985,0.0594122559580324,0.0219125564994669,0.0438251129989339,rolling_conformal,-0.0283743412239389,0.0124015438419728,0.0203879425329558,0.0407758850659117,rolling_conformal,-0.0196239660731776,0.0183752958914675,0.0189996309823225,0.0379992619646451,rolling_conformal,-0.0196239660731776,0.0183752958914675,0.0189996309823225,0.0379992619646451,rolling_conformal
FOMC_0097,2020-03-23,UUP_ret,-0.0014,-0.0082025600092041,-0.003729734780975,-0.0055386561497479,0.0,1.0,-0.005595070642429,-0.0083086799040071,0.0,1.0,-0.0056477742620644,-0.0083869447791657,0.0,1.0,-0.0044154026939035,-0.0065568730004467,0.0,1.0,-0.0056588048496676,-0.0084033252017565,0.0,1.0,-0.0056682165225727,-0.0084173015360205,0.0,1.0,0.6920661504580381,3.0,0.1203557985388356,-0.0092306017628892,0.0037711271524572,0.7099520935614239,-0.0188318200457113,0.0077545077462154,0.0132931638959633,0.0265863277919267,rolling_conformal,-0.0224723130827359,0.0058549532747216,0.0141636331787287,0.0283272663574575,rolling_conformal,-0.01999557563632,0.0032216860779885,0.0116086308571543,0.0232172617143086,rolling_conformal,-0.0197552014294099,0.0066414554285163,0.0131983284289631,0.0263966568579263,rolling_conformal,-0.021328228118646,0.004521577715133,0.0129249029168895,0.0258498058337791,rolling_conformal,-0.0236091669643722,0.0072040469459639,0.0154066069551681,0.0308132139103362,rolling_conformal,-0.0207651521056572,0.003930549033616,0.0123478505696366,0.0246957011392733,rolling_conformal,-0.0211901584948334,0.0027289549690549,0.0119595567319441,0.0239191134638883,rolling_conformal,-0.0211901584948334,0.0027289549690549,0.0119595567319441,0.0239191134638883,rolling_conformal
FOMC_0095,2020-04-29,GLD_ret,0.0055,0.0093650698075951,0.0021784663490819,0.0035291154855127,0.0,1.0,0.0001054002684967,0.0001707484349647,0.0,1.0,0.0077118105305759,0.0124931330595331,8.673617379884035e-19,0.9999999999999998,-0.0034055067716354,0.0049137908379559,0.0,1.0,-0.002479696504101,0.0040171083366436,0.0,1.0,0.0096564264432223,0.0156434108380201,0.0,1.0,0.9538517986898208,3.0,0.3,0.0165118902346711,0.0059228371579843,0.7359970364563617,-0.0220369929133339,0.0290952238843593,0.0255661083988466,0.0511322167976932,rolling_conformal,-0.0251361383704358,0.0254776352403654,0.0253068868054006,0.0506137736108013,rolling_conformal,-0.0168266208342721,0.0418128869533383,0.0293197538938052,0.0586395077876104,rolling_conformal,-0.0246287311488683,0.0344563128247802,0.0295425219868242,0.0590850439736485,rolling_conformal,-0.0239591077661017,0.0319933244393891,0.0279762161027454,0.0559524322054909,rolling_conformal,-0.0198843172126573,0.0386144568278476,0.0292493870202525,0.058498774040505,rolling_conformal,-0.0114428520085747,0.042729673684615,0.0270862628465948,0.0541725256931897,rolling_conformal,-0.0097734599938541,0.0427972404631965,0.0262853502285253,0.0525707004570507,rolling_conformal,-0.0097734599938541,0.0427972404631965,0.0262853502285253,0.0525707004570507,rolling_conformal
FOMC_0095,2020-04-29,QQQ_ret,0.0355,0.0091543273523107,0.0038785159999746,-0.0053238583905757,4.336808689942019e-19,0.9999999999999998,-0.0354293417403005,-0.031685118089307,0.0,1.0,-0.0454330528209975,-0.031685118089307,0.0,1.0,0.0053389197011297,0.0086675006161431,0.0,1.0,-0.0179597800158454,-0.0161638020142609,0.0,1.0,-0.035546991651237,0.031685118089307,0.0,1.0,0.9538517986898208,3.0,0.3104720705558796,0.0308624210474132,0.0097433516307274,0.7600501458632732,-0.0312263825174177,0.0205786657362663,0.025902524126842,0.051805048253684,rolling_conformal,-0.0559984474252356,-0.0073717887533784,0.0243133293359286,0.0486266586718572,rolling_conformal,-0.0542071951130854,-0.0091630410655286,0.0225220770237783,0.0450441540475567,rolling_conformal,-0.0174785905563546,0.0348135917886409,0.0261460911724978,0.0522921823449956,rolling_conformal,-0.0412957615379451,0.0089681575094232,0.0251319595236841,0.0502639190473683,rolling_conformal,-0.0222954421230548,0.0406040968276763,0.0314497694753656,0.0628995389507312,rolling_conformal,0.0066915398221201,0.056678696356494,0.0249935782671869,0.0499871565343739,rolling_conformal,0.0048585542849774,0.0568662878098489,0.0260038667624357,0.0520077335248715,rolling_conformal,0.0048585542849774,0.0568662878098489,0.0260038667624357,0.0520077335248715,rolling_conformal
FOMC_0095,2020-04-29,SPY_ret,0.0262,0.0011967889957792,-0.0017174261973323,-0.0023556349367203,0.0,1.0,-0.0147533700796897,-0.0229046070487183,1.734723475976807e-18,0.9999999999999998,0.0005469275595994,-0.0008491050362781,0.0,1.0,0.0024003704655518,0.0037265751477692,0.0,1.0,-0.0107615257150314,0.0136124452673463,0.0,1.0,-0.0034979679822315,-0.0044838137694369,0.0,1.0,0.9538517986898208,3.0,0.25,-0.0035232125398528,0.0088332803080169,0.2851310425959424,-0.0234636408737823,0.0187523710003416,0.021108005937062,0.042216011874124,rolling_conformal,-0.0456438698140588,-0.0001653442833777,0.0227392627653405,0.0454785255306811,rolling_conformal,-0.02211288524196,0.0204146751694037,0.0212637802056819,0.0425275604113638,rolling_conformal,-0.0169528825603494,0.0244060328558879,0.0206794577081187,0.0413589154162374,rolling_conformal,-0.005632337840629,0.0328572283753218,0.0192447831079754,0.0384895662159508,rolling_conformal,-0.0229459389977525,0.0253395169893109,0.0241427279935317,0.0482854559870634,rolling_conformal,-0.0248717563023928,0.0159041287635188,0.0203879425329558,0.0407758850659117,rolling_conformal,-0.0276598130500369,0.0206133879703312,0.024136600510184,0.0482732010203681,rolling_conformal,-0.0276598130500369,0.0206133879703312,0.024136600510184,0.0482732010203681,rolling_conformal
FOMC_0095,2020-04-29,UUP_ret,-0.0041,-0.004130493176684,-2.0320878296955152e-05,2.632366878616014e-05,0.0,1.0,-0.0032279972758603,-0.0039018377883351,0.0,1.0,-0.0043927673321871,-0.0059194581948518,0.0,1.0,0.0006117913890682,0.0009085102127663,0.0,1.0,-0.0019752754045224,0.0029332839757158,0.0,1.0,-0.0034162857102502,-0.0030746571392251,4.336808689942019e-19,0.9999999999999998,0.9538517986898208,3.0,0.321671802516979,-0.0037557188026126,0.0037702472067491,0.4990354470889578,-0.0123123683520715,0.0123650156896438,0.0123386920208576,0.0246773840417153,rolling_conformal,-0.0155454834401941,0.0077418078635239,0.011643645651859,0.0232872913037181,rolling_conformal,-0.0175002216750436,0.0056613052853398,0.0115807634801917,0.0231615269603834,rolling_conformal,-0.0118895837580421,0.0137066041835749,0.0127980939708085,0.025596187941617,rolling_conformal,-0.0098047960570631,0.0156713640084948,0.012738080032779,0.025476160065558,rolling_conformal,-0.0172489122041685,0.0089879258508005,0.0131184190274845,0.0262368380549691,rolling_conformal,-0.0148781555293105,0.0087288412508601,0.0118034983900853,0.0236069967801707,rolling_conformal,-0.015376913988164,0.0078654763829387,0.0116211951855513,0.0232423903711027,rolling_conformal,-0.015376913988164,0.0078654763829387,0.0116211951855513,0.0232423903711027,rolling_conformal
FOMC_0093,2020-06-10,GLD_ret,0.0143,0.0056468445162475,0.00230899410291,0.0037405704467142,0.0,1.0,0.0022374938510582,0.0036247400387143,0.0,1.0,0.0031462398810196,0.0050969086072518,4.336808689942019e-19,0.9999999999999998,0.0020146190831393,0.0032636829146856,0.0,1.0,-0.0006634016317108,0.0010747106433715,0.0,1.0,0.0042495120228376,0.0068842094769969,0.0,1.0,0.9668877458460418,3.0,0.3,0.0078155999865265,0.0059259177348323,0.5687584484786599,-0.0218255379521324,0.0293066788455608,0.0255661083988466,0.0511322167976932,rolling_conformal,-0.0216821467666863,0.028931626844115,0.0253068868054006,0.0506137736108013,rolling_conformal,-0.0242228452865533,0.034416662501057,0.0293197538938052,0.0586395077876104,rolling_conformal,-0.0262788390721386,0.0328062049015099,0.0295425219868242,0.0590850439736485,rolling_conformal,-0.0269015054593739,0.029050926746117,0.0279762161027454,0.0559524322054909,rolling_conformal,-0.0236025425040049,0.0348962315365,0.0292493870202525,0.058498774040505,rolling_conformal,-0.0202020533695979,0.0339704723235918,0.0270862628465948,0.0541725256931897,rolling_conformal,-0.0184697502419988,0.0341009502150519,0.0262853502285253,0.0525707004570507,rolling_conformal,-0.0184697502419988,0.0341009502150519,0.0262853502285253,0.0525707004570507,rolling_conformal
FOMC_0093,2020-06-10,QQQ_ret,0.012,0.0142650097831366,0.0001374487202846,0.0001237038482561,0.0,1.0,-0.0016425912226176,-0.0014783321003559,0.0,1.0,0.0010663554234784,0.0014536028692522,0.0,1.0,0.0023507869408784,0.0036973080596871,0.0,1.0,-6.28342887814521e-05,9.631802578379176e-05,0.0,1.0,-0.0050335478331113,0.007718261432622,0.0,1.0,0.9668877458460418,3.0,0.3168784834837359,0.0122409814021034,0.0100802611077293,0.548400740357699,-0.0281442204553003,0.0283916281518127,0.0282679243035565,0.0565358486071131,rolling_conformal,-0.0268864258384795,0.0239297616377676,0.0254080937381236,0.0508161874762472,rolling_conformal,-0.0235214785401508,0.0264286842786553,0.0249750814094031,0.0499501628188062,rolling_conformal,-0.0228027339987145,0.0301973501180887,0.0265000420584016,0.0530000841168033,rolling_conformal,-0.0292880383398376,0.0294806743914052,0.0293843563656214,0.0587687127312429,rolling_conformal,-0.0171847596922289,0.0457147792585022,0.0314497694753656,0.0628995389507312,rolling_conformal,-0.0172753168345649,0.0327118396998089,0.0249935782671869,0.0499871565343739,rolling_conformal,-0.0137628853603323,0.0382448481645391,0.0260038667624357,0.0520077335248715,rolling_conformal,-0.0137628853603323,0.0382448481645391,0.0260038667624357,0.0520077335248715,rolling_conformal
FOMC_0093,2020-06-10,SPY_ret,-0.0056,0.0138012874723184,-0.0013132312615874,-0.0018756823996589,0.0,1.0,-0.0020067572841335,-0.0026182372792225,0.0,1.0,0.00137063823096,0.0018801483979417,0.0,1.0,-0.0016764886642526,0.0025664731480469,0.0,1.0,0.0011414344259632,0.0016534059483435,0.0,1.0,0.0055078619536065,0.0085509556829742,0.0,1.0,0.9668877458460418,3.0,0.25,0.0113430694248568,0.0090358804772971,0.5566073773793476,-0.0264164118608701,0.0226650470615522,0.0245407294612111,0.0490814589224223,rolling_conformal,-0.0266250219557627,0.0213885473973177,0.0240067846765402,0.0480135693530804,rolling_conformal,-0.0206069656630353,0.0243672624589188,0.022487114060977,0.0449742281219541,rolling_conformal,-0.0182710495115881,0.023403995807682,0.0208375226596351,0.0416750453192702,rolling_conformal,-0.0175913771596318,0.020898189056319,0.0192447831079754,0.0384895662159508,rolling_conformal,-0.0112019235319023,0.0388044984765392,0.0250032110042207,0.0500064220084415,rolling_conformal,-0.0155856448272098,0.0326875561931582,0.024136600510184,0.0482732010203681,rolling_conformal,-0.0136325954842881,0.0363187343340017,0.0249756649091449,0.0499513298182898,rolling_conformal,-0.0136325954842881,0.0363187343340017,0.0249756649091449,0.0499513298182898,rolling_conformal
FOMC_0093,2020-06-10,UUP_ret,-0.005,-0.0031006986587131,-0.0013333077093437,-0.0019799619483754,0.0,1.0,-0.0011299801984954,-0.0016549622744329,0.0,1.0,-0.0013036554558097,-0.0019359283518774,0.0,1.0,-0.0003406921910525,-0.000505927903713,0.0,1.0,-0.0003486417520392,-0.0004427890096922,0.0,1.0,-0.0007085922845949,-0.0010416899791097,0.0,1.0,0.9668877458460418,3.0,0.3313798053683259,-0.0018964042620692,0.0037726681539727,0.3345187321149022,-0.014318653969233,0.0103587300724822,0.0123386920208576,0.0246773840417153,rolling_conformal,-0.013298607926292,0.009988683377426,0.011643645651859,0.0232872913037181,rolling_conformal,-0.0135166918320692,0.0096448351283142,0.0115807634801917,0.0231615269603834,rolling_conformal,-0.0133040218745216,0.0122921660670954,0.0127980939708085,0.025596187941617,rolling_conformal,-0.0131808690424712,0.0122952910230867,0.012738080032779,0.025476160065558,rolling_conformal,-0.0162191176861977,0.0100177203687713,0.0131184190274845,0.0262368380549691,rolling_conformal,-0.0128451883691951,0.0107618084109756,0.0118034983900853,0.0236069967801707,rolling_conformal,-0.0135175994476206,0.0097247909234821,0.0116211951855513,0.0232423903711027,rolling_conformal,-0.0135175994476206,0.0097247909234821,0.0116211951855513,0.0232423903711027,rolling_conformal
FOMC_0092,2020-07-29,GLD_ret,0.0075,0.0067040974275569,0.0152829151400508,0.0224213701501429,0.0,1.0,0.0094857955458709,0.0131482136943866,0.0,1.0,0.008390600813837,0.012617686768441,0.0,1.0,0.0152540523587707,0.0224213701501429,0.0,1.0,0.0089747296966279,0.0139450632143684,0.0,1.0,0.0090074119224422,0.012749527660364,0.0,1.0,0.8917799701608111,3.0,0.1851950503561541,0.0139559326847696,0.0059650686500659,0.7005639648608132,-0.0031447382487036,0.0479874785489895,0.0255661083988466,0.0511322167976932,rolling_conformal,-0.012158673111014,0.0384551004997873,0.0253068868054006,0.0506137736108013,rolling_conformal,-0.0167020671253642,0.0419374406622462,0.0293197538938052,0.0586395077876104,rolling_conformal,-0.0071211518366813,0.0519638921369672,0.0295425219868242,0.0590850439736485,rolling_conformal,-0.014031152888377,0.0419212793171138,0.0279762161027454,0.0559524322054909,rolling_conformal,-0.0225452895926955,0.0359534844478094,0.0292493870202525,0.058498774040505,rolling_conformal,-0.0143367351862308,0.0398357905069589,0.0270862628465948,0.0541725256931897,rolling_conformal,-0.0123294175437557,0.040241282913295,0.0262853502285253,0.0525707004570507,rolling_conformal,-0.0123294175437557,0.040241282913295,0.0262853502285253,0.0525707004570507,rolling_conformal
FOMC_0092,2020-07-29,QQQ_ret,0.0115,-0.0056034995803912,-0.0038442546432848,0.0056655252058644,0.0,1.0,-0.0009305451057942,0.0013331369483751,1.0842021724855044e-19,0.9999999999999998,0.00223531223332,0.0036428189294089,0.0,1.0,-0.0120487573931474,0.0187493547729508,0.0,1.0,-0.0032711686906521,0.0052523865725011,0.0,1.0,0.0024050087973911,0.0040584523455975,0.0,1.0,0.8917799701608111,3.0,0.1692018212721003,0.0030295406033459,0.0101177853802104,0.2304307585304792,-0.0226023990976921,0.033933449509421,0.0282679243035565,0.0565358486071131,rolling_conformal,-0.0240749567897484,0.0267412306864987,0.0254080937381236,0.0508161874762472,rolling_conformal,-0.0213322624799941,0.028617900338812,0.0249750814094031,0.0499501628188062,rolling_conformal,-0.0077506872854508,0.0452493968313524,0.0265000420584016,0.0530000841168033,rolling_conformal,-0.0241319697931203,0.0346367429381225,0.0293843563656214,0.0587687127312429,rolling_conformal,-0.0370532690557568,0.0258462698949743,0.0314497694753656,0.0628995389507312,rolling_conformal,-0.0209351259215893,0.0290520306127845,0.0249935782671869,0.0499871565343739,rolling_conformal,-0.0229743261590898,0.0290334073657817,0.0260038667624357,0.0520077335248715,rolling_conformal,-0.0229743261590898,0.0290334073657817,0.0260038667624357,0.0520077335248715,rolling_conformal
FOMC_0092,2020-07-29,SPY_ret,0.0123,-0.0025479261575058,-0.0101888414449342,-0.0158181763432604,0.0,1.0,-0.001795484230521,-0.0027874892678839,2.1684043449710093e-19,0.9999999999999998,0.0021191563926934,0.0019072407534241,0.0,1.0,-0.0025268627311956,-0.0039229543901811,0.0,1.0,0.0037214836745302,-0.0057776034047082,0.0,1.0,0.0054427020600242,-0.0071713181835404,0.0,1.0,0.8917799701608111,3.0,0.1622046986050739,-0.007384589614438,0.0090372475898361,0.4496814227157115,-0.0403589058044716,0.0087225531179506,0.0245407294612111,0.0490814589224223,rolling_conformal,-0.0267942739444241,0.0212192954086562,0.0240067846765402,0.0480135693530804,rolling_conformal,-0.0205798733075529,0.0243943548144012,0.022487114060977,0.0449742281219541,rolling_conformal,-0.0247604770498163,0.0169145682694539,0.0208375226596351,0.0416750453192702,rolling_conformal,-0.0250223865126836,0.0134671797032672,0.0192447831079754,0.0384895662159508,rolling_conformal,-0.0275511371617266,0.0224552848467149,0.0250032110042207,0.0500064220084415,rolling_conformal,-0.0313079186937245,0.0169652823266435,0.024136600510184,0.0482732010203681,rolling_conformal,-0.032360254523583,0.0175910752947068,0.0249756649091449,0.0499513298182898,rolling_conformal,-0.032360254523583,0.0175910752947068,0.0249756649091449,0.0499513298182898,rolling_conformal
FOMC_0092,2020-07-29,UUP_ret,-0.0047,-0.0008114309983223,-0.0028830870402905,-0.0042813842548313,0.0,1.0,-0.0006643299513717,-0.0009865299777871,0.0,1.0,-0.0019085153132209,-0.002834145240133,0.0,1.0,-0.0050285112377601,-0.0074673391880738,0.0,1.0,-0.0022359598099043,-0.0027379439531646,0.0,1.0,-0.0030316425948798,-0.0045019892533965,0.0,1.0,0.8917799701608111,3.0,0.1607381994130771,-0.0042996531211115,0.003769251384559,0.532867601718903,-0.016620076275689,0.0080573077660262,0.0123386920208576,0.0246773840417153,rolling_conformal,-0.0126301756296461,0.0106571156740719,0.011643645651859,0.0232872913037181,rolling_conformal,-0.0144149087203248,0.0087466182400586,0.0115807634801917,0.0231615269603834,rolling_conformal,-0.0202654331588823,0.0053307547827346,0.0127980939708085,0.025596187941617,rolling_conformal,-0.0154760239859436,0.0100001360796143,0.012738080032779,0.025476160065558,rolling_conformal,-0.0139298500258069,0.0123069880291622,0.0131184190274845,0.0262368380549691,rolling_conformal,-0.0163054876434819,0.0073015091366888,0.0118034983900853,0.0236069967801707,rolling_conformal,-0.0159208483066628,0.0073215420644398,0.0116211951855513,0.0232423903711027,rolling_conformal,-0.0159208483066628,0.0073215420644398,0.0116211951855513,0.0232423903711027,rolling_conformal
FOMC_0089,2020-09-16,GLD_ret,0.0028,0.0078452622642988,0.0002588714276822,0.0004193717128451,0.0,1.0,8.599929131434881e-05,0.0001393188519292,0.0,1.0,-0.0014367904733959,0.0023276005669014,0.0,1.0,0.0006038549120826,0.0009782449575738,0.0,1.0,-0.000828222486408,0.001341720427981,1.0842021724855044e-19,0.9999999999999998,0.000733229618522,0.0011878319820057,0.0,1.0,0.9797062570641252,3.0,0.3,0.0038220732800323,0.005887197975268,0.3936525453875249,-0.0251467366860014,0.0259854801116917,0.0255661083988466,0.0511322167976932,rolling_conformal,-0.0251675679534714,0.0254462056573299,0.0253068868054006,0.0506137736108013,rolling_conformal,-0.0269921533269037,0.0316473544607066,0.0293197538938052,0.0586395077876104,rolling_conformal,-0.0285642770292504,0.0305207669443981,0.0295425219868242,0.0590850439736485,rolling_conformal,-0.0266344956747644,0.0293179365307265,0.0279762161027454,0.0559524322054909,rolling_conformal,-0.0214041247559536,0.0370946492845513,0.0292493870202525,0.058498774040505,rolling_conformal,-0.0258984308645891,0.0282740948286005,0.0270862628465948,0.0541725256931897,rolling_conformal,-0.0224632769484929,0.0301074235085577,0.0262853502285253,0.0525707004570507,rolling_conformal,-0.0224632769484929,0.0301074235085577,0.0262853502285253,0.0525707004570507,rolling_conformal
FOMC_0089,2020-09-16,QQQ_ret,-0.0159,0.0020668688331545,0.0019124104921938,0.0017211694429744,2.1684043449710093e-19,0.9999999999999998,0.0034057269804864,0.0030651542824377,0.0,1.0,0.0050601836682635,0.0045541653014372,0.0,1.0,-0.0034183627564798,-0.004948213412742,4.336808689942019e-19,0.9999999999999998,0.003151909343694,-0.0045432083709839,0.0,1.0,0.0035615728893035,-0.0053605014655976,0.0,1.0,0.9797062570641252,3.0,0.3047162162500075,-0.0038715766143427,0.0101558939045265,0.2760001419452911,-0.026546754860582,0.029989093746531,0.0282679243035565,0.0565358486071131,rolling_conformal,-0.0223429394556858,0.0284732480205614,0.0254080937381236,0.0508161874762472,rolling_conformal,-0.0204209161079658,0.0295292467108403,0.0249750814094031,0.0499501628188062,rolling_conformal,-0.0314482554711436,0.0215518286456596,0.0265000420584016,0.0530000841168033,rolling_conformal,-0.0339275647366053,0.0248411479946375,0.0293843563656214,0.0587687127312429,rolling_conformal,-0.029382900642211,0.0335166383085201,0.0314497694753656,0.0628995389507312,rolling_conformal,-0.0303540797327845,0.0196330768015893,0.0249935782671869,0.0499871565343739,rolling_conformal,-0.0298754433767785,0.022132290148093,0.0260038667624357,0.0520077335248715,rolling_conformal,-0.0298754433767785,0.022132290148093,0.0260038667624357,0.0520077335248715,rolling_conformal
FOMC_0089,2020-09-16,SPY_ret,-0.004,-0.0004236444475377,-0.0011876562442847,-0.001843836319252,0.0,1.0,0.0063473409376391,-0.0098542468056847,0.0,1.0,0.0218214089910251,0.0196392680919226,0.0,1.0,-0.0011463785546653,-0.001779752706118,0.0,1.0,0.0023999840851709,-0.0034680715879407,0.0,1.0,0.0190785803142693,-0.0275018808441559,0.0,1.0,0.9797062570641252,3.0,0.25,-0.0238421700067516,0.0090919890013131,0.7239344645651521,-0.0289864719477673,0.0252987993092631,0.0271426356285152,0.0542852712570305,rolling_conformal,-0.0338610314822249,0.0141525378708554,0.0240067846765402,0.0480135693530804,rolling_conformal,-0.0028478459690544,0.0421263821528997,0.022487114060977,0.0449742281219542,rolling_conformal,-0.0226172753657531,0.019057769953517,0.0208375226596351,0.0416750453192702,rolling_conformal,-0.0227128546959162,0.0157767115200346,0.0192447831079754,0.0384895662159508,rolling_conformal,-0.0254268554517585,0.024579566556683,0.0250032110042207,0.0500064220084415,rolling_conformal,-0.05163848135434,-0.0033652803339719,0.024136600510184,0.0482732010203681,rolling_conformal,-0.0488178349158965,0.0011334949023932,0.0249756649091449,0.0499513298182898,rolling_conformal,-0.0488178349158965,0.0011334949023932,0.0249756649091449,0.0499513298182898,rolling_conformal
FOMC_0089,2020-09-16,UUP_ret,0.0012,-0.0017397815175255,-0.0019022517207416,-0.0028248438053014,0.0,1.0,-0.0026099494527394,-0.003875774937318,0.0,1.0,-0.001568458080118,-0.0019006360536258,2.1684043449710093e-19,0.9999999999999998,-0.0012485051816826,-0.0018540301947986,0.0,1.0,-0.0020807873411882,-0.0030044445190072,0.0,1.0,-0.001794456632923,-0.0016150109696307,2.1684043449710093e-19,0.9999999999999998,0.9797062570641252,3.0,0.3175278565755635,-0.0018200920036943,0.0037298520077879,0.3279490244295178,-0.0151635358261591,0.0095138482155562,0.0123386920208576,0.0246773840417153,rolling_conformal,-0.0155194205891771,0.007767870714541,0.011643645651859,0.0232872913037181,rolling_conformal,-0.0134813995338175,0.0096801274265659,0.0115807634801917,0.0231615269603834,rolling_conformal,-0.0146521241656071,0.0109440637760098,0.0127980939708085,0.025596187941617,rolling_conformal,-0.0157425245517862,0.0097336355137717,0.012738080032779,0.025476160065558,rolling_conformal,-0.0148582005450101,0.011378637509959,0.0131184190274845,0.0262368380549691,rolling_conformal,-0.0134185093597161,0.0101884874204546,0.0118034983900853,0.0236069967801707,rolling_conformal,-0.0134412871892456,0.009801103181857,0.0116211951855513,0.0232423903711027,rolling_conformal,-0.0134412871892456,0.009801103181857,0.0116211951855513,0.0232423903711027,rolling_conformal
FOMC_0087,2020-11-05,GLD_ret,0.023,0.0007874628467582,0.0061807867317711,0.0100128745054692,0.0,1.0,0.0074833528031369,0.0121230315410819,0.0,1.0,0.0023582360104777,0.0038203423369738,0.0,1.0,0.001811042606719,0.0029338890228848,0.0,1.0,0.0015543835983249,0.0025140759378291,0.0,1.0,-0.0008597017054922,0.0013927167628974,0.0,1.0,0.9847750119174774,3.0,0.3,0.0014533687056668,0.0057487484724938,0.2017985339211999,-0.0155532338933773,0.0355789829043158,0.0255661083988466,0.0511322167976932,rolling_conformal,-0.0131838552643187,0.0374299183464826,0.0253068868054006,0.0506137736108013,rolling_conformal,-0.0254994115568313,0.0331400962307791,0.0293197538938052,0.0586395077876104,rolling_conformal,-0.0266086329639394,0.0324764110097091,0.0295425219868242,0.0590850439736485,rolling_conformal,-0.0254621401649163,0.0304902920405745,0.0279762161027454,0.0559524322054909,rolling_conformal,-0.0284619241734942,0.0300368498670107,0.0292493870202525,0.058498774040505,rolling_conformal,-0.0256935460836974,0.0284789796094923,0.0270862628465948,0.0541725256931897,rolling_conformal,-0.0248319815228585,0.0277387189341922,0.0262853502285253,0.0525707004570507,rolling_conformal,-0.0248319815228585,0.0277387189341922,0.0262853502285253,0.0525707004570507,rolling_conformal
FOMC_0087,2020-11-05,QQQ_ret,0.0261,-0.0125059587272668,-0.0030722579363577,-0.0045574606061832,0.0,1.0,0.0003573353539365,0.0003216018185428,0.0,1.0,0.0021540506537316,0.0019386455883584,0.0,1.0,0.0101339703004398,0.0171010748819921,0.0,1.0,0.0091322303250195,0.0154106386734704,0.0,1.0,0.0059043716126614,0.0098774478574621,0.0,1.0,0.9847750119174774,3.0,0.3521897812383987,0.0024928009862704,0.0102071310856675,0.1962852249364655,-0.0328253849097398,0.0237104636973732,0.0282679243035565,0.0565358486071131,rolling_conformal,-0.0250864919195807,0.0257296955566664,0.0254080937381236,0.0508161874762472,rolling_conformal,-0.0230364358210446,0.0269137269977615,0.0249750814094031,0.0499501628188062,rolling_conformal,-0.0093989671764094,0.0436011169403938,0.0265000420584016,0.0530000841168033,rolling_conformal,-0.0139737176921509,0.0447949950390919,0.0293843563656214,0.0587687127312429,rolling_conformal,-0.0439557282026324,0.0189438107480987,0.0314497694753656,0.0628995389507312,rolling_conformal,-0.0151161304097247,0.0348710261246491,0.0249935782671869,0.0499871565343739,rolling_conformal,-0.0235110657761653,0.0284966677487061,0.0260038667624357,0.0520077335248715,rolling_conformal,-0.0235110657761653,0.0284966677487061,0.0260038667624357,0.0520077335248715,rolling_conformal
FOMC_0087,2020-11-05,SPY_ret,0.0195,-0.0086651113278613,-0.0010809049976445,-0.0016781050088432,0.0,1.0,-0.0005202610113717,-0.0007659451240529,0.0,1.0,-0.0002175252671723,-0.0001957727404551,0.0,1.0,0.0110221917599489,0.0171119527073208,0.0,1.0,0.0085830886808918,0.0125430423477872,0.0,1.0,0.0074834560558594,0.0112839472686828,0.0,1.0,0.9847750119174774,3.0,0.25,0.0072411850124787,0.0090928317371432,0.4433196494334336,-0.0288207406373584,0.025464530619672,0.0271426356285152,0.0542852712570305,rolling_conformal,-0.0247727298005931,0.0232408395524872,0.0240067846765402,0.0480135693530804,rolling_conformal,-0.023025322475583,0.0226337769946728,0.0228295497351279,0.0456590994702559,rolling_conformal,-0.0037255699523142,0.0379494753669559,0.0208375226596351,0.0416750453192702,rolling_conformal,-0.0067017407601881,0.0317878254557626,0.0192447831079754,0.0384895662159508,rolling_conformal,-0.0336683223320821,0.0163380996763593,0.0250032110042207,0.0500064220084415,rolling_conformal,-0.0128526532415012,0.0354205477788668,0.024136600510184,0.0482732010203681,rolling_conformal,-0.0177344798966661,0.0322168499216236,0.0249756649091449,0.0499513298182898,rolling_conformal,-0.0177344798966661,0.0322168499216236,0.0249756649091449,0.0499513298182898,rolling_conformal
FOMC_0087,2020-11-05,UUP_ret,-0.0095,0.0019950850139762,-0.001226938162443,-0.0016260709889956,0.0,1.0,-0.0005665374707802,-0.0008087749674978,0.0,1.0,-0.0022283599914814,-0.0033091145873499,0.0,1.0,-0.0016941153220366,-0.0025157612532243,2.1684043449710093e-19,0.9999999999999998,-0.0019096991401286,-0.002835903223091,2.1684043449710093e-19,0.9999999999999998,-0.0023381373113395,-0.0034721339073392,0.0,1.0,0.9847750119174774,3.0,0.3440912307849889,-0.001750003001706,0.0036753270602764,0.3225628221849389,-0.0139647630098533,0.010712621031862,0.0123386920208576,0.0246773840417153,rolling_conformal,-0.0124524206193569,0.0108348706843612,0.011643645651859,0.0232872913037181,rolling_conformal,-0.0148898780675417,0.0082716488928417,0.0115807634801917,0.0231615269603834,rolling_conformal,-0.0153138552240329,0.0102823327175841,0.0127980939708085,0.025596187941617,rolling_conformal,-0.01557398325587,0.0099021768096879,0.012738080032779,0.025476160065558,rolling_conformal,-0.0111233340135083,0.0151135040414608,0.0131184190274845,0.0262368380549691,rolling_conformal,-0.0152756322974246,0.0083313644827461,0.0118034983900853,0.0236069967801707,rolling_conformal,-0.0133711981872574,0.0098711921838452,0.0116211951855513,0.0232423903711027,rolling_conformal,-0.0133711981872574,0.0098711921838452,0.0116211951855513,0.0232423903711027,rolling_conformal
FOMC_0086,2020-12-16,GLD_ret,0.0055,0.0111113310140548,0.0028611716594184,0.0046350980882578,0.0,1.0,0.0035591989730406,0.0057659023363258,0.0,1.0,0.0097443112021499,0.0157857841474828,0.0,1.0,0.0035654778068622,0.0057760740471169,0.0,1.0,0.0032605133113515,0.0052820315643895,4.336808689942019e-19,0.9999999999999998,0.0097893505224602,0.0158587478463856,0.0,1.0,0.9850464430419826,3.0,0.3,0.0173214273560236,0.0058587712022232,0.7472511436857276,-0.0209310103105887,0.0302012064871045,0.0255661083988466,0.0511322167976932,rolling_conformal,-0.0195409844690748,0.0310727891417265,0.0253068868054006,0.0506137736108013,rolling_conformal,-0.0135339697463223,0.045105538041288,0.0293197538938052,0.0586395077876104,rolling_conformal,-0.0237664479397073,0.0353185960339412,0.0295425219868242,0.0590850439736485,rolling_conformal,-0.0226941845383559,0.033258247667135,0.0279762161027454,0.0559524322054909,rolling_conformal,-0.0181380560061976,0.0403607180343073,0.0292493870202525,0.058498774040505,rolling_conformal,-0.0112275150002092,0.0429450106929805,0.0270862628465948,0.0541725256931897,rolling_conformal,-0.0089639228725016,0.043606777584549,0.0262853502285253,0.0525707004570507,rolling_conformal,-0.0089639228725016,0.043606777584549,0.0262853502285253,0.0525707004570507,rolling_conformal
FOMC_0086,2020-12-16,QQQ_ret,0.0055,0.0090991378685856,0.0025304135107475,0.0022773721596728,0.0,1.0,0.0037909032630611,0.003411812936755,0.0,1.0,0.0023573797428009,0.0021216417685208,0.0,1.0,0.0009622891664627,0.0013105568942969,0.0,1.0,0.0008209931031911,0.000738893792872,1.0842021724855044e-19,0.9999999999999998,-0.0008950792635395,-0.0008055713371855,0.0,1.0,0.9850464430419826,3.0,0.3471309823796508,0.0032908251244981,0.0102974445373597,0.2421818807376708,-0.0259905521438837,0.0305452964632294,0.0282679243035565,0.0565358486071131,rolling_conformal,-0.0223665852447021,0.0291902111182121,0.0257783981814571,0.0515567963629142,rolling_conformal,-0.0228534396408822,0.0270967231779239,0.0249750814094031,0.0499501628188062,rolling_conformal,-0.0251894851641047,0.0278105989526985,0.0265000420584016,0.0530000841168033,rolling_conformal,-0.0286454625727494,0.0301232501584935,0.0293843563656214,0.0587687127312429,rolling_conformal,-0.0274612004796621,0.0456594762168334,0.0365603383482478,0.0731206766964956,rolling_conformal,-0.0245199327421295,0.0229087900677583,0.0237143614049439,0.0474287228098879,rolling_conformal,-0.0227130416379375,0.0292946918869339,0.0260038667624357,0.0520077335248715,rolling_conformal,-0.0227130416379375,0.0292946918869339,0.0260038667624357,0.0520077335248715,rolling_conformal
FOMC_0086,2020-12-16,SPY_ret,0.0016,0.0076422142844764,0.001240162170064,-0.0017932080471269,0.0,1.0,-0.000753195408955,-0.0011693358724027,0.0,1.0,0.0023277651708211,-0.0031412583300298,0.0,1.0,-3.612100023824186e-05,-5.607785286987049e-05,0.0,1.0,-0.0025416131516501,-0.0039458544179368,0.0,1.0,-0.0013679176946486,-0.0021236922209419,0.0,1.0,0.9850464430419826,3.0,0.25,0.0003654520662245,0.0090916376962569,0.0386442012248194,-0.0289358436756421,0.0253494275813883,0.0271426356285152,0.0542852712570305,rolling_conformal,-0.0239085986377433,0.0215699268929378,0.0227392627653405,0.0454785255306811,rolling_conformal,-0.0256283723910069,0.0193458557309472,0.022487114060977,0.0449742281219541,rolling_conformal,-0.0208936005125049,0.0207814448067652,0.0208375226596351,0.0416750453192702,rolling_conformal,-0.0230575722199289,0.0151658633840552,0.0191117178019921,0.0382234356039842,rolling_conformal,-0.0205228970433849,0.0358073256123378,0.0281651113278613,0.0563302226557227,rolling_conformal,-0.0256255730650979,0.021378188623214,0.0235018808441559,0.0470037616883119,rolling_conformal,-0.0237711484439595,0.0245020525764085,0.024136600510184,0.0482732010203681,rolling_conformal,-0.0237711484439595,0.0245020525764085,0.024136600510184,0.0482732010203681,rolling_conformal
FOMC_0086,2020-12-16,UUP_ret,-0.0012,-0.0060654371741297,-0.0008227713902787,-0.0007404942512508,1.0842021724855044e-19,0.9999999999999998,-0.0029805156393563,-0.0035983500118716,0.0,1.0,-0.0011933805569674,-0.0017721701270966,0.0,1.0,-0.0003301762414872,-0.0002971586173384,0.0,1.0,-0.0019220239430476,-0.0024605179234703,0.0,1.0,-0.0010049111182475,-0.0013746062778602,0.0,1.0,0.9850464430419826,3.0,0.35,-0.00331803680071,0.0035605898387767,0.4823698320773084,-0.0130791862721085,0.0115981977696068,0.0123386920208576,0.0246773840417153,rolling_conformal,-0.0152419956637307,0.0080452956399874,0.011643645651859,0.0232872913037181,rolling_conformal,-0.0133529336072884,0.009808593353095,0.0115807634801917,0.0231615269603834,rolling_conformal,-0.013095252588147,0.01250093535347,0.0127980939708085,0.025596187941617,rolling_conformal,-0.0151985979562493,0.0102775621093086,0.012738080032779,0.025476160065558,rolling_conformal,-0.0191838562016143,0.0070529818533548,0.0131184190274845,0.0262368380549691,rolling_conformal,-0.0131781046679456,0.0104288921122251,0.0118034983900853,0.0236069967801707,rolling_conformal,-0.0149392319862614,0.0083031583848413,0.0116211951855513,0.0232423903711027,rolling_conformal,-0.0149392319862614,0.0083031583848413,0.0116211951855513,0.0232423903711027,rolling_conformal
FOMC_0084,2021-01-27,GLD_ret,-0.0063,0.0104289576055001,0.0157401358865356,0.0206793886036515,0.0,1.0,0.0108136867106321,0.0175181724712241,0.0,1.0,0.0032807107343421,0.0053147513896342,4.336808689942019e-19,0.9999999999999998,0.0121223497826085,0.0196382066478258,0.0,1.0,0.0086530421535829,0.0140179282888043,0.0,1.0,-0.0010904798599172,0.0017665773730659,0.0,1.0,0.9793778357756168,3.0,0.3,0.0052383497313554,0.0057925956185461,0.4748781556261302,-0.004886719795195,0.0462454970024981,0.0255661083988466,0.0511322167976932,rolling_conformal,-0.0077887143341765,0.0428250592766248,0.0253068868054006,0.0506137736108013,rolling_conformal,-0.0240050025041709,0.0346345052834394,0.0293197538938052,0.0586395077876104,rolling_conformal,-0.0099043153389984,0.0491807286346501,0.0295425219868242,0.0590850439736485,rolling_conformal,-0.013958287813941,0.0419941443915498,0.0279762161027454,0.0559524322054909,rolling_conformal,-0.0188204294147523,0.0396783446257526,0.0292493870202525,0.058498774040505,rolling_conformal,-0.0253196854735289,0.0288528402196608,0.0270862628465948,0.0541725256931897,rolling_conformal,-0.0210470004971698,0.0315236999598808,0.0262853502285253,0.0525707004570507,rolling_conformal,-0.0210470004971698,0.0315236999598808,0.0262853502285253,0.0525707004570507,rolling_conformal
FOMC_0084,2021-01-27,QQQ_ret,-0.0279,0.0055068810396589,-0.0002900665539712,-0.0002610598985741,0.0,1.0,0.004619209947729,0.0041572889529561,0.0,1.0,0.0026012310590774,0.0036566240456801,0.0,1.0,-0.0073013288061049,-0.0107430894551829,8.673617379884035e-19,0.9999999999999998,-0.0035530836854311,-0.0052056827950627,0.0,1.0,0.0006945128193112,-0.0009840655739565,0.0,1.0,0.9793778357756168,3.0,0.3201940278532522,0.0013678709585467,0.0103041642067661,0.1171929117111263,-0.0285289842021307,0.0280068644049824,0.0282679243035565,0.0565358486071131,rolling_conformal,-0.021621109228501,0.0299356871344132,0.0257783981814571,0.0515567963629142,rolling_conformal,-0.021318457363723,0.0286317054550832,0.0249750814094031,0.0499501628188062,rolling_conformal,-0.0372431315135846,0.0157569526032186,0.0265000420584016,0.0530000841168033,rolling_conformal,-0.0345900391606842,0.0241786735705586,0.0293843563656214,0.0587687127312429,rolling_conformal,-0.0310534573085888,0.0420672193879067,0.0365603383482478,0.0731206766964956,rolling_conformal,-0.0246984269789004,0.0227302958309874,0.0237143614049439,0.0474287228098879,rolling_conformal,-0.0246359958038889,0.0273717377209825,0.0260038667624357,0.0520077335248715,rolling_conformal,-0.0246359958038889,0.0273717377209825,0.0260038667624357,0.0520077335248715,rolling_conformal
FOMC_0084,2021-01-27,SPY_ret,-0.0244,0.0057389354372562,-0.0068755464016372,-0.0097986937597466,0.0,1.0,-0.0079831446708642,-0.0114290515707825,0.0,1.0,-0.0012644876092174,0.0018105352225254,0.0,1.0,-0.0092838857892476,-0.0139697494186554,0.0,1.0,-0.0079263835420219,-0.0123057104489891,0.0,1.0,-0.0019274495177842,-0.0017347045660058,0.0,1.0,0.9793778357756168,3.0,0.25,0.0001537612500311,0.0090632420247944,0.016683414187014,-0.0369413293882619,0.0173439418687685,0.0271426356285152,0.0542852712570305,rolling_conformal,-0.034168314336123,0.011310211194558,0.0227392627653405,0.0454785255306811,rolling_conformal,-0.0206765788384515,0.0242976492835025,0.022487114060977,0.0449742281219541,rolling_conformal,-0.0348072720782905,0.0068677732409796,0.0208375226596351,0.0416750453192702,rolling_conformal,-0.0314174282509812,0.0068060073530029,0.0191117178019921,0.0382234356039842,rolling_conformal,-0.0224261758906051,0.0339040467651176,0.0281651113278613,0.0563302226557227,rolling_conformal,-0.0252365854101618,0.0217671762781501,0.0235018808441559,0.0470037616883119,rolling_conformal,-0.0239828392601529,0.0242903617602151,0.024136600510184,0.0482732010203681,rolling_conformal,-0.0239828392601529,0.0242903617602151,0.024136600510184,0.0482732010203681,rolling_conformal
FOMC_0084,2021-01-27,UUP_ret,0.0062,-0.0031817128243851,-0.001025047245635,-0.001522195159768,0.0,1.0,-0.0008630181218195,-0.0012815819109019,0.0,1.0,-0.0004435851222159,-0.0003992266099943,0.0,1.0,-0.0015784014335663,-0.002343926128846,0.0,1.0,-0.0005840716661588,-0.0008673464242458,0.0,1.0,-0.0006680839187862,0.0009921046193976,0.0,1.0,0.9793778357756168,3.0,0.3367895964685804,-0.0004549530405502,0.003509344098261,0.1147648314370134,-0.0138608871806257,0.0108164968610896,0.0123386920208576,0.0246773840417153,rolling_conformal,-0.012925227562761,0.010362063740957,0.011643645651859,0.0232872913037181,rolling_conformal,-0.0119799900901861,0.0111815368701973,0.0115807634801917,0.0231615269603834,rolling_conformal,-0.0151420200996546,0.0104541678419624,0.0127980939708085,0.025596187941617,rolling_conformal,-0.0136054264570248,0.0118707336085331,0.012738080032779,0.025476160065558,rolling_conformal,-0.0163001318518697,0.0099367062030994,0.0131184190274845,0.0262368380549691,rolling_conformal,-0.0108113937706877,0.012795603009483,0.0118034983900853,0.0236069967801707,rolling_conformal,-0.0120761482261015,0.0111662421450011,0.0116211951855513,0.0232423903711027,rolling_conformal,-0.0120761482261015,0.0111662421450011,0.0116211951855513,0.0232423903711027,rolling_conformal
FOMC_0082,2021-03-17,GLD_ret,0.0071,0.0031264954800398,0.0003647782122026,-0.0005778459456713,0.0,1.0,-0.0041954300027778,0.0056729904288158,0.0,1.0,-0.0028449659280309,0.0039069611880095,0.0,1.0,0.0016540400335284,-0.0025908497313599,0.0,1.0,-0.0058844766183794,-0.0052960289565414,0.0,1.0,-0.0030987817746539,0.0046403096807747,0.0,1.0,0.9800958528686796,3.0,0.3,0.0050233985046651,0.0057427280102752,0.466593424455845,-0.0261439543445179,0.0249882624531752,0.0255661083988466,0.0511322167976932,rolling_conformal,-0.0195220555603001,0.0308680364179319,0.025195045989116,0.050390091978232,rolling_conformal,-0.024377844784115,0.0321917671601341,0.0282848059721246,0.0565696119442492,rolling_conformal,-0.0311028878872484,0.0259211884245284,0.0285120381558884,0.0570240763117768,rolling_conformal,-0.0288162008683581,0.0182241429552751,0.0235201719118166,0.0470403438236333,rolling_conformal,-0.023646035765595,0.0298990267256748,0.0267725312456349,0.0535450624912698,rolling_conformal,-0.0224103083971265,0.0316909277586761,0.0270506180779013,0.0541012361558027,rolling_conformal,-0.0196276710160988,0.0296744680254292,0.024651069520764,0.0493021390415281,rolling_conformal,-0.0196276710160988,0.0296744680254292,0.024651069520764,0.0493021390415281,rolling_conformal
FOMC_0082,2021-03-17,QQQ_ret,0.0041,0.0061164166671187,0.0003339756217171,-0.0004679001038689,0.0,1.0,0.0005146640717583,-0.0007100656312368,0.0,1.0,0.0033597935396444,0.00302381418568,0.0,1.0,-0.0034165833643839,0.0051241749701561,4.336808689942019e-19,0.9999999999999998,-0.0009359037578759,0.0014001271171262,1.0842021724855044e-19,0.9999999999999998,0.0005254410217151,0.0007386544751373,0.0,1.0,0.9800958528686796,3.0,0.3273935140051065,0.0031241236708174,0.0104435875540927,0.2302622245128074,-0.0287358244074255,0.0278000241996875,0.0282679243035565,0.0565358486071131,rolling_conformal,-0.0268655162938883,0.0254453850314147,0.0261554506626515,0.0523109013253031,rolling_conformal,-0.0235784570739804,0.0296260854453404,0.0266022712596604,0.0532045425193209,rolling_conformal,-0.0213758670882455,0.0316242170285578,0.0265000420584016,0.0530000841168033,rolling_conformal,-0.0279842292484951,0.0307844834827477,0.0293843563656214,0.0587687127312429,rolling_conformal,-0.030443921681129,0.0426767550153665,0.0365603383482478,0.0731206766964956,rolling_conformal,-0.0242573339411818,0.0257346428914566,0.0249959884163192,0.0499919768326384,rolling_conformal,-0.0237336968997132,0.0299819442413481,0.0268578205705307,0.0537156411410614,rolling_conformal,-0.0237336968997132,0.0299819442413481,0.0268578205705307,0.0537156411410614,rolling_conformal
FOMC_0082,2021-03-17,SPY_ret,0.0034,0.0044591110207792,0.0029094503947886,0.0036425411899891,0.0,1.0,0.0030548927270916,-0.0041898019261985,0.0,1.0,0.005448574858312,-0.0071732107503556,0.0,1.0,0.0032790686061717,-0.0047049833731987,0.0,1.0,0.0032361957241598,-0.0050241938617581,0.0,1.0,0.0039861110150227,-0.005569756003307,0.0,1.0,0.9800958528686796,3.0,0.25,-0.0035219201343783,0.0091424174046036,0.2780980325703722,-0.0235000944385261,0.0307851768185043,0.0271426356285152,0.0542852712570305,rolling_conformal,-0.0269290646915391,0.0185494608391419,0.0227392627653405,0.0454785255306811,rolling_conformal,-0.0300027604854836,0.0156563389847722,0.0228295497351279,0.0456590994702559,rolling_conformal,-0.0255425060328338,0.0161325392864363,0.0208375226596351,0.0416750453192702,rolling_conformal,-0.0241359116637502,0.0140875239402339,0.0191117178019921,0.0382234356039842,rolling_conformal,-0.0256798244164769,0.0345980464580354,0.0301389354372562,0.0602778708745124,rolling_conformal,-0.029071636847463,0.0179321248408488,0.0235018808441559,0.0470037616883119,rolling_conformal,-0.0280756813844094,0.0210318411156527,0.0245537612500311,0.0491075225000622,rolling_conformal,-0.0280756813844094,0.0210318411156527,0.0245537612500311,0.0491075225000622,rolling_conformal
FOMC_0082,2021-03-17,UUP_ret,-0.0049,-0.0017897654671173,-0.0008446277521771,-0.0010211435765008,0.0,1.0,-0.0015131111367621,0.0021228409655781,0.0,1.0,-0.0001206157211208,0.0001716264401656,0.0,1.0,-0.0003663275656519,0.000543996434993,0.0,1.0,-0.0008455020175804,0.0010979072379658,0.0,1.0,-0.0004629680508845,0.0006875075555635,0.0,1.0,0.9800958528686796,3.0,0.3166297248705079,-0.0001065577920407,0.0033440897117152,0.030883329314709,-0.0133598355973585,0.0113175484443568,0.0123386920208576,0.0246773840417153,rolling_conformal,-0.0095208046862809,0.0137664866174371,0.011643645651859,0.0232872913037181,rolling_conformal,-0.0114091370400261,0.0117523899203573,0.0115807634801917,0.0231615269603834,rolling_conformal,-0.0122540975358154,0.0133420904058016,0.0127980939708085,0.025596187941617,rolling_conformal,-0.0116401727948131,0.0138359872707448,0.012738080032779,0.025476160065558,rolling_conformal,-0.0149081844946019,0.0113286535603672,0.0131184190274845,0.0262368380549691,rolling_conformal,-0.0111159908345218,0.0124910059456488,0.0118034983900853,0.0236069967801707,rolling_conformal,-0.0117277529775921,0.0115146373935105,0.0116211951855513,0.0232423903711027,rolling_conformal,-0.0117277529775921,0.0115146373935105,0.0116211951855513,0.0232423903711027,rolling_conformal
FOMC_0080,2021-04-28,GLD_ret,0.0029,-0.0042852814494171,-0.0004437142885017,-0.0003993428596515,0.0,1.0,-0.0010955656939149,-0.0009860091245234,0.0,1.0,-0.0035056229650837,-0.0031550606685753,0.0,1.0,-0.0006711193712952,0.0009420603263905,0.0,1.0,-0.0008470853367509,0.0011587252208401,1.0842021724855044e-19,0.9999999999999998,-0.0011676498534202,0.0018406784994019,0.0,1.0,0.9835639919354344,3.0,0.3,3.468617707482781e-06,0.0056901778531079,0.0006109637498,-0.0259654512584981,0.025166765539195,0.0255661083988466,0.0511322167976932,rolling_conformal,-0.0261810551136395,0.0242090368645925,0.025195045989116,0.050390091978232,rolling_conformal,-0.0314398666406999,0.0251297453035492,0.0282848059721246,0.0565696119442492,rolling_conformal,-0.0275699778294978,0.029454098482279,0.0285120381558884,0.0570240763117768,rolling_conformal,-0.0223614466909765,0.0246788971326568,0.0235201719118166,0.0470403438236333,rolling_conformal,-0.0310578126950521,0.0224872497962177,0.0267725312456349,0.0535450624912698,rolling_conformal,-0.0252099395784993,0.0288912965773033,0.0270506180779013,0.0541012361558027,rolling_conformal,-0.0246476009030565,0.0246545381384715,0.024651069520764,0.0493021390415281,rolling_conformal,-0.0246476009030565,0.0246545381384715,0.024651069520764,0.0493021390415281,rolling_conformal
FOMC_0080,2021-04-28,QQQ_ret,-0.0034,0.0032037861731128,0.0013498525234682,0.0018573978090716,0.0,1.0,0.0014238516858461,0.0019511707745607,0.0,1.0,0.0022938546028999,0.0031709882287507,0.0,1.0,0.0005206377587661,-0.0007150958154003,0.0,1.0,0.0010574317130891,0.0009516885417802,0.0,1.0,0.0005761100979518,-0.000785929334884,0.0,1.0,0.9835639919354344,3.0,0.3403403612042966,0.0007149148527624,0.0104463257176865,0.0640541889324944,-0.0257815422923542,0.0294963379104974,0.0276389401014258,0.0552778802028516,rolling_conformal,-0.0238272274068963,0.0277295689560179,0.0257783981814571,0.0515567963629142,rolling_conformal,-0.0218040931806523,0.0281460696381538,0.0249750814094031,0.0499501628188062,rolling_conformal,-0.0268611869878981,0.0254309953570975,0.0261460911724978,0.0522921823449956,rolling_conformal,-0.0241802709819039,0.0260836480654644,0.0251319595236841,0.0502639190473683,rolling_conformal,-0.0302030948665461,0.0366106672127717,0.0334068810396589,0.0668137620793178,rolling_conformal,-0.024500290739828,0.0229284320700598,0.0237143614049439,0.0474287228098879,rolling_conformal,-0.0252889519096733,0.0267187816151982,0.0260038667624357,0.0520077335248715,rolling_conformal,-0.0252889519096733,0.0267187816151982,0.0260038667624357,0.0520077335248715,rolling_conformal
FOMC_0080,2021-04-28,SPY_ret,-0.0003,0.0024946787712345,0.0018724257003831,0.0016851831303448,0.0,1.0,0.002532173212995,0.0022789558916955,0.0,1.0,0.0023450970196351,0.0034162231711423,0.0,1.0,-0.0004560809453281,-0.0005799035875309,5.421010862427522e-20,0.9999999999999998,-0.0017711449232345,-0.001594030430911,0.0,1.0,4.927563926665015e-05,4.4348075339985135e-05,0.0,1.0,0.9835639919354344,3.0,0.25,0.0007554703617106,0.0091513507746124,0.0762585282129954,-0.0194929218784983,0.022863288139188,0.0211781050088432,0.0423562100176864,rolling_conformal,-0.0181366292783238,0.0226945410617149,0.0204155851700194,0.0408311703400388,rolling_conformal,-0.0190708908898347,0.0259033372321194,0.022487114060977,0.0449742281219541,rolling_conformal,-0.019946925546232,0.0187871183711702,0.0193670219587011,0.0387340439174023,rolling_conformal,-0.0196716338356192,0.0164835729737971,0.0180776034047082,0.0361552068094164,rolling_conformal,-0.0256704325566268,0.0306597900990959,0.0281651113278613,0.0563302226557227,rolling_conformal,-0.0226209473586541,0.0227096435093341,0.0226652954339941,0.0453305908679883,rolling_conformal,-0.0233811301484733,0.0248920708718947,0.024136600510184,0.0482732010203681,rolling_conformal,-0.0233811301484733,0.0248920708718947,0.024136600510184,0.0482732010203681,rolling_conformal
FOMC_0080,2021-04-28,UUP_ret,-0.0037,0.0018955481879331,-0.0006895516963913,0.001023984269141,0.0,1.0,-0.0004571661332404,0.0006226467519037,0.0,1.0,0.0006192811556754,0.0005573530401078,0.0,1.0,-0.0011422099707184,0.0016089661430915,0.0,1.0,-0.0007163841574794,0.0009280902412896,0.0,1.0,-0.0001259523799928,0.0001870392842893,0.0,1.0,0.9835639919354344,3.0,0.3284918864523523,0.0008230976567747,0.0033175418610772,0.1987870872011682,-0.0113147077517166,0.0133626762899987,0.0123386920208576,0.0246773840417153,rolling_conformal,-0.0110209988999553,0.0122662924037627,0.011643645651859,0.0232872913037181,rolling_conformal,-0.0110234104400838,0.0121381165202996,0.0115807634801917,0.0231615269603834,rolling_conformal,-0.011189127827717,0.0144070601139,0.0127980939708085,0.025596187941617,rolling_conformal,-0.0118099897914893,0.0136661702740687,0.012738080032779,0.025476160065558,rolling_conformal,-0.0112228708395514,0.0150139672154177,0.0131184190274845,0.0262368380549691,rolling_conformal,-0.011616459105796,0.0119905376743747,0.0118034983900853,0.0236069967801707,rolling_conformal,-0.0107980975287766,0.012444292842326,0.0116211951855513,0.0232423903711027,rolling_conformal,-0.0107980975287766,0.012444292842326,0.0116211951855513,0.0232423903711027,rolling_conformal
FOMC_0077,2021-06-16,GLD_ret,-0.0169,0.0027171892900733,0.0015188036514152,0.0024604619152926,0.0,1.0,0.0039907991864826,0.0059519818297745,0.0,1.0,0.0026988158493311,0.0042610401200855,0.0,1.0,0.0026341970589135,0.0037438100075199,0.0,1.0,0.0020549954917662,0.0018494959425896,0.0,1.0,0.0037853258757922,0.0054073897676165,4.336808689942019e-19,0.9999999999999998,0.9818623427007788,3.0,0.3,0.0055203955492242,0.0056911805453701,0.4923839947931972,-0.0231056464835539,0.0280265703141392,0.0255661083988466,0.0511322167976932,rolling_conformal,-0.0192430641593414,0.0311470278188905,0.025195045989116,0.050390091978232,rolling_conformal,-0.024023765852039,0.0325458460922101,0.0282848059721246,0.0565696119442492,rolling_conformal,-0.0247682281483685,0.0322558481634083,0.0285120381558884,0.0570240763117768,rolling_conformal,-0.021670675969227,0.0253696678544063,0.0235201719118166,0.0470403438236333,rolling_conformal,-0.0240553419555616,0.0294897205357082,0.0267725312456349,0.0535450624912698,rolling_conformal,-0.0216432283102848,0.0324580078455178,0.0270506180779013,0.0541012361558027,rolling_conformal,-0.0191306739715397,0.0301714650699883,0.024651069520764,0.0493021390415281,rolling_conformal,-0.0191306739715397,0.0301714650699883,0.024651069520764,0.0493021390415281,rolling_conformal
FOMC_0077,2021-06-16,QQQ_ret,-0.0037,0.0057581341500582,0.001316256132581,-0.001898450705071,0.0,1.0,0.0013218417555597,-0.0019317401040079,0.0,1.0,0.0021488146125865,-0.00305792479882,0.0,1.0,0.0004777494112769,-0.0007100397292137,5.421010862427522e-20,0.9999999999999998,0.0009858177880339,-0.0014463414899624,0.0,1.0,0.0004540183719905,-0.0007157874896514,0.0,1.0,0.9818623427007788,3.0,0.369177368125387,0.0020927973284332,0.0104424434401149,0.1669537663884807,-0.0295373908064969,0.0257404893963547,0.0276389401014258,0.0552778802028516,rolling_conformal,-0.0277101382854651,0.0238466580774491,0.0257783981814571,0.0515567963629142,rolling_conformal,-0.0280330062082231,0.021917156610583,0.0249750814094031,0.0499501628188062,rolling_conformal,-0.0268561309017115,0.025436051443284,0.0261460911724978,0.0522921823449956,rolling_conformal,-0.0247195737247189,0.021826890744794,0.0232732322347565,0.046546464469513,rolling_conformal,-0.0276487468896006,0.0391650151897171,0.0334068810396589,0.0668137620793178,rolling_conformal,-0.0238247076603916,0.0223931326810888,0.0231089201707402,0.0462178403414804,rolling_conformal,-0.0215144016852963,0.0256999963421627,0.0236071990137295,0.0472143980274591,rolling_conformal,-0.0215144016852963,0.0256999963421627,0.0236071990137295,0.0472143980274591,rolling_conformal
FOMC_0077,2021-06-16,SPY_ret,-0.0056,0.0042577546207684,0.0010253890147098,-0.0013373178050955,0.0,1.0,0.0030817391044978,-0.0042139634219933,0.0,1.0,0.0017910457508369,-0.0022514119215819,2.1684043449710093e-19,0.9999999999999998,0.0012839407278498,-0.0019933179799869,0.0,1.0,-0.001541713370848,-0.0023935100082416,0.0,1.0,-0.0002721512671118,-0.0004206602905102,0.0,1.0,0.9818623427007788,3.0,0.25,0.0008612849529058,0.0091481082197359,0.0860485823230697,-0.0224453237421575,0.0197706881319664,0.021108005937062,0.042216011874124,rolling_conformal,-0.0244799085460463,0.0160519817020595,0.0202659451240529,0.0405318902481058,rolling_conformal,-0.0235151921272638,0.0190123682840999,0.0212637802056819,0.0425275604113638,rolling_conformal,-0.0207624280670025,0.0167757921070286,0.0187691100870155,0.0375382201740311,rolling_conformal,-0.0204553024319302,0.0156682824154469,0.0180617924236885,0.0361235848473771,rolling_conformal,-0.0207454563834523,0.0292609656249891,0.0250032110042207,0.0500064220084415,rolling_conformal,-0.020808602823466,0.0199672822424456,0.0203879425329558,0.0407758850659117,rolling_conformal,-0.0189808850538457,0.0207034549596574,0.0198421700067516,0.0396843400135032,rolling_conformal,-0.0189808850538457,0.0207034549596574,0.0198421700067516,0.0396843400135032,rolling_conformal
FOMC_0077,2021-06-16,UUP_ret,0.0082,-0.0015673635328071,-0.002589626901644,-0.0038455959489414,0.0,1.0,-0.0004187994982995,-0.0005752968506822,0.0,1.0,-0.0021437953717068,-0.0031835361269846,0.0,1.0,-0.0011217612132654,-0.0014912252151394,0.0,1.0,-0.0010068089291281,-0.0009061280362153,0.0,1.0,-0.0019936318863642,-0.002590456337799,0.0,1.0,0.9818623427007788,3.0,0.3323719511701453,-0.0024754498845733,0.0032851546386738,0.4297214949175195,-0.0161842879697991,0.0084930960719162,0.0123386920208576,0.0246773840417153,rolling_conformal,-0.0122189425025412,0.0110683488011768,0.011643645651859,0.0232872913037181,rolling_conformal,-0.0147642996071763,0.0083972273532071,0.0115807634801917,0.0231615269603834,rolling_conformal,-0.0142893191859479,0.0113068687556691,0.0127980939708085,0.025596187941617,rolling_conformal,-0.0136442080689943,0.0118319519965636,0.012738080032779,0.025476160065558,rolling_conformal,-0.0146857825602917,0.0115510554946774,0.0131184190274845,0.0262368380549691,rolling_conformal,-0.0143939547278844,0.0092130420522863,0.0118034983900853,0.0236069967801707,rolling_conformal,-0.0140966450701246,0.009145745300978,0.0116211951855513,0.0232423903711027,rolling_conformal,-0.0140966450701246,0.009145745300978,0.0116211951855513,0.0232423903711027,rolling_conformal
FOMC_0076,2021-07-28,GLD_ret,0.005,-0.0096975880684186,0.0016867281736227,0.0023792614389689,0.0,1.0,0.0011911010147074,0.0010719909132367,0.0,1.0,-0.0021663201358285,-0.003058549761353,0.0,1.0,0.002632436415694,0.0042645469934243,0.0,1.0,0.0028278342228018,0.004581091440939,0.0,1.0,0.000936739467586,0.0015175179374893,0.0,1.0,0.9776117100244108,3.0,0.3,-0.0022164166371396,0.0058806823583662,0.273730616491617,-0.0231868469598776,0.0279453698378155,0.0255661083988466,0.0511322167976932,rolling_conformal,-0.0241230550758793,0.0262670369023527,0.025195045989116,0.050390091978232,rolling_conformal,-0.0313433557334776,0.0252262562107715,0.0282848059721246,0.0565696119442492,rolling_conformal,-0.024247491162464,0.0327765851493128,0.0285120381558884,0.0570240763117768,rolling_conformal,-0.0189390804708776,0.0281012633527557,0.0235201719118166,0.0470403438236333,rolling_conformal,-0.0364701193140535,0.0170749431772163,0.0267725312456349,0.0535450624912698,rolling_conformal,-0.0255331001404119,0.0285681360153907,0.0270506180779013,0.0541012361558027,rolling_conformal,-0.0268674861579037,0.0224346528836244,0.024651069520764,0.0493021390415281,rolling_conformal,-0.0268674861579037,0.0224346528836244,0.024651069520764,0.0493021390415281,rolling_conformal
FOMC_0076,2021-07-28,QQQ_ret,0.0038,0.0050793440597372,-0.0002436993575916,-0.0003398875081596,2.710505431213761e-20,0.9999999999999998,0.0008906428344988,-0.0012727673814019,0.0,1.0,0.0021220388459875,-0.003109079151745,0.0,1.0,-0.0034531699318981,-0.0051974189187066,0.0,1.0,-0.001871139237797,-0.0027776958584392,0.0,1.0,0.0005960719904504,-0.0009533074631491,0.0,1.0,0.9776117100244108,3.0,0.3364992785540414,0.0013458442775875,0.0104359954005355,0.1142311533720047,-0.0279788276095855,0.0272990525932661,0.0276389401014258,0.0552778802028516,rolling_conformal,-0.027051165562859,0.0245056308000551,0.0257783981814571,0.0515567963629142,rolling_conformal,-0.0280841605611481,0.021866002257658,0.0249750814094031,0.0499501628188062,rolling_conformal,-0.0313435100912044,0.0209486722537911,0.0261460911724978,0.0522921823449956,rolling_conformal,-0.0260509280931957,0.0204955363763173,0.0232732322347565,0.046546464469513,rolling_conformal,-0.0283275369799216,0.0384862250993962,0.0334068810396589,0.0668137620793178,rolling_conformal,-0.0240622276338893,0.022155612707591,0.0231089201707402,0.0462178403414804,rolling_conformal,-0.0222613547361419,0.0249530432913171,0.0236071990137295,0.0472143980274591,rolling_conformal,-0.0222613547361419,0.0249530432913171,0.0236071990137295,0.0472143980274591,rolling_conformal
FOMC_0076,2021-07-28,SPY_ret,-0.0004,0.0032847956093235,0.0006448225222779,-0.0009883937801157,0.0,1.0,0.000227658739515,-0.000353440193097,2.710505431213761e-20,0.9999999999999998,-0.002161840037162,-0.003356256657694,0.0,1.0,-0.0003569699993288,-0.0005541959239579,0.0,1.0,-0.0020359099870361,-0.0031607502548735,0.0,1.0,-0.0015784891347782,-0.0024506043817431,0.0,1.0,0.9776117100244108,3.0,0.25,-0.0011692675415729,0.0091257607354126,0.1135768037100808,-0.0220963997171777,0.0201196121569463,0.021108005937062,0.042216011874124,rolling_conformal,-0.0206193853171499,0.0199125049309558,0.0202659451240529,0.0405318902481058,rolling_conformal,-0.0246200368633759,0.0179075235479878,0.0212637802056819,0.0425275604113638,rolling_conformal,-0.0190183056698417,0.0179099138219258,0.0184641097458838,0.0369282194917676,rolling_conformal,-0.0212225426785621,0.0149010421688149,0.0180617924236885,0.0361235848473771,rolling_conformal,-0.0217184153948971,0.0282880066135443,0.0250032110042207,0.0500064220084415,rolling_conformal,-0.022838546914699,0.0179373381512126,0.0203879425329558,0.0407758850659117,rolling_conformal,-0.0210114375483245,0.0186729024651786,0.0198421700067516,0.0396843400135032,rolling_conformal,-0.0210114375483245,0.0186729024651786,0.0198421700067516,0.0396843400135032,rolling_conformal
FOMC_0076,2021-07-28,UUP_ret,-0.0028,0.0032055747415664,-0.0006508434661523,-0.0008433613035652,0.0,1.0,5.481555195986874e-05,6.679566693640417e-05,0.0,1.0,-0.0007850668673668,0.0011658242980397,1.0842021724855044e-19,0.9999999999999998,-0.001257198933817,-0.0018669404167182,0.0,1.0,-0.0008256609552726,-0.0012261065185799,1.0842021724855044e-19,0.9999999999999998,-0.0017770570743525,-0.0023477731569305,2.1684043449710093e-19,0.9999999999999998,0.9776117100244108,3.0,0.3357477919717909,-0.0005315737481548,0.0033212383232764,0.1379725661604116,-0.0128889572525067,0.0112022346453762,0.0120455959489414,0.0240911918978829,rolling_conformal,-0.0110638992380217,0.0111974905718945,0.0111306949049581,0.0222613898099162,rolling_conformal,-0.0102177118289448,0.0125493604250244,0.0113835361269846,0.0227670722539693,rolling_conformal,-0.0141044281995493,0.0103705473661128,0.0122374877828311,0.0244749755656622,rolling_conformal,-0.0135739570882165,0.0111217440510567,0.0123478505696366,0.0246957011392733,rolling_conformal,-0.0082895102724097,0.0147006597555427,0.0114950850139762,0.0229901700279525,rolling_conformal,-0.014075236098689,0.009379689784828,0.0117274629417585,0.0234549258835171,rolling_conformal,-0.0112070236327281,0.0101438761364184,0.0106754498845733,0.0213508997691466,rolling_conformal,-0.0112070236327281,0.0101438761364184,0.0106754498845733,0.0213508997691466,rolling_conformal
FOMC_0073,2021-09-22,GLD_ret,-0.0037,-0.0026300790561852,0.0051570842499964,-0.0083544764849942,0.0,1.0,0.0074633081662216,0.0115897044816279,0.0,1.0,0.008042035047407,0.0130280967767993,0.0,1.0,0.0061771268396753,-0.0090831283520847,0.0,1.0,0.0072220361611373,0.0113147672937394,0.0,1.0,0.006530783887656,0.0105798698980027,0.0,1.0,0.9769292330487048,3.0,0.3,0.0079402622540956,0.0058641978138531,0.5751957311661936,-0.0339205848838408,0.0172116319138524,0.0255661083988466,0.0511322167976932,rolling_conformal,-0.012779959609297,0.035959368572553,0.024369664090925,0.0487393281818501,rolling_conformal,-0.0149157947894135,0.0409719883430122,0.0279438915662129,0.0558877831324258,rolling_conformal,-0.0375951665079732,0.0194289098038036,0.0285120381558884,0.0570240763117768,rolling_conformal,-0.0122054046180772,0.0348349392055561,0.0235201719118166,0.0470403438236333,rolling_conformal,-0.0248426162094269,0.0195824580970564,0.0222125371532417,0.0444250743064834,rolling_conformal,-0.0164707481798985,0.0376304879759041,0.0270506180779013,0.0541012361558027,rolling_conformal,-0.0167108072666684,0.0325913317748596,0.024651069520764,0.0493021390415281,rolling_conformal,-0.0167108072666684,0.0325913317748596,0.024651069520764,0.0493021390415281,rolling_conformal
FOMC_0073,2021-09-22,QQQ_ret,0.0093,-0.0011039122233595,-0.0009307644391232,-0.0008376879952109,1.0842021724855044e-19,0.9999999999999998,0.0005734670806377,0.0008504065356919,0.0,1.0,0.0021296865115324,0.003593845988211,0.0,1.0,-0.0009734083441877,0.0014664186410164,0.0,1.0,-0.0002252292677088,0.0003502798089111,0.0,1.0,0.0016462708358465,0.0025066751052076,0.0,1.0,0.9769292330487048,3.0,0.3151560579675167,0.0017109707947361,0.0104423236877622,0.1407831752425952,-0.0284766280966367,0.0268012521062149,0.0276389401014258,0.0552778802028516,rolling_conformal,-0.0249279916457651,0.026628804717149,0.0257783981814571,0.0515567963629142,rolling_conformal,-0.021381235421192,0.0285689273976141,0.0249750814094031,0.0499501628188062,rolling_conformal,-0.0246796725314813,0.0276125098135142,0.0261460911724978,0.0522921823449956,rolling_conformal,-0.0229229524258453,0.0236235120436677,0.0232732322347565,0.046546464469513,rolling_conformal,-0.0345107932630185,0.0323029688162993,0.0334068810396589,0.0668137620793178,rolling_conformal,-0.0206022450655325,0.0256155952759479,0.0231089201707402,0.0462178403414804,rolling_conformal,-0.0218962282189933,0.0253181698084657,0.0236071990137295,0.0472143980274591,rolling_conformal,-0.0218962282189933,0.0253181698084657,0.0236071990137295,0.0472143980274591,rolling_conformal
FOMC_0073,2021-09-22,SPY_ret,0.0098,-0.000955947963341,0.0003169497300801,-0.0004920644559493,0.0,1.0,0.0004219132469661,-0.0006550203159149,0.0,1.0,0.0037135644361169,-0.0048115622887537,4.336808689942019e-19,0.9999999999999998,0.0008287837114993,-0.0012630519187051,1.0842021724855044e-19,0.9999999999999998,0.0005139682385985,-0.0007978646784515,0.0,1.0,0.0016180695120985,-0.0024465982071962,0.0,1.0,0.9769292330487048,3.0,0.25,-0.0023850259931673,0.0091271650034389,0.2071746309737322,-0.0180489878154454,0.0170648589035466,0.017556923359496,0.0351138467189921,rolling_conformal,-0.0186912451495349,0.0173812045177051,0.01803622483362,0.0360724496672401,rolling_conformal,-0.0260753424944356,0.0164522179169281,0.0212637802056819,0.0425275604113638,rolling_conformal,-0.0195893861229474,0.0170632822855371,0.0183263342042423,0.0366526684084846,rolling_conformal,-0.01885965710214,0.017263927745237,0.0180617924236885,0.0361235848473771,rolling_conformal,-0.0259591589675618,0.0240472630408797,0.0250032110042207,0.0500064220084415,rolling_conformal,-0.0228345407401521,0.0179413443257595,0.0203879425329558,0.0407758850659117,rolling_conformal,-0.0222271959999189,0.0174571440135842,0.0198421700067516,0.0396843400135032,rolling_conformal,-0.0222271959999189,0.0174571440135842,0.0198421700067516,0.0396843400135032,rolling_conformal
FOMC_0073,2021-09-22,UUP_ret,0.0028,4.743377348423667e-05,-0.0008865220213116,-0.0012772724377034,0.0,1.0,-0.0004094015313296,-0.0006079612740245,0.0,1.0,-0.0009924671025208,-0.0014738136472435,0.0,1.0,-0.0006776108984459,-0.0006098498086013,0.0,1.0,-0.0007136812040647,-0.0006423130836582,0.0,1.0,-0.0003400449897093,-0.0005049668097183,0.0,1.0,0.9769292330487048,3.0,0.2923378050166215,-0.0003778271593085,0.0032654171249627,0.1037086982755293,-0.0133228683866449,0.0107683235112379,0.0120455959489414,0.0240911918978829,rolling_conformal,-0.0117386561789826,0.0105227336309336,0.0111306949049581,0.0222613898099162,rolling_conformal,-0.0128573497742281,0.0099097224797411,0.0113835361269846,0.0227670722539693,rolling_conformal,-0.0128473375914324,0.0116276379742297,0.0122374877828311,0.0244749755656622,rolling_conformal,-0.0129901636532949,0.0117055374859783,0.0123478505696366,0.0246957011392733,rolling_conformal,-0.011447651240492,0.0115425187874605,0.0114950850139762,0.0229901700279525,rolling_conformal,-0.0122324297514769,0.0112224961320402,0.0117274629417585,0.0234549258835171,rolling_conformal,-0.0110532770438818,0.0102976227252648,0.0106754498845733,0.0213508997691466,rolling_conformal,-0.0110532770438818,0.0102976227252648,0.0106754498845733,0.0213508997691466,rolling_conformal
FOMC_0072,2021-11-03,GLD_ret,-0.0083,0.0016682489403105,0.0003705165264584,0.0006002367728626,0.0,1.0,0.0006635724823058,0.0010749874213354,0.0,1.0,0.0023932224709073,0.0038770204028699,0.0,1.0,0.0038441093024251,0.0061695010523352,0.0,1.0,0.0033849303779413,0.0054835872122649,4.336808689942019e-19,0.9999999999999998,0.0042006752970474,0.0068050939812169,0.0,1.0,0.929147821356656,3.0,0.237098275862567,0.0067045882543738,0.0058269841256004,0.5350160938245029,-0.0249658716259839,0.0261663451717092,0.0255661083988466,0.0511322167976932,rolling_conformal,-0.0232946766695896,0.0254446515122605,0.024369664090925,0.0487393281818501,rolling_conformal,-0.0240668711633429,0.0318209119690828,0.0279438915662129,0.0558877831324258,rolling_conformal,-0.0223425371035532,0.0346815392082236,0.0285120381558884,0.0570240763117768,rolling_conformal,-0.0180365846995517,0.0290037591240816,0.0235201719118166,0.0470403438236333,rolling_conformal,-0.0204196055560986,0.0237561034367198,0.0220878544964092,0.0441757089928184,rolling_conformal,-0.0202455240966844,0.0338557120591182,0.0270506180779013,0.0541012361558027,rolling_conformal,-0.0179464812663902,0.0313556577751378,0.024651069520764,0.0493021390415281,rolling_conformal,-0.0179464812663902,0.0313556577751378,0.024651069520764,0.0493021390415281,rolling_conformal
FOMC_0072,2021-11-03,QQQ_ret,0.0106,0.0186003790441328,-0.0002510969661148,-0.0002259872695033,0.0,1.0,0.0021064721393747,0.0032195732288712,0.0,1.0,0.0024956733359944,0.0039935723619818,0.0,1.0,0.0077703395906674,0.0127600251574897,8.673617379884035e-19,0.9999999999999998,0.0123400366183744,0.0208238117935069,0.0,1.0,0.0071258040896145,0.0106512346411652,0.0,1.0,0.929147821356656,3.0,0.2798702692951962,0.0160949547823627,0.0104473701954128,0.6063884279902054,-0.0278649273709291,0.0274129528319224,0.0276389401014258,0.0552778802028516,rolling_conformal,-0.0225588249525859,0.0289979714103283,0.0257783981814571,0.0515567963629142,rolling_conformal,-0.0209815090474212,0.0289686537713849,0.0249750814094031,0.0499501628188062,rolling_conformal,-0.013386066015008,0.0389061163299876,0.0261460911724978,0.0522921823449956,rolling_conformal,-0.0024494204412495,0.0440970440282634,0.0232732322347565,0.046546464469513,rolling_conformal,-0.014806501995526,0.0520072600837917,0.0334068810396589,0.0668137620793178,rolling_conformal,-0.0124576855295749,0.0337601548119055,0.0231089201707402,0.0462178403414804,rolling_conformal,-0.0075122442313667,0.0397021537960923,0.0236071990137295,0.0472143980274591,rolling_conformal,-0.0075122442313667,0.0397021537960923,0.0236071990137295,0.0472143980274591,rolling_conformal
FOMC_0072,2021-11-03,SPY_ret,0.0061,0.0152250253528104,-0.0010921788955061,-0.0016956077352732,0.0,1.0,0.0015915473678481,-0.0024708772885842,2.1684043449710093e-19,0.9999999999999998,0.0039476987695582,0.0035529288926024,0.0,1.0,0.0038470989150451,-0.0059726210656075,0.0,1.0,0.0122014265918172,-0.0183169627937789,0.0,1.0,0.0063314309291448,0.0056982878362303,8.673617379884035e-19,0.9999999999999998,0.929147821356656,3.0,0.25,0.0092919680476816,0.0091154807333458,0.5047941792627487,-0.0192525310947693,0.0158613156242227,0.017556923359496,0.0351138467189921,rolling_conformal,-0.0205071021222042,0.0155653475450358,0.01803622483362,0.0360724496672401,rolling_conformal,-0.0177108513130794,0.0248167090982843,0.0212637802056819,0.0425275604113638,rolling_conformal,-0.0242989552698499,0.0123537131386347,0.0183263342042423,0.0366526684084846,rolling_conformal,-0.0363787552174675,-0.0002551703700904,0.0180617924236885,0.0361235848473771,rolling_conformal,-0.0097781856514103,0.0402282363570311,0.0250032110042207,0.0500064220084415,rolling_conformal,-0.0146896546967254,0.0260862303691862,0.0203879425329558,0.0407758850659117,rolling_conformal,-0.0105502019590699,0.0291341380544333,0.0198421700067516,0.0396843400135032,rolling_conformal,-0.0105502019590699,0.0291341380544333,0.0198421700067516,0.0396843400135032,rolling_conformal
FOMC_0072,2021-11-03,UUP_ret,-0.0024,-0.0006254238373284,-0.0004733178145901,-0.0007028769546664,5.421010862427522e-20,0.9999999999999998,-0.0019706446935842,-0.0029264073699726,0.0,1.0,-0.0008761062684122,-0.0013010178085922,0.0,1.0,-0.00062169239908,0.0008619649030468,0.0,1.0,-0.0018035386663966,-0.0026708283236987,0.0,1.0,-0.0010451897170903,-0.0014315803547141,0.0,1.0,0.929147821356656,3.0,0.2264134961845928,-0.0013739612030549,0.0032024653003584,0.3002273061212929,-0.0127484729036078,0.011342718994275,0.0120455959489414,0.0240911918978829,rolling_conformal,-0.0140571022749307,0.0082042875349855,0.0111306949049581,0.0222613898099162,rolling_conformal,-0.0126845539355768,0.0100825183183924,0.0113835361269846,0.0227670722539693,rolling_conformal,-0.0113755228797842,0.0130994526858779,0.0122374877828311,0.0244749755656622,rolling_conformal,-0.0150186788933353,0.0096770222459379,0.0123478505696366,0.0246957011392733,rolling_conformal,-0.0121205088513046,0.0108696611766478,0.0114950850139762,0.0229901700279525,rolling_conformal,-0.0131590432964727,0.0102958825870444,0.0117274629417585,0.0234549258835171,rolling_conformal,-0.0120494110876282,0.0093014886815183,0.0106754498845733,0.0213508997691466,rolling_conformal,-0.0120494110876282,0.0093014886815183,0.0106754498845733,0.0213508997691466,rolling_conformal
FOMC_0070,2021-12-15,GLD_ret,0.0043,-0.0079072239791825,-0.0003917699135398,-0.0006189492093435,0.0,1.0,0.0014563985455978,0.0023593656438684,0.0,1.0,0.0029104315907884,-0.0047148991770772,0.0,1.0,0.0065140652161914,0.0096840950143492,8.673617379884035e-19,0.9999999999999998,0.0072828490491071,0.0117982154595535,8.673617379884035e-19,0.9999999999999998,0.0084033780985454,-0.0136134725196436,0.0,1.0,0.9227487379945252,3.0,0.2453712485190317,-0.0146559878290929,0.0058606361429455,0.7143470926598948,-0.0253386264253099,0.0241007280066228,0.0247196772159663,0.0494393544319327,rolling_conformal,-0.0214588068273556,0.0261775381150926,0.0238181724712241,0.0476363449424483,rolling_conformal,-0.0326587907432902,0.0232289923891356,0.0279438915662129,0.0558877831324258,rolling_conformal,-0.0162541116334765,0.0356223016621751,0.0259382066478258,0.0518764132956516,rolling_conformal,-0.0111416415793652,0.0347380724984723,0.0229398570389188,0.0458797140778376,rolling_conformal,-0.0299950784755917,0.0141806305172267,0.0220878544964092,0.0441757089928184,rolling_conformal,-0.0401076358726419,0.0128806908333547,0.0264941633529983,0.0529883267059967,rolling_conformal,-0.0385001241306582,0.0091881484724722,0.0238441363015652,0.0476882726031304,rolling_conformal,-0.0385001241306582,0.0091881484724722,0.0238441363015652,0.0476882726031304,rolling_conformal
FOMC_0070,2021-12-15,QQQ_ret,0.0228,0.0081110556806137,0.0013691625879687,0.0012322463291718,0.0,1.0,0.0032922082217442,0.0029629873995697,0.0,1.0,0.0025521737926555,0.0043067932751061,0.0,1.0,0.0114807936173516,0.0192419895012197,0.0,1.0,0.0104177717920837,0.0168444439293921,0.0,1.0,0.0065377547435322,0.0106808775791713,8.673617379884035e-19,0.9999999999999998,0.9227487379945252,3.0,0.2477978343259372,0.0125551015976317,0.0104174358169369,0.546526746514389,-0.0264066937722539,0.0288711864305977,0.0276389401014258,0.0552778802028516,rolling_conformal,-0.0228154107818873,0.0287413855810269,0.0257783981814571,0.0515567963629142,rolling_conformal,-0.0206682881342969,0.0292818746845092,0.0249750814094031,0.0499501628188062,rolling_conformal,-0.006904101671278,0.0453880806737175,0.0261460911724978,0.0522921823449956,rolling_conformal,-0.0064287883053643,0.0401176761641487,0.0232732322347565,0.046546464469513,rolling_conformal,-0.0252958253590451,0.0415179367202727,0.0334068810396589,0.0668137620793178,rolling_conformal,-0.0124280425915689,0.0337897977499115,0.0231089201707402,0.0462178403414804,rolling_conformal,-0.0110520974160978,0.0361623006113613,0.0236071990137295,0.0472143980274591,rolling_conformal,-0.0110520974160978,0.0361623006113613,0.0236071990137295,0.0472143980274591,rolling_conformal
FOMC_0070,2021-12-15,SPY_ret,0.0156,0.0040350362470626,0.0011137893669756,0.0014019134096255,0.0,1.0,0.0015878539431502,0.0020167539669288,0.0,1.0,0.0046396455998292,0.0072030497937349,0.0,1.0,0.0065192083276041,0.0086808717203156,8.673617379884035e-19,0.9999999999999998,0.0076293607982629,0.0113562191315077,0.0,1.0,0.0049400542228212,0.0076694341809299,0.0,1.0,0.9227487379945252,3.0,0.241377511958877,0.0078109980877122,0.0090538546487117,0.463152781602091,-0.0161550099498705,0.0189588367691216,0.017556923359496,0.0351138467189921,rolling_conformal,-0.0160194708666912,0.0200529788005489,0.01803622483362,0.0360724496672401,rolling_conformal,-0.0140607304119469,0.0284668299994168,0.0212637802056819,0.0425275604113638,rolling_conformal,-0.0096454624839266,0.0270072059245579,0.0183263342042423,0.0366526684084846,rolling_conformal,-0.0067213842732004,0.0294338225362159,0.0180776034047082,0.0361552068094164,rolling_conformal,-0.0209681747571581,0.0290382472512834,0.0250032110042207,0.0500064220084415,rolling_conformal,-0.0127185083520259,0.0280573767138857,0.0203879425329558,0.0407758850659117,rolling_conformal,-0.0120311719190393,0.0276531680944638,0.0198421700067516,0.0396843400135032,rolling_conformal,-0.0120311719190393,0.0276531680944638,0.0198421700067516,0.0396843400135032,rolling_conformal
FOMC_0070,2021-12-15,UUP_ret,-0.0015,-0.0001907610948791,-0.001518493589716,-0.0013666442307444,0.0,1.0,-1.5562075924576011e-06,-1.929518891292556e-06,0.0,1.0,-0.0013427782826078,-0.001208500454347,0.0,1.0,-0.0007009498807902,0.0009511201708431,0.0,1.0,-0.0006073214979317,-0.0009018724244286,0.0,1.0,-0.0011665833761069,-0.0010499250384962,0.0,1.0,0.9227487379945252,3.0,0.2049870221608637,-0.0009611883381607,0.003199721237858,0.2310062284550228,-0.0134122401796858,0.010678951718197,0.0120455959489414,0.0240911918978829,rolling_conformal,-0.0111326244238494,0.0111287653860668,0.0111306949049581,0.0222613898099162,rolling_conformal,-0.0125920365813317,0.0101750356726375,0.0113835361269846,0.0227670722539693,rolling_conformal,-0.0112863676119879,0.0131886079536742,0.0122374877828311,0.0244749755656622,rolling_conformal,-0.0132497229940652,0.011445978145208,0.0123478505696366,0.0246957011392733,rolling_conformal,-0.0116858461088553,0.0113043239190971,0.0114950850139762,0.0229901700279525,rolling_conformal,-0.0127773879802548,0.0106775379032623,0.0117274629417585,0.0234549258835171,rolling_conformal,-0.0116366382227341,0.0097142615464125,0.0106754498845733,0.0213508997691466,rolling_conformal,-0.0116366382227341,0.0097142615464125,0.0106754498845733,0.0213508997691466,rolling_conformal
FOMC_0068,2022-01-26,GLD_ret,-0.0162,0.0026212767094815,0.0062128150695836,0.0081474886950033,0.0,1.0,0.0066547782857488,0.0107807408229131,0.0,1.0,0.0090980095300559,0.0081882085770503,0.0,1.0,0.0074790723562633,0.0067311651206369,0.0,1.0,0.0044849754130172,0.0063694019697348,0.0,1.0,0.0075279947738262,0.0067751952964436,8.673617379884035e-19,0.9999999999999998,0.9093657595762178,3.0,0.2162696838947808,0.00705219436406,0.0058608255391198,0.5461308784178819,-0.016572188520963,0.0328671659109697,0.0247196772159663,0.0494393544319327,rolling_conformal,-0.0130374316483109,0.0345989132941373,0.0238181724712241,0.0476363449424483,rolling_conformal,-0.0197556829891625,0.0361321001432632,0.0279438915662129,0.0558877831324258,rolling_conformal,-0.0192070415271888,0.0326693717684628,0.0259382066478258,0.0518764132956516,rolling_conformal,-0.016570455069184,0.0293092590086536,0.0229398570389188,0.0458797140778376,rolling_conformal,-0.0194665777869276,0.0247091312058908,0.0220878544964092,0.0441757089928184,rolling_conformal,-0.0197189680565547,0.0332693586494419,0.0264941633529983,0.0529883267059967,rolling_conformal,-0.0167919419375052,0.0308963306656252,0.0238441363015652,0.0476882726031304,rolling_conformal,-0.0167919419375052,0.0308963306656252,0.0238441363015652,0.0476882726031304,rolling_conformal
FOMC_0068,2022-01-26,QQQ_ret,-0.0016,0.0131818274940756,0.0057524589056514,0.0051772130150862,0.0,1.0,0.0282170013438848,0.0344031547805454,0.0,1.0,0.0098396555156796,0.0166044186827094,0.0,1.0,0.0091012522027083,0.0142080978666024,0.0,1.0,0.020308394115572,0.0321318543888204,0.0,1.0,0.0081268354950889,0.0137140348979625,0.0,1.0,0.9093657595762178,3.0,0.2409015829094117,0.0169822816149126,0.0104240959320221,0.6196472112871371,-0.0224617270863395,0.0328161531165121,0.0276389401014258,0.0552778802028516,rolling_conformal,0.0086247565990883,0.0601815529620025,0.0257783981814571,0.0515567963629142,rolling_conformal,-0.0083706627266936,0.0415795000921125,0.0249750814094031,0.0499501628188062,rolling_conformal,-0.0119379933058953,0.0403541890391002,0.0261460911724978,0.0522921823449956,rolling_conformal,0.0088586221540638,0.0554050866235769,0.0232732322347565,0.046546464469513,rolling_conformal,-0.0202250535455832,0.0465887085337345,0.0334068810396589,0.0668137620793178,rolling_conformal,-0.0093948852727776,0.0368229550687028,0.0231089201707402,0.0462178403414804,rolling_conformal,-0.0066249173988169,0.0405894806286422,0.0236071990137295,0.0472143980274591,rolling_conformal,-0.0066249173988169,0.0405894806286422,0.0236071990137295,0.0472143980274591,rolling_conformal
FOMC_0068,2022-01-26,SPY_ret,-0.0025,0.0102610386327872,0.0082173927299245,0.0122309457989912,0.0,1.0,0.0288047781461783,0.0303557463670389,0.0,1.0,0.0170446950817246,0.0264618891143774,0.0,1.0,0.0144065231039576,0.0223661271188941,1.734723475976807e-18,0.9999999999999998,0.0190208409760077,0.029529855615252,0.0,1.0,0.0081586061498198,0.0126662360475953,0.0,1.0,0.9093657595762178,3.0,0.2461453499302395,0.0138853390715175,0.0091266329497794,0.6033964853034827,-0.0053259775605048,0.0297878691584872,0.017556923359496,0.0351138467189921,rolling_conformal,0.0123195215334189,0.048391971200659,0.01803622483362,0.0360724496672401,rolling_conformal,0.0051981089086955,0.0477256693200593,0.0212637802056819,0.0425275604113638,rolling_conformal,0.0040397929146518,0.0406924613231365,0.0183263342042423,0.0366526684084846,rolling_conformal,0.0114522522105437,0.0476074590199602,0.0180776034047082,0.0361552068094164,rolling_conformal,-0.0147421723714335,0.035264249637008,0.0250032110042207,0.0500064220084415,rolling_conformal,-0.0077217064853604,0.0330541785805512,0.0203879425329558,0.0407758850659117,rolling_conformal,-0.005956830935234,0.0337275090782691,0.0198421700067516,0.0396843400135032,rolling_conformal,-0.005956830935234,0.0337275090782691,0.0198421700067516,0.0396843400135032,rolling_conformal
FOMC_0068,2022-01-26,UUP_ret,0.0054,-0.0011465952847621,-0.0007795211027207,-0.0011338080505816,0.0,1.0,-5.926234361537112e-05,-8.663481128798507e-05,0.0,1.0,-0.0013734756966819,-0.0020256006637587,0.0,1.0,-0.0001925986759362,-0.0002770273908524,0.0,1.0,-0.0001864078806635,-0.0002768157027853,0.0,1.0,-0.0008258184935969,-0.0012263404629914,0.0,1.0,0.9093657595762178,3.0,0.2066189817138168,-0.001330849955016,0.0031988318180235,0.2938080606140225,-0.0131794039995231,0.0109117878983597,0.0120455959489414,0.0240911918978829,rolling_conformal,-0.0112173297162461,0.0110440600936701,0.0111306949049581,0.0222613898099162,rolling_conformal,-0.0134091367907434,0.0093579354632258,0.0113835361269846,0.0227670722539693,rolling_conformal,-0.0125145151736835,0.0119604603919786,0.0122374877828311,0.0244749755656622,rolling_conformal,-0.012624666272422,0.0120710348668513,0.0123478505696366,0.0246957011392733,rolling_conformal,-0.0126416802987384,0.010348489729214,0.0114950850139762,0.0229901700279525,rolling_conformal,-0.01295380340475,0.0105011224787671,0.0117274629417585,0.0234549258835171,rolling_conformal,-0.0120062998395894,0.0093445999295572,0.0106754498845733,0.0213508997691466,rolling_conformal,-0.0120062998395894,0.0093445999295572,0.0106754498845733,0.0213508997691466,rolling_conformal
FOMC_0065,2022-03-16,GLD_ret,0.0063,0.0110697846220204,-0.0072236700557955,-0.0105142477425424,0.0,1.0,0.0001328895027597,0.0001196005524837,0.0,1.0,-0.0012695238936017,-0.0019235147454176,0.0,1.0,0.0024622127906472,-0.0032830881677359,0.0,1.0,0.0008684528949531,-0.0012241983190239,1.0842021724855044e-19,0.9999999999999998,-0.0034377776437811,-0.003093999879403,0.0,1.0,0.9373582599094428,3.0,0.3,0.0013861625652288,0.0058674237106246,0.1911014223169927,-0.0352339249585088,0.0142054294734239,0.0247196772159663,0.0494393544319327,rolling_conformal,-0.0242500635384412,0.0244892646434088,0.024369664090925,0.0487393281818501,rolling_conformal,-0.0298674063116305,0.0260203768207952,0.0279438915662129,0.0558877831324258,rolling_conformal,-0.0292212948155617,0.0226551184800898,0.0259382066478258,0.0518764132956516,rolling_conformal,-0.0241640553579427,0.0217156587198949,0.0229398570389188,0.0458797140778376,rolling_conformal,-0.0110180698743888,0.0331576391184296,0.0220878544964092,0.0441757089928184,rolling_conformal,-0.0295881632324013,0.0234001634735953,0.0264941633529983,0.0529883267059967,rolling_conformal,-0.0224579737363364,0.025230298866794,0.0238441363015652,0.0476882726031304,rolling_conformal,-0.0224579737363364,0.025230298866794,0.0238441363015652,0.0476882726031304,rolling_conformal
FOMC_0065,2022-03-16,QQQ_ret,0.0371,0.0332879363564445,0.0019840237042177,-0.0028595701246265,0.0,1.0,0.0041628885459303,0.0037465996913373,0.0,1.0,0.0035036964388011,0.0053324323744613,0.0,1.0,0.0035863884123261,-0.0052940944896625,0.0,1.0,0.0045837821649302,-0.0067360514187901,0.0,1.0,0.0024522973149933,-0.0038309389457913,0.0,1.0,0.9373582599094428,3.0,0.3082299401532772,0.0095127622089672,0.0104008067475556,0.4777027891237607,-0.0304985102260524,0.0247793699767992,0.0276389401014258,0.0552778802028516,rolling_conformal,-0.0224088509713142,0.0299020503539889,0.0261554506626515,0.0523109013253031,rolling_conformal,-0.0196426490349417,0.0303075137838644,0.0249750814094031,0.0499501628188062,rolling_conformal,-0.0314401856621603,0.0208519966828352,0.0261460911724978,0.0522921823449956,rolling_conformal,-0.0361204077844116,0.0226483049468312,0.0293843563656214,0.0587687127312429,rolling_conformal,-0.0001189446832143,0.0666948173961034,0.0334068810396589,0.0668137620793178,rolling_conformal,-0.0269398591165315,0.0192779812249488,0.0231089201707402,0.0462178403414804,rolling_conformal,-0.0140944368047623,0.0331199612226968,0.0236071990137295,0.0472143980274591,rolling_conformal,-0.0140944368047623,0.0331199612226968,0.0236071990137295,0.0472143980274591,rolling_conformal
FOMC_0065,2022-03-16,SPY_ret,0.0222,0.023487174143865,-0.010230836035843,-0.0158833729456463,0.0,1.0,0.0001446766725222,-0.0002246105340907,0.0,1.0,0.007904689998017,0.0114707391119873,0.0,1.0,-0.0085300499296924,-0.0132429025158475,0.0,1.0,-0.0018220007638833,-0.0028286561859289,0.0,1.0,0.0003085510790058,-0.0004600247683378,0.0,1.0,0.9373582599094428,3.0,0.25,0.0063557912036697,0.0091079205090953,0.4110136823286944,-0.0334402963051423,0.0016735504138497,0.017556923359496,0.0351138467189921,rolling_conformal,-0.0182608353677108,0.0178116142995293,0.01803622483362,0.0360724496672401,rolling_conformal,-0.0110163749489897,0.0339578531729644,0.022487114060977,0.0449742281219541,rolling_conformal,-0.0317070122617313,0.0052212072300363,0.0184641097458838,0.0369282194917676,rolling_conformal,-0.021940373987921,0.0162830616160631,0.0191117178019921,0.0382234356039842,rolling_conformal,-0.0015160368603557,0.0484903851480858,0.0250032110042207,0.0500064220084415,rolling_conformal,-0.0208479673012937,0.0199279177646179,0.0203879425329558,0.0407758850659117,rolling_conformal,-0.0134863788030818,0.0261979612104214,0.0198421700067516,0.0396843400135032,rolling_conformal,-0.0134863788030818,0.0261979612104214,0.0198421700067516,0.0396843400135032,rolling_conformal
FOMC_0065,2022-03-16,UUP_ret,-0.0072,-0.0081569571345916,0.0004270322998489,0.000384329069864,0.0,1.0,-0.0016035244302786,0.0019608570151086,2.1684043449710093e-19,0.9999999999999998,-0.0009155010853265,0.0012620561235709,0.0,1.0,2.7865021850024528e-05,-3.469751682617479e-05,0.0,1.0,-0.0004025978668824,0.0005978578323204,5.421010862427522e-20,0.9999999999999998,-0.0002780083333617,0.0003680407961398,0.0,1.0,0.9373582599094428,3.0,0.3224664259218719,-0.0026190832993319,0.0031761645108526,0.4519373227415582,-0.0116612668790774,0.0124299250188055,0.0120455959489414,0.0240911918978829,rolling_conformal,-0.0091698378898494,0.0130915519200668,0.0111306949049581,0.0222613898099162,rolling_conformal,-0.0101214800034137,0.0126455922505555,0.0113835361269846,0.0227670722539693,rolling_conformal,-0.0122721852996572,0.0122027902660049,0.0122374877828311,0.0244749755656622,rolling_conformal,-0.0117499927373162,0.012945708401957,0.0123478505696366,0.0246957011392733,rolling_conformal,-0.0196520421485679,0.0033381278793845,0.0114950850139762,0.0229901700279525,rolling_conformal,-0.0113594221456187,0.0120955037378984,0.0117274629417585,0.0234549258835171,rolling_conformal,-0.0132945331839052,0.0080563665852413,0.0106754498845733,0.0213508997691466,rolling_conformal,-0.0132945331839052,0.0080563665852413,0.0106754498845733,0.0213508997691466,rolling_conformal
FOMC_0063,2022-05-04,GLD_ret,0.0098,0.0099299668132343,-0.0004195104666832,-0.0006406287657821,5.421010862427522e-20,0.9999999999999998,0.0057597382290959,0.0093307759311354,0.0,1.0,0.0015772003046812,0.0025207875041729,0.0,1.0,0.0015612053031189,0.0022392517557534,0.0,1.0,0.0028567284595125,0.0046279001044102,0.0,1.0,0.001413570966334,0.0020575150904093,0.0,1.0,0.9385000177963588,3.0,0.3,0.0053031007287082,0.0058723471457331,0.4745318525907211,-0.0253603059817484,0.0240790484501842,0.0247196772159663,0.0494393544319327,rolling_conformal,-0.0150388881597896,0.0337004400220604,0.024369664090925,0.0487393281818501,rolling_conformal,-0.0254231040620399,0.0304646790703858,0.0279438915662129,0.0558877831324258,rolling_conformal,-0.0236989548920723,0.0281774584035793,0.0259382066478258,0.0518764132956516,rolling_conformal,-0.0183119569345085,0.027567757143329,0.0229398570389188,0.0458797140778376,rolling_conformal,-0.0121578876831748,0.0320178213096436,0.0220878544964092,0.0441757089928184,rolling_conformal,-0.024436648262589,0.0285516784434076,0.0264941633529983,0.0529883267059967,rolling_conformal,-0.018541035572857,0.0291472370302734,0.0238441363015652,0.0476882726031304,rolling_conformal,-0.018541035572857,0.0291472370302734,0.0238441363015652,0.0476882726031304,rolling_conformal
FOMC_0063,2022-05-04,QQQ_ret,0.0338,0.0340324703879813,0.0065908892137197,0.0059318002923477,8.673617379884035e-19,0.9999999999999998,0.0053423534706587,0.0083923352194336,0.0,1.0,0.0069827129755719,0.0113285809364985,8.673617379884035e-19,0.9999999999999998,0.0098842020197541,-0.0142089867088235,0.0,1.0,0.0096724853305478,0.008705236797493,0.0,1.0,0.0085874297936022,-0.0128554663173568,0.0,1.0,0.9385000177963588,3.0,0.3098587679097157,0.0020914649749849,0.0107247286212752,0.1631898993548499,-0.0223361240112087,0.0341997245959043,0.0282679243035565,0.0565358486071131,rolling_conformal,-0.0214831306532276,0.0382678010920949,0.0298754658726613,0.0597509317453226,rolling_conformal,-0.0152736903231618,0.037930852196159,0.0266022712596604,0.0532045425193209,rolling_conformal,-0.0407090287672252,0.012291055349578,0.0265000420584016,0.0530000841168033,rolling_conformal,-0.0247891515065543,0.0421996251015405,0.0334943883040474,0.0669887766080948,rolling_conformal,0.0006255893483224,0.0674393514276402,0.0334068810396589,0.0668137620793178,rolling_conformal,-0.0378514547336761,0.0121405220989623,0.0249959884163192,0.0499919768326384,rolling_conformal,-0.0239124017874508,0.0280953317374207,0.0260038667624357,0.0520077335248715,rolling_conformal,-0.0239124017874508,0.0280953317374207,0.0260038667624357,0.0520077335248715,rolling_conformal
FOMC_0063,2022-05-04,SPY_ret,0.0305,0.0203553409437816,0.0003382602337535,0.0003044342103781,0.0,1.0,0.0085090228529769,-0.0110166865879497,0.0,1.0,0.0038287070661017,-0.0058512389598668,0.0,1.0,-0.0046509561294647,-0.0071795926264013,0.0,1.0,0.0020811412536885,-0.0031251387998161,0.0,1.0,0.0062117066231931,-0.0096436745325073,0.0,1.0,0.9385000177963588,3.0,0.25,-0.0024655087629503,0.0092664615145156,0.2101536743703861,-0.0208035717266838,0.0214124401474401,0.021108005937062,0.042216011874124,rolling_conformal,-0.0312826317120026,0.0092492585361031,0.0202659451240529,0.0405318902481058,rolling_conformal,-0.0283383530208439,0.0166358751011102,0.022487114060977,0.0449742281219541,rolling_conformal,-0.0259487027134169,0.0115895174606142,0.0187691100870155,0.0375382201740311,rolling_conformal,-0.0223699219077916,0.0161196443081592,0.0192447831079754,0.0384895662159508,rolling_conformal,-0.0046478700604391,0.0453585519480023,0.0250032110042207,0.0500064220084415,rolling_conformal,-0.0323036993008452,0.0130163502358304,0.0226600247683378,0.0453200495366757,rolling_conformal,-0.022307678769702,0.0173766612438012,0.0198421700067516,0.0396843400135032,rolling_conformal,-0.022307678769702,0.0173766612438012,0.0198421700067516,0.0396843400135032,rolling_conformal
FOMC_0063,2022-05-04,UUP_ret,-0.0083,-0.007764033433653,-0.0004087245148777,-0.0004983797199513,5.421010862427522e-20,0.9999999999999998,-0.0033349083285065,0.0043015625227105,0.0,1.0,-0.0012087738946071,0.0015226172320352,0.0,1.0,-0.0005682048780714,0.0008437842439361,0.0,1.0,-0.0026217143090998,0.0033215146751406,0.0,1.0,-0.0004015504654081,0.0005239945894586,5.421010862427522e-20,0.9999999999999998,0.9385000177963588,3.0,0.3217383337650528,-0.0023568399105849,0.0031996345103777,0.4241620658007025,-0.0125439756688928,0.0115472162289901,0.0120455959489414,0.0240911918978829,rolling_conformal,-0.0068291323822476,0.0154322574276686,0.0111306949049581,0.0222613898099162,rolling_conformal,-0.0098609188949493,0.0129061533590199,0.0113835361269846,0.0227670722539693,rolling_conformal,-0.011393703538895,0.0130812720267672,0.0122374877828311,0.0244749755656622,rolling_conformal,-0.009026335894496,0.0156693652447773,0.0123478505696366,0.0246957011392733,rolling_conformal,-0.0192591184476293,0.0037310515803232,0.0114950850139762,0.0229901700279525,rolling_conformal,-0.0112034683522999,0.0122514575312172,0.0117274629417585,0.0234549258835171,rolling_conformal,-0.0130322897951582,0.0083186099739883,0.0106754498845733,0.0213508997691466,rolling_conformal,-0.0130322897951582,0.0083186099739883,0.0106754498845733,0.0213508997691466,rolling_conformal
FOMC_0061,2022-06-15,GLD_ret,0.0131,0.0087672054919873,0.0038850912601164,0.0062800861371262,0.0,1.0,0.0064318072236448,0.0088685130651177,8.673617379884035e-19,0.9999999999999998,0.0019969313342466,0.0030505379947348,0.0,1.0,0.0037091197233072,0.0060087739517576,0.0,1.0,0.0055958185499314,0.0090652260508889,0.0,1.0,0.0021614956426856,0.0035016229411507,0.0,1.0,0.9469397126462308,3.0,0.3,0.006097557247682,0.0058838651412145,0.5089180533483432,-0.01843959107884,0.0309997633530926,0.0247196772159663,0.0494393544319327,rolling_conformal,-0.0155011510258073,0.0332381771560428,0.024369664090925,0.0487393281818501,rolling_conformal,-0.0237616001341368,0.0298626761236066,0.0268121381288717,0.0536242762577435,rolling_conformal,-0.0180767334542435,0.0300942813577589,0.0240855074060012,0.0481710148120024,rolling_conformal,-0.0135041759188458,0.0316346280206237,0.0225694019697348,0.0451388039394696,rolling_conformal,-0.0133206490044218,0.0308550599883966,0.0220878544964092,0.0441757089928184,rolling_conformal,-0.0194735723552928,0.0264768182375943,0.0229751952964436,0.0459503905928872,rolling_conformal,-0.0171546371163779,0.029349751611742,0.02325219436406,0.04650438872812,rolling_conformal,-0.0171546371163779,0.029349751611742,0.02325219436406,0.04650438872812,rolling_conformal
FOMC_0061,2022-06-15,QQQ_ret,0.0249,0.0375420807451737,0.0051740933986768,0.0077086364041878,0.0,1.0,0.0075923038297235,0.0123375652749024,8.673617379884035e-19,0.9999999999999998,0.0084186996006227,0.0141438904726393,0.0,1.0,0.0017240341931001,0.0015516307737901,0.0,1.0,0.0004292155430821,0.0003862939887738,0.0,1.0,-0.0050113486363978,-0.0068370402223584,0.0,1.0,0.9469397126462308,3.0,0.3331645506011795,0.009935637088581,0.0109826403473845,0.4749742118706272,-0.0205592878993686,0.0359765607077444,0.0282679243035565,0.0565358486071131,rolling_conformal,-0.0175379005977588,0.0422130311475637,0.0298754658726613,0.0597509317453226,rolling_conformal,-0.0124583807870211,0.0407461617322998,0.0266022712596604,0.0532045425193209,rolling_conformal,-0.0252808686100667,0.0283841301576469,0.0268324993838568,0.0536649987677137,rolling_conformal,-0.0331080943152735,0.0338806822928213,0.0334943883040474,0.0669887766080948,rolling_conformal,0.0041351997055148,0.0709489617848327,0.0334068810396589,0.0668137620793178,rolling_conformal,-0.0329713025374518,0.0192972220927349,0.0261342623150934,0.0522685246301868,rolling_conformal,-0.0173526374879264,0.0372239116650884,0.0272882745765074,0.0545765491530149,rolling_conformal,-0.0173526374879264,0.0372239116650884,0.0272882745765074,0.0545765491530149,rolling_conformal
FOMC_0061,2022-06-15,SPY_ret,0.0143,0.0263323270030886,0.0120564773778468,0.0108508296400621,0.0,1.0,0.0170961864392171,0.0239653813076939,0.0,1.0,0.0135074120247984,0.0209702571684995,1.734723475976807e-18,0.9999999999999998,0.0062551045844476,0.0095042107706607,8.673617379884035e-19,0.9999999999999998,0.0173212685776316,0.0268912694667731,0.0,1.0,0.0121767119524205,0.0189043453061329,0.0,1.0,0.9469397126462308,3.0,0.25,0.0238755418399276,0.0095441236370868,0.7144160288554826,-0.010327275368781,0.0320289346489054,0.0211781050088432,0.0423562100176864,rolling_conformal,0.0035497961376745,0.0443809664777133,0.0204155851700194,0.0408311703400388,rolling_conformal,-0.0018592925666283,0.0437998069036275,0.0228295497351279,0.0456590994702559,rolling_conformal,-0.0098628111880404,0.0288712327293619,0.0193670219587011,0.0387340439174023,rolling_conformal,0.0076464863587976,0.0461360525747485,0.0192447831079754,0.0384895662159508,rolling_conformal,0.0013291159988678,0.0513355380073093,0.0250032110042207,0.0500064220084415,rolling_conformal,-0.0037609501278611,0.0415696407401271,0.0226652954339941,0.0453305908679883,rolling_conformal,-0.0002610586702563,0.0480121423501117,0.024136600510184,0.0482732010203681,rolling_conformal,-0.0002610586702563,0.0480121423501117,0.024136600510184,0.0482732010203681,rolling_conformal
FOMC_0061,2022-06-15,UUP_ret,-0.0078,-0.0079672971774496,-0.0014920997104156,-0.0022157680699672,0.0,1.0,-0.0039291256177523,-0.0054978564758838,0.0,1.0,-0.0019702230499452,-0.0017732007449507,0.0,1.0,-0.001731647477655,-0.0023626729290118,0.0,1.0,-0.0035820795911543,-0.0053026776209063,4.336808689942019e-19,0.9999999999999998,-0.0023261604754871,-0.003207919874096,0.0,1.0,0.9469397126462308,3.0,0.3352031326695925,-0.0052836058613103,0.0032319709157107,0.6204640971504121,-0.0142613640189086,0.0098298278789742,0.0120455959489414,0.0240911918978829,rolling_conformal,-0.0171415021277429,0.0061457891759751,0.011643645651859,0.0232872913037181,rolling_conformal,-0.0131567368719353,0.0096103353820339,0.0113835361269846,0.0227670722539693,rolling_conformal,-0.0146001607118429,0.0098748148538193,0.0122374877828311,0.0244749755656622,rolling_conformal,-0.017650528190543,0.0070451729487303,0.0123478505696366,0.0246957011392733,rolling_conformal,-0.0194623821914259,0.0035277878365266,0.0114950850139762,0.0229901700279525,rolling_conformal,-0.0149353828158546,0.0085195430676625,0.0117274629417585,0.0234549258835171,rolling_conformal,-0.0159590557458837,0.0053918440232629,0.0106754498845733,0.0213508997691466,rolling_conformal,-0.0159590557458837,0.0053918440232629,0.0106754498845733,0.0213508997691466,rolling_conformal
FOMC_0060,2022-07-27,GLD_ret,0.0102,0.0004157293370278,0.0039395510356733,0.0063820726777907,0.0,1.0,0.0030170635301094,0.0044882034524824,0.0,1.0,0.00650832132792,0.005857489195128,0.0,1.0,0.0039901070038938,0.006463973346308,0.0,1.0,0.0048389655621868,0.0067666562868931,0.0,1.0,0.003407532626449,0.0047498324711844,0.0,1.0,0.9663555252673184,3.0,0.2787044548319868,0.0042502783439925,0.0058540950624327,0.4206380709276911,-0.0183376045381756,0.0311017498937571,0.0247196772159663,0.0494393544319327,rolling_conformal,-0.0198814606384425,0.0288578675434075,0.024369664090925,0.0487393281818501,rolling_conformal,-0.0209546489337436,0.0326696273239998,0.0268121381288717,0.0536242762577435,rolling_conformal,-0.0176215340596931,0.0305494807523093,0.0240855074060012,0.0481710148120024,rolling_conformal,-0.0158027456828416,0.0293360582566279,0.0225694019697348,0.0451388039394696,rolling_conformal,-0.0216721251593814,0.022503583833437,0.0220878544964092,0.0441757089928184,rolling_conformal,-0.0182253628252591,0.0277250277676281,0.0229751952964436,0.0459503905928872,rolling_conformal,-0.0190019160200675,0.0275024727080525,0.02325219436406,0.04650438872812,rolling_conformal,-0.0190019160200675,0.0275024727080525,0.02325219436406,0.04650438872812,rolling_conformal
FOMC_0060,2022-07-27,QQQ_ret,0.0422,-0.0076960036603387,0.0116119491173363,0.019173248399091,0.0,1.0,0.0088215971423942,0.01204118000083,0.0,1.0,0.0044931576179848,0.0040438418561863,0.0,1.0,0.0255783610246266,0.036282879770075,3.469446951953614e-18,0.9999999999999998,0.0202194092885119,0.0341202531743638,0.0,1.0,0.0164568824024398,0.0249551045109217,0.0,1.0,0.9663555252673184,3.0,0.2985120352000395,0.0190104446989776,0.0111061617582313,0.6312281037940816,-0.0090946759044655,0.0474411727026475,0.0282679243035565,0.0565358486071131,rolling_conformal,-0.0178342858718313,0.0419166458734913,0.0298754658726613,0.0597509317453226,rolling_conformal,-0.0225584294034741,0.0306461131158468,0.0266022712596604,0.0532045425193209,rolling_conformal,0.0094503803862181,0.0631153791539319,0.0268324993838568,0.0536649987677137,rolling_conformal,0.0006258648703163,0.0676146414784112,0.0334943883040474,0.0669887766080948,rolling_conformal,-0.0411028846999977,0.0257108773793201,0.0334068810396589,0.0668137620793178,rolling_conformal,-0.0019608299151217,0.0518710389369652,0.0269159344260434,0.0538318688520869,rolling_conformal,-0.0082778298775298,0.0462987192754851,0.0272882745765074,0.0545765491530149,rolling_conformal,-0.0082778298775298,0.0462987192754851,0.0272882745765074,0.0545765491530149,rolling_conformal
FOMC_0060,2022-07-27,SPY_ret,0.026,-0.0071096817920509,0.0134551303616989,0.0205335569452283,0.0,1.0,0.0125562477699027,0.0113006229929125,1.734723475976807e-18,0.9999999999999998,0.0052549910738212,-0.0081583736421075,0.0,1.0,0.016925761361164,0.0262772445132072,0.0,1.0,0.0207132512634115,0.0312024312954936,0.0,1.0,0.0114673170111444,0.0178030096598017,0.0,1.0,0.9663555252673184,3.0,0.25,0.0133110623163644,0.0096080485011265,0.5807845956379762,-0.0006445480636148,0.0417116619540716,0.0211781050088432,0.0423562100176864,rolling_conformal,-0.0091149621771068,0.0317162081629319,0.0204155851700194,0.0408311703400388,rolling_conformal,-0.0309879233772354,0.0146711760930204,0.0228295497351279,0.0456590994702559,rolling_conformal,0.006910222554506,0.0456442664719083,0.0193670219587011,0.0387340439174023,rolling_conformal,0.0119576481875182,0.050447214403469,0.0192447831079754,0.0384895662159508,rolling_conformal,-0.0321128927962717,0.0178935292121698,0.0250032110042207,0.0500064220084415,rolling_conformal,-0.0048622857741923,0.0404683050937959,0.0226652954339941,0.0453305908679883,rolling_conformal,-0.0108255381938196,0.0374476628265484,0.024136600510184,0.0482732010203681,rolling_conformal,-0.0108255381938196,0.0374476628265484,0.024136600510184,0.0482732010203681,rolling_conformal
FOMC_0060,2022-07-27,UUP_ret,-0.0084,-0.0023511038407885,-0.0019871757367437,-0.0029509559690644,0.0,1.0,-0.0016740662349248,-0.0024518708224192,0.0,1.0,-0.0005536979275908,0.0006825341534945,0.0,1.0,-0.0020101858169283,-0.0018091672352354,0.0,1.0,-0.0012066860675685,0.0016518145669795,0.0,1.0,-0.0004212365012342,0.0005708674660905,0.0,1.0,0.9663555252673184,3.0,0.305449809986608,-0.0003538129258201,0.0032522632119802,0.0981182679224593,-0.0149965519180059,0.009094639979877,0.0120455959489414,0.0240911918978829,rolling_conformal,-0.0140955164742783,0.0091917748294398,0.011643645651859,0.0232872913037181,rolling_conformal,-0.01070100197349,0.0120660702804792,0.0113835361269846,0.0227670722539693,rolling_conformal,-0.0140466550180666,0.0104283205475956,0.0122374877828311,0.0244749755656622,rolling_conformal,-0.0106960360026571,0.0139996651366162,0.0123478505696366,0.0246957011392733,rolling_conformal,-0.0138461888547647,0.0091439811731877,0.0114950850139762,0.0229901700279525,rolling_conformal,-0.011156595475668,0.0122983304078491,0.0117274629417585,0.0234549258835171,rolling_conformal,-0.0110292628103935,0.0103216369587531,0.0106754498845733,0.0213508997691466,rolling_conformal,-0.0110292628103935,0.0103216369587531,0.0106754498845733,0.0213508997691466,rolling_conformal
FOMC_0057,2022-09-21,GLD_ret,0.0046,0.0004789685028811,0.0082912059919325,0.0134317537069307,0.0,1.0,0.0061473863320059,0.0099587658578495,0.0,1.0,0.0033525189517258,0.0054310807017959,4.336808689942019e-19,0.9999999999999998,0.0023598059821019,0.0038228856910051,0.0,1.0,0.0021771018095142,0.0035269049314131,0.0,1.0,0.002895606522349,0.0046908825662053,0.0,1.0,0.9868309055128386,3.0,0.3,0.0041127700166497,0.0058182008387473,0.4141363352256008,-0.0112879235090355,0.0381514309228971,0.0247196772159663,0.0494393544319327,rolling_conformal,-0.0144108982330754,0.0343284299487746,0.024369664090925,0.0487393281818501,rolling_conformal,-0.0213810574270758,0.0322432188306676,0.0268121381288717,0.0536242762577435,rolling_conformal,-0.020262621714996,0.0279083930970064,0.0240855074060012,0.0481710148120024,rolling_conformal,-0.0190424970383216,0.0260963069011479,0.0225694019697348,0.0451388039394696,rolling_conformal,-0.0216088859935281,0.0225668229992903,0.0220878544964092,0.0441757089928184,rolling_conformal,-0.0182843127302382,0.027666077862649,0.0229751952964436,0.0459503905928872,rolling_conformal,-0.0191394243474102,0.0273649643807097,0.02325219436406,0.04650438872812,rolling_conformal,-0.0191394243474102,0.0273649643807097,0.02325219436406,0.04650438872812,rolling_conformal
FOMC_0057,2022-09-21,QQQ_ret,-0.0179,0.0010609621584376,0.01873814610674,0.0316206215551238,0.0,1.0,0.0152922738110274,0.0258057120561087,0.0,1.0,0.0153138917972327,0.0244313417986552,1.734723475976807e-18,0.9999999999999998,0.0006710493394005,0.0011323957602384,0.0,1.0,0.005192587490131,0.008762491389596,0.0,1.0,0.0072316945649765,0.0114476290625598,0.0,1.0,0.9868309055128386,3.0,0.3112662467318327,0.010268262799075,0.0114615498515689,0.4725428718016119,0.0033526972515672,0.0598885458586804,0.0282679243035565,0.0565358486071131,rolling_conformal,-0.0043531079430611,0.0559645320552787,0.0301588199991699,0.0603176399983399,rolling_conformal,-0.0054999868112926,0.0543626704086032,0.0299313286099479,0.0598626572198958,rolling_conformal,-0.0257001036236183,0.0279648951440953,0.0268324993838568,0.0536649987677137,rolling_conformal,-0.0247318969144513,0.0422568796936435,0.0334943883040474,0.0669887766080948,rolling_conformal,-0.0354993761898101,0.0376213005066854,0.0365603383482478,0.0731206766964956,rolling_conformal,-0.0154683053634836,0.0383635634886033,0.0269159344260434,0.0538318688520869,rolling_conformal,-0.0170200117774324,0.0375565373755824,0.0272882745765074,0.0545765491530149,rolling_conformal,-0.0170200117774324,0.0375565373755824,0.0272882745765074,0.0545765491530149,rolling_conformal
FOMC_0057,2022-09-21,SPY_ret,-0.0174,-0.0012416408534364,0.0170863364646036,0.0263119784992419,0.0,1.0,0.017794061281165,0.0276252801390087,0.0,1.0,0.0127900606188905,0.0193957280795856,1.734723475976807e-18,0.9999999999999998,0.0071676554862173,0.0094373997606611,0.0,1.0,0.0064097215783672,0.0096151613704209,0.0,1.0,0.004783630838135,0.0066517696104685,0.0,1.0,0.9868309055128386,3.0,0.25,0.005380179543666,0.0097582016785881,0.3554003503197182,0.0051338734903987,0.0474900835080852,0.0211781050088432,0.0423562100176864,rolling_conformal,0.0072096949689893,0.0480408653090281,0.0204155851700194,0.0408311703400388,rolling_conformal,-0.0042435400123369,0.0430349961715083,0.0236392680919226,0.0472785361838452,rolling_conformal,-0.0099296221980399,0.0288044217193623,0.0193670219587011,0.0387340439174023,rolling_conformal,-0.0096296217375545,0.0288599444783963,0.0192447831079754,0.0384895662159508,rolling_conformal,-0.0294067521812978,0.0269234704744248,0.0281651113278613,0.0563302226557227,rolling_conformal,-0.0160135258235256,0.0293170650444626,0.0226652954339941,0.0453305908679883,rolling_conformal,-0.0187564209665179,0.0295167800538501,0.024136600510184,0.0482732010203681,rolling_conformal,-0.0187564209665179,0.0295167800538501,0.024136600510184,0.0482732010203681,rolling_conformal
FOMC_0057,2022-09-21,UUP_ret,0.0098,-0.0030140727782123,-0.0028997539930294,-0.0043061346796487,0.0,1.0,-0.0043730400102116,-0.0064939644151642,0.0,1.0,-0.003010343039222,-0.0037626586124314,0.0,1.0,-0.0025958502593039,-0.0038548376350663,0.0,1.0,-0.0039614172384185,-0.0058827045990515,0.0,1.0,-0.0029263786386738,-0.0039798787141811,0.0,1.0,0.9868309055128386,3.0,0.3441848218693508,-0.0040122092671642,0.003279307243916,0.5502577904732666,-0.0163517306285902,0.0077394612692926,0.0120455959489414,0.0240911918978829,rolling_conformal,-0.0181376100670233,0.0051496812366948,0.011643645651859,0.0232872913037181,rolling_conformal,-0.0151461947394161,0.0076208775145531,0.0113835361269846,0.0227670722539693,rolling_conformal,-0.0160923254178975,0.0083826501477647,0.0122374877828311,0.0244749755656622,rolling_conformal,-0.0182305551686882,0.006465145970585,0.0123478505696366,0.0246957011392733,rolling_conformal,-0.0145091577921886,0.0084810122357638,0.0114950850139762,0.0229901700279525,rolling_conformal,-0.0157073416559397,0.0077475842275774,0.0117274629417585,0.0234549258835171,rolling_conformal,-0.0146876591517376,0.006663240617409,0.0106754498845733,0.0213508997691466,rolling_conformal,-0.0146876591517376,0.006663240617409,0.0106754498845733,0.0213508997691466,rolling_conformal
FOMC_0055,2022-11-02,GLD_ret,-0.007,0.003913050798921,0.005728736518514,0.0092805531599927,0.0,1.0,0.003755264021789,0.0060835277152982,0.0,1.0,0.0025331811192478,0.0039346894308507,0.0,1.0,0.0008689791948074,0.001407746295588,0.0,1.0,-0.0001569378725357,0.0002542393535079,0.0,1.0,2.8762119187379977e-06,4.2550377442478355e-06,0.0,1.0,0.9870829550465928,3.0,0.3,0.0014122725193167,0.0058105102185608,0.1955313644693815,-0.0154391240559735,0.0340002303759591,0.0247196772159663,0.0494393544319327,rolling_conformal,-0.0182861363756267,0.0304531918062233,0.024369664090925,0.0487393281818501,rolling_conformal,-0.022877448698021,0.0307468275597225,0.0268121381288717,0.0536242762577435,rolling_conformal,-0.0226777611104132,0.0254932537015892,0.0240855074060012,0.0481710148120024,rolling_conformal,-0.0223151626162269,0.0228236413232427,0.0225694019697348,0.0451388039394696,rolling_conformal,-0.0181748036974882,0.0260009052953302,0.0220878544964092,0.0441757089928184,rolling_conformal,-0.0229709402586993,0.0229794503341878,0.0229751952964436,0.0459503905928872,rolling_conformal,-0.0218399218447432,0.0246644668833767,0.02325219436406,0.04650438872812,rolling_conformal,-0.0218399218447432,0.0246644668833767,0.02325219436406,0.04650438872812,rolling_conformal
FOMC_0055,2022-11-02,QQQ_ret,-0.0343,0.0050290060761098,0.0118178363216006,0.0189062524000984,0.0,1.0,0.009005924453724,0.0126886574830473,0.0,1.0,0.0065953865908697,0.0098617355275233,0.0,1.0,-0.0008479307920151,0.0012086685627614,0.0,1.0,-5.633756651530548e-05,9.00473226397692e-05,0.0,1.0,0.0031332986573284,0.004948193697301,0.0,1.0,0.9870829550465928,3.0,0.3247601528698318,0.0062180479222459,0.0115236627857639,0.3504765983289719,-0.0117512082060848,0.0495637130062817,0.0306574606061832,0.0613149212123665,rolling_conformal,-0.0193686314699087,0.0447459464360034,0.0320572889529561,0.0641145779059122,rolling_conformal,-0.0216948885181567,0.0414183595732034,0.0315566240456801,0.0631132480913602,rolling_conformal,-0.0256238308210954,0.0280411679466182,0.0268324993838568,0.0536649987677137,rolling_conformal,-0.0334043409814076,0.0335844356266872,0.0334943883040474,0.0669887766080948,rolling_conformal,-0.0315313322721379,0.0415893444243576,0.0365603383482478,0.0731206766964956,rolling_conformal,-0.0243994353652587,0.0342958227598609,0.0293476290625598,0.0586952581251197,rolling_conformal,-0.0213691898687867,0.0338052857132787,0.0275872377910327,0.0551744755820655,rolling_conformal,-0.0213691898687867,0.0338052857132787,0.0275872377910327,0.0551744755820655,rolling_conformal
FOMC_0055,2022-11-02,SPY_ret,-0.0251,0.0003671703568553,0.0069661631293961,0.0108149682583874,8.673617379884035e-19,0.9999999999999998,0.0133631292444582,0.0207462581520214,0.0,1.0,0.0103098696018898,0.0092788826417008,0.0,1.0,0.0052178715343476,0.0046960843809128,0.0,1.0,0.0002115600274538,0.0003024674066858,0.0,1.0,-0.0057144064577636,-0.0051429658119872,0.0,1.0,0.9870829550465928,3.0,0.25,-0.0043302465352431,0.0098204228014887,0.3060105053757222,-0.0173032080848729,0.0389331446016479,0.0281181763432604,0.0562363526865209,rolling_conformal,-0.0016783523820692,0.0431708686861121,0.0224246105340907,0.0448492210681814,rolling_conformal,-0.0169316525808246,0.0354894178642263,0.0262105352225255,0.052421070445051,rolling_conformal,-0.0177773404713178,0.0271695092331435,0.0224734248522307,0.0449468497044614,rolling_conformal,-0.0216938546785466,0.0222987894919183,0.0219963220852324,0.0439926441704649,rolling_conformal,-0.027797940971006,0.0285322816847167,0.0281651113278613,0.0563302226557227,rolling_conformal,-0.0286448466561432,0.0183589150321686,0.0235018808441559,0.0470037616883119,rolling_conformal,-0.0284668470454271,0.0198063539749409,0.024136600510184,0.0482732010203681,rolling_conformal,-0.0284668470454271,0.0198063539749409,0.024136600510184,0.0482732010203681,rolling_conformal
FOMC_0055,2022-11-02,UUP_ret,0.0043,-0.0011142601633565,-0.0008826458937542,-0.0012816640220772,0.0,1.0,-0.0015542846743046,-0.0013988562068742,0.0,1.0,-6.854574772863582e-05,0.000101790435377,0.0,1.0,-0.0011977765820397,-0.0016110861070609,0.0,1.0,-0.0017909440219019,0.0023439320465327,0.0,1.0,-0.0005029256073704,0.0007468445269451,0.0,1.0,0.9870829550465928,3.0,0.3210335973881056,0.0001643041324118,0.0033797212902841,0.0463635694382738,-0.0133272599710187,0.0107639319268642,0.0120455959489414,0.0240911918978829,rolling_conformal,-0.0130425018587332,0.0102447894449848,0.011643645651859,0.0232872913037181,rolling_conformal,-0.0112817456916076,0.0114853265623616,0.0113835361269846,0.0227670722539693,rolling_conformal,-0.013848573889892,0.0106264016757702,0.0122374877828311,0.0244749755656622,rolling_conformal,-0.0100039185231039,0.0146917826161693,0.0123478505696366,0.0246957011392733,rolling_conformal,-0.0126093451773328,0.0103808248506196,0.0114950850139762,0.0229901700279525,rolling_conformal,-0.0109806184148134,0.0124743074687037,0.0117274629417585,0.0234549258835171,rolling_conformal,-0.0105111457521614,0.0108397540169852,0.0106754498845733,0.0213508997691466,rolling_conformal,-0.0105111457521614,0.0108397540169852,0.0106754498845733,0.0213508997691466,rolling_conformal
FOMC_0054,2022-12-14,GLD_ret,-0.0024,0.00228775951591,0.0034400304239681,0.0055728492868283,0.0,1.0,0.0010447348271378,0.001615300827847,0.0,1.0,0.0006423135741195,-0.0008491457462308,0.0,1.0,0.0015123660416964,-0.0020774363148036,0.0,1.0,0.0013521219785668,-0.0019702053906528,0.0,1.0,0.0010894224525308,-0.001737586946017,0.0,1.0,0.9869931190403238,3.0,0.3,-0.0006359796089267,0.0057189810281203,0.1000775055071286,-0.019146827929138,0.0302925265027947,0.0247196772159663,0.0494393544319327,rolling_conformal,-0.022754363263078,0.025984964918772,0.024369664090925,0.0487393281818501,rolling_conformal,-0.0276612838751025,0.0259629923826409,0.0268121381288717,0.0536242762577435,rolling_conformal,-0.0261629437208049,0.0220080710911975,0.0240855074060012,0.0481710148120024,rolling_conformal,-0.0245396073603876,0.0205991965790819,0.0225694019697348,0.0451388039394696,rolling_conformal,-0.0198000949804991,0.0243756140123193,0.0220878544964092,0.0441757089928184,rolling_conformal,-0.0247127822424607,0.0212376083504265,0.0229751952964436,0.0459503905928872,rolling_conformal,-0.0238881739729867,0.0226162147551333,0.02325219436406,0.04650438872812,rolling_conformal,-0.0238881739729867,0.0226162147551333,0.02325219436406,0.04650438872812,rolling_conformal
FOMC_0054,2022-12-14,QQQ_ret,-0.0074,-0.0044456668771736,0.0068617327719554,0.0101076919033539,8.673617379884035e-19,0.9999999999999998,0.00341362750399,0.003072264753591,4.336808689942019e-19,0.9999999999999998,0.0024164496773084,0.0021748047095776,0.0,1.0,-0.0020187454670423,0.0032329319742874,0.0,1.0,-0.0016201999671429,0.0027340874445538,0.0,1.0,0.0025539075835729,0.0039838756157429,0.0,1.0,0.9869931190403238,3.0,0.3202778884331144,0.001605099432068,0.0117895421454779,0.1198321152868764,-0.0216898779603299,0.0419052617670377,0.0317975698636838,0.0635951397273677,rolling_conformal,-0.0302811355550716,0.0364256650622536,0.0333534003086626,0.0667068006173253,rolling_conformal,-0.029592762915961,0.0339423723351162,0.0317675676255386,0.0635351352510773,rolling_conformal,-0.0255364463035855,0.0320023102521604,0.0287693782778729,0.0575387565557459,rolling_conformal,-0.0309977669442666,0.0364659418333742,0.0337318543888204,0.0674637087776408,rolling_conformal,-0.0413317586047861,0.0324404248504389,0.0368860917276125,0.073772183455225,rolling_conformal,-0.0277531646066155,0.0357209158381014,0.0317370402223584,0.0634740804447169,rolling_conformal,-0.0265631633670069,0.029773362231143,0.028168262799075,0.05633652559815,rolling_conformal,-0.0265631633670069,0.029773362231143,0.028168262799075,0.05633652559815,rolling_conformal
FOMC_0054,2022-12-14,SPY_ret,-0.0064,-0.0062174463403935,0.0015309420540955,0.0019535403670805,0.0,1.0,0.0057908540677063,0.0052117686609357,0.0,1.0,-0.0021643508213,-0.0033601546500683,0.0,1.0,0.012328630996099,0.0168601991534854,0.0,1.0,0.0103790486435006,0.0155060865622669,0.0,1.0,0.0077856496882842,0.0103079127872373,0.0,1.0,0.9869931190403238,3.0,0.25,0.0071030589561291,0.0099513102654876,0.4164953097281795,-0.0266020945696398,0.0305091753038009,0.0285556349367203,0.0571112698734407,rolling_conformal,-0.0276439777061032,0.0380675150279746,0.0328557463670389,0.0657114927340779,rolling_conformal,-0.0304092596863465,0.0236889503862098,0.0270491050362781,0.0540982100725563,rolling_conformal,-0.0080059279654087,0.0417263262723795,0.0248661271188941,0.0497322542377883,rolling_conformal,-0.008910876231512,0.0399230493560458,0.0244169627937789,0.0488339255875579,rolling_conformal,-0.0343825576682549,0.0219476649874678,0.0281651113278613,0.0563302226557227,rolling_conformal,-0.0131939680569185,0.0338097936313933,0.0235018808441559,0.0470037616883119,rolling_conformal,-0.0170335415540549,0.0312396594663131,0.024136600510184,0.0482732010203681,rolling_conformal,-0.0170335415540549,0.0312396594663131,0.024136600510184,0.0482732010203681,rolling_conformal
FOMC_0054,2022-12-14,UUP_ret,-0.0046,0.0020200804520233,-0.000636739433157,-0.0005730654898413,0.0,1.0,-0.0011594288833491,0.0017217518917734,0.0,1.0,0.0005535278078261,0.0008219887946218,0.0,1.0,-0.0016375402446053,-0.0014737862201448,0.0,1.0,-0.0019297656798102,0.0028657020345181,0.0,1.0,-0.0002592423616329,0.0003849749070248,0.0,1.0,0.9869931190403238,3.0,0.3295281249284754,0.0010161669884612,0.0033103306481377,0.2348723436577647,-0.0126186614387828,0.0114725304591,0.0120455959489414,0.0240911918978829,rolling_conformal,-0.0099218937600856,0.0133653975436325,0.011643645651859,0.0232872913037181,rolling_conformal,-0.0105615473323628,0.0122055249216064,0.0113835361269846,0.0227670722539693,rolling_conformal,-0.0137112740029759,0.0107637015626863,0.0122374877828311,0.0244749755656622,rolling_conformal,-0.0094821485351185,0.0152135526041548,0.0123478505696366,0.0246957011392733,rolling_conformal,-0.0094750045619529,0.0135151654659995,0.0114950850139762,0.0229901700279525,rolling_conformal,-0.0113424880347337,0.0121124378487834,0.0117274629417585,0.0234549258835171,rolling_conformal,-0.0096592828961121,0.0116916168730345,0.0106754498845733,0.0213508997691466,rolling_conformal,-0.0096592828961121,0.0116916168730345,0.0106754498845733,0.0213508997691466,rolling_conformal
FOMC_0052,2023-02-01,GLD_ret,0.0126,0.0145648276388954,0.0001069403722507,9.624633502566736e-05,1.3552527156068804e-20,0.9999999999999998,0.0010050698265537,0.0009045628438983,0.0,1.0,-0.0012994354231688,0.0017469631695292,0.0,1.0,0.0017100795333333,0.0025978845652504,0.0,1.0,0.0022036637978497,0.0019832974180647,0.0,1.0,0.0001630359597229,0.0001467323637506,0.0,1.0,0.9005878301588848,3.0,0.2417780372772562,0.0043592533687819,0.0057160227431318,0.432668940649461,-0.0246234308809407,0.024815923550992,0.0247196772159663,0.0494393544319327,rolling_conformal,-0.0234651012470267,0.0252742269348234,0.024369664090925,0.0487393281818501,rolling_conformal,-0.0250651749593425,0.0285591012984009,0.0268121381288717,0.0536242762577435,rolling_conformal,-0.0212675958241616,0.0264633649546625,0.023865480389412,0.0477309607788241,rolling_conformal,-0.02058610455167,0.0245526993877995,0.0225694019697348,0.0451388039394696,rolling_conformal,-0.0065495015312565,0.0356791568090473,0.0211143291701519,0.0422286583403039,rolling_conformal,-0.0228284629326929,0.0231219276601942,0.0229751952964436,0.0459503905928872,rolling_conformal,-0.0180611421804423,0.0267796489180062,0.0224203955492242,0.0448407910984485,rolling_conformal,-0.0180611421804423,0.0267796489180062,0.0224203955492242,0.0448407910984485,rolling_conformal
FOMC_0052,2023-02-01,QQQ_ret,0.0214,0.0017333646727389,0.0052354561399103,0.0047119105259193,0.0,1.0,0.0042556048351805,-0.0059659367977157,0.0,1.0,0.0057254357189134,0.0051528921470221,0.0,1.0,-0.0072411903232059,-0.0065170712908853,0.0,1.0,-0.0044887322255452,0.0062274393326162,0.0,1.0,0.0010446705869886,0.0009402035282897,0.0,1.0,0.9005878301588848,3.0,0.1728615946504471,0.0013466382856675,0.0117946050802898,0.1024748742122301,-0.0270856593377645,0.0365094803896032,0.0317975698636838,0.0635951397273677,rolling_conformal,-0.0393193371063783,0.0273874635109469,0.0333534003086626,0.0667068006173253,rolling_conformal,-0.0266146754785165,0.0369204597725607,0.0317675676255386,0.0635351352510773,rolling_conformal,-0.0352864495687583,0.0222523069869875,0.0287693782778729,0.0575387565557459,rolling_conformal,-0.0275044150562042,0.0399592937214366,0.0337318543888204,0.0674637087776408,rolling_conformal,-0.0351527270548736,0.0386194564003514,0.0368860917276125,0.073772183455225,rolling_conformal,-0.0307968366940686,0.0326772437506482,0.0317370402223584,0.0634740804447169,rolling_conformal,-0.0268216245134074,0.0295149010847425,0.028168262799075,0.05633652559815,rolling_conformal,-0.0268216245134074,0.0295149010847425,0.028168262799075,0.05633652559815,rolling_conformal
FOMC_0052,2023-02-01,SPY_ret,0.0106,-0.0036744109346575,0.0058471842975436,0.009058024455108,0.0,1.0,-0.0010014439468071,0.0012743711460255,0.0,1.0,0.0023684331982126,-0.0033629947002031,0.0,1.0,0.0080061914536107,0.010028956457303,0.0,1.0,0.0110823411023006,0.0099741069920705,0.0,1.0,0.0095944989773779,0.0120904582089702,0.0,1.0,0.9005878301588848,3.0,0.18536408959026,0.0105434502315499,0.0099563246230725,0.5143205309870605,-0.0194976104816123,0.0376136593918283,0.0285556349367203,0.0571112698734407,rolling_conformal,-0.0315813752210134,0.0341301175130645,0.0328557463670389,0.0657114927340779,rolling_conformal,-0.0304120997364813,0.023686110336075,0.0270491050362781,0.0540982100725563,rolling_conformal,-0.0148371706615911,0.0348950835761971,0.0248661271188941,0.0497322542377883,rolling_conformal,-0.0144428558017084,0.0343910697858495,0.0244169627937789,0.0488339255875579,rolling_conformal,-0.0318395222625189,0.0244907003932038,0.0281651113278613,0.0563302226557227,rolling_conformal,-0.0114114226351857,0.0355923390531262,0.0235018808441559,0.0470037616883119,rolling_conformal,-0.0135931502786341,0.0346800507417339,0.024136600510184,0.0482732010203681,rolling_conformal,-0.0135931502786341,0.0346800507417339,0.024136600510184,0.0482732010203681,rolling_conformal
FOMC_0052,2023-02-01,UUP_ret,-0.0095,-0.0062135632092415,-0.0018117101258857,-0.002550912880855,0.0,1.0,-0.0014534475319053,0.0018235258740095,0.0,1.0,-0.0002455991284656,0.0003320106226825,0.0,1.0,-0.0024684040244115,-0.003665579976251,0.0,1.0,-0.0016455343859622,0.0021135848759861,0.0,1.0,-0.000459297599109,0.0005901871924805,0.0,1.0,0.9005878301588848,3.0,0.2505323958665827,-0.0012258099661952,0.0033102001450063,0.2702412987914447,-0.0145965088297964,0.0094946830680864,0.0120455959489414,0.0240911918978829,rolling_conformal,-0.0098201197778494,0.0134671715258686,0.011643645651859,0.0232872913037181,rolling_conformal,-0.0110515255043021,0.0117155467496671,0.0113835361269846,0.0227670722539693,rolling_conformal,-0.0159030677590822,0.00857190780658,0.0122374877828311,0.0244749755656622,rolling_conformal,-0.0102342656936504,0.0144614354456228,0.0123478505696366,0.0246957011392733,rolling_conformal,-0.0177086482232178,0.0052815218047346,0.0114950850139762,0.0229901700279525,rolling_conformal,-0.011137275749278,0.0123176501342391,0.0117274629417585,0.0234549258835171,rolling_conformal,-0.0119012598507685,0.0094496399183781,0.0106754498845733,0.0213508997691466,rolling_conformal,-0.0119012598507685,0.0094496399183781,0.0106754498845733,0.0213508997691466,rolling_conformal
FOMC_0050,2023-03-22,GLD_ret,0.017,0.0103076983099932,0.0057165935392748,0.008552633679517,0.0,1.0,0.0109649744114042,0.0177632585464749,0.0,1.0,0.0108935591457258,-0.0168462077412868,0.0,1.0,0.0060272633107986,0.0095340095494703,0.0,1.0,0.0096443975394736,0.0156239240139472,0.0,1.0,0.0100737061398232,0.0150272662648475,0.0,1.0,0.9493059848964752,3.0,0.2991011226905327,0.0163387658291236,0.0056474887339418,0.7431355964200937,-0.0161670435364493,0.0332723108954834,0.0247196772159663,0.0494393544319327,rolling_conformal,-0.0066064055444501,0.0421329226373999,0.024369664090925,0.0487393281818501,rolling_conformal,-0.0436583458701585,0.0099659303875849,0.0268121381288717,0.0536242762577435,rolling_conformal,-0.0143314708399416,0.0333994899388824,0.023865480389412,0.0477309607788241,rolling_conformal,-0.0069454779557875,0.0381933259836821,0.0225694019697348,0.0451388039394696,rolling_conformal,-0.0108066308601587,0.0314220274801451,0.0211143291701519,0.0422286583403039,rolling_conformal,-0.007947929031596,0.0380024615612911,0.0229751952964436,0.0459503905928872,rolling_conformal,-0.0060816297201006,0.0387591613783478,0.0224203955492242,0.0448407910984485,rolling_conformal,-0.0060816297201006,0.0387591613783478,0.0224203955492242,0.0448407910984485,rolling_conformal
FOMC_0050,2023-03-22,QQQ_ret,-0.0136,0.0040801247984811,0.0066681550349037,0.0060013395314134,8.673617379884035e-19,0.9999999999999998,-0.0246016546993773,-0.0382209204190209,0.0,1.0,-0.0439002977447513,-0.0386762338446974,0.0,1.0,0.0024144360329719,-0.0035458255897205,0.0,1.0,-0.0084592297699487,-0.0076133067929538,0.0,1.0,-0.0264484600022294,-0.0382983033045843,0.0,1.0,0.9493059848964752,3.0,0.2788477495251495,-0.0331014674995389,0.0118793948078174,0.7359011909185533,-0.0257962303322704,0.0377989093950972,0.0317975698636838,0.0635951397273677,rolling_conformal,-0.0715743207276836,-0.0048675201103582,0.0333534003086626,0.0667068006173253,rolling_conformal,-0.0704438014702361,-0.0069086662191588,0.0317675676255386,0.0635351352510773,rolling_conformal,-0.0323152038675935,0.0252235526881524,0.0287693782778729,0.0575387565557459,rolling_conformal,-0.0413451611817743,0.0261185475958665,0.0337318543888204,0.0674637087776408,rolling_conformal,-0.0328059669291313,0.0409662165260937,0.0368860917276125,0.073772183455225,rolling_conformal,-0.0700353435269427,-0.0065612630822258,0.0317370402223584,0.0634740804447169,rolling_conformal,-0.0612697302986139,-0.0049332047004639,0.028168262799075,0.05633652559815,rolling_conformal,-0.0612697302986139,-0.0049332047004639,0.028168262799075,0.05633652559815,rolling_conformal
FOMC_0050,2023-03-22,SPY_ret,-0.017,0.0022658803199696,-0.0018613976608705,0.0028898198685014,2.1684043449710093e-19,0.9999999999999998,-0.013109111260424,0.0203518952318083,0.0,1.0,-0.0226540162528427,-0.0293593678267635,0.0,1.0,0.0019994568791251,0.0017995111912126,0.0,1.0,-0.0125167876299521,-0.0112651088669569,0.0,1.0,-0.0210022608145552,-0.0322337437926296,0.0,1.0,0.9493059848964752,3.0,0.25,-0.0271501634291517,0.0099670351158205,0.73147131730706,-0.0256658150682188,0.0314454548052218,0.0285556349367203,0.0571112698734407,rolling_conformal,-0.0125038511352306,0.0532076415988473,0.0328557463670389,0.0657114927340779,rolling_conformal,-0.0564084728630416,-0.0023102627904853,0.0270491050362781,0.0540982100725563,rolling_conformal,-0.0230666159276815,0.0266656383101068,0.0248661271188941,0.0497322542377883,rolling_conformal,-0.0356820716607359,0.013151853926822,0.0244169627937789,0.0488339255875579,rolling_conformal,-0.0258992310078917,0.030430991647831,0.0281651113278613,0.0563302226557227,rolling_conformal,-0.0557356246367855,-0.0087318629484736,0.0235018808441559,0.0470037616883119,rolling_conformal,-0.0512867639393358,-0.0030135629189677,0.024136600510184,0.0482732010203681,rolling_conformal,-0.0512867639393358,-0.0030135629189677,0.024136600510184,0.0482732010203681,rolling_conformal
FOMC_0050,2023-03-22,UUP_ret,-0.0075,-0.0062063438282301,-0.0022734906959319,-0.0033761336834589,0.0,1.0,-0.0045877577594319,-0.0068128202727564,0.0,1.0,-0.0050500029617252,-0.007499254398162,0.0,1.0,-0.001767543937257,-0.0026248027468266,0.0,1.0,-0.0034503135070491,-0.0050553989147879,4.336808689942019e-19,0.9999999999999998,-0.0040388918355029,-0.0059977543757218,0.0,1.0,0.9493059848964752,3.0,0.3253872821313633,-0.0066721894038302,0.0032798256051198,0.6704363582114962,-0.0154217296324004,0.0086694622654824,0.0120455959489414,0.0240911918978829,rolling_conformal,-0.0184564659246155,0.0048308253791026,0.011643645651859,0.0232872913037181,rolling_conformal,-0.0188827905251466,0.0038842817288226,0.0113835361269846,0.0227670722539693,rolling_conformal,-0.0148622905296577,0.0096126850360044,0.0122374877828311,0.0244749755656622,rolling_conformal,-0.0174032494844246,0.0072924516548487,0.0123478505696366,0.0246957011392733,rolling_conformal,-0.0177014288422063,0.0052887411857461,0.0114950850139762,0.0229901700279525,rolling_conformal,-0.0177252173174804,0.0057297085660367,0.0117274629417585,0.0234549258835171,rolling_conformal,-0.0173476392884036,0.004003260480743,0.0106754498845733,0.0213508997691466,rolling_conformal,-0.0173476392884036,0.004003260480743,0.0106754498845733,0.0213508997691466,rolling_conformal
FOMC_0047,2023-05-03,GLD_ret,0.0085,0.0132942159445622,0.0079956251791938,0.012952912790294,0.0,1.0,0.0073201283624189,0.0118586079471186,8.673617379884035e-19,0.9999999999999998,0.0089839677121558,0.0080855709409403,0.0,1.0,0.008611685846457,0.0139509310712604,0.0,1.0,0.0087573535564062,0.0141741616541639,0.0,1.0,0.0051253651970912,0.0079986994327298,0.0,1.0,0.9620842577008374,3.0,0.3,0.0115048252635354,0.0056025180945714,0.6725081912266414,-0.0117667644256723,0.0376725900062604,0.0247196772159663,0.0494393544319327,rolling_conformal,-0.0125110561438063,0.0362282720380437,0.024369664090925,0.0487393281818501,rolling_conformal,-0.0198583206252726,0.0360294625071532,0.0279438915662129,0.0558877831324258,rolling_conformal,-0.0099145493181515,0.0378164114606725,0.023865480389412,0.0477309607788241,rolling_conformal,-0.0083952403155708,0.0367435636238988,0.0225694019697348,0.0451388039394696,rolling_conformal,-0.0078201132255897,0.0344085451147141,0.0211143291701519,0.0422286583403039,rolling_conformal,-0.0149764958637138,0.0309738947291734,0.0229751952964436,0.0459503905928872,rolling_conformal,-0.0109155702856888,0.0339252208127597,0.0224203955492242,0.0448407910984485,rolling_conformal,-0.0109155702856888,0.0339252208127597,0.0224203955492242,0.0448407910984485,rolling_conformal
FOMC_0047,2023-05-03,QQQ_ret,-0.0065,0.0021030578677482,0.0044610074832388,0.0040149067349149,0.0,1.0,0.0059515726860871,-0.008620207574875,0.0,1.0,0.0019693108500527,0.0017723797650474,0.0,1.0,0.0017586244156649,0.0015827619740984,0.0,1.0,0.0019770846277655,0.0027269665538553,0.0,1.0,0.0012703692248414,0.0011433323023573,0.0,1.0,0.9620842577008374,3.0,0.282469287228184,0.0017680316234349,0.0119189088846253,0.1291771766394374,-0.0277826631287689,0.0358124765985988,0.0317975698636838,0.0635951397273677,rolling_conformal,-0.0419736078835377,0.0247331927337875,0.0333534003086626,0.0667068006173253,rolling_conformal,-0.0299951878604912,0.033539947390586,0.0317675676255386,0.0635351352510773,rolling_conformal,-0.0271866163037744,0.0303521402519714,0.0287693782778729,0.0575387565557459,rolling_conformal,-0.0310048878349651,0.0364588209426757,0.0337318543888204,0.0674637087776408,rolling_conformal,-0.0347830338598643,0.0389891495953607,0.0368860917276125,0.073772183455225,rolling_conformal,-0.0305937079200011,0.0328803725247157,0.0317370402223584,0.0634740804447169,rolling_conformal,-0.02640023117564,0.0299362944225099,0.028168262799075,0.05633652559815,rolling_conformal,-0.02640023117564,0.0299362944225099,0.028168262799075,0.05633652559815,rolling_conformal
FOMC_0047,2023-05-03,SPY_ret,-0.0069,-0.0007320236125039,-0.0006118403416283,0.00086555733154,0.0,1.0,-0.0006767917355392,0.00095759558211,0.0,1.0,-0.001064924726616,-0.0013650772631683,0.0,1.0,-0.0039467091859471,-0.0054323877636938,0.0,1.0,0.0007413881497179,-0.0010094921615436,0.0,1.0,0.0001859888795497,-0.0002735482984493,0.0,1.0,0.9620842577008374,3.0,0.25,-0.0004463921960074,0.010025359295307,0.0426291408926487,-0.0276900776051803,0.0294211922682604,0.0285556349367203,0.0571112698734407,rolling_conformal,-0.0352829494362261,0.0371981406004461,0.0362405450183361,0.0724810900366723,rolling_conformal,-0.0284141822994465,0.0256840277731098,0.0270491050362781,0.0540982100725563,rolling_conformal,-0.030298514882588,0.0194337393552003,0.0248661271188941,0.0497322542377883,rolling_conformal,-0.0254264549553226,0.0234074706322352,0.0244169627937789,0.0488339255875579,rolling_conformal,-0.0288971349403653,0.0274330877153574,0.0281651113278613,0.0563302226557227,rolling_conformal,-0.0237754291426053,0.0232283325457066,0.0235018808441559,0.0470037616883119,rolling_conformal,-0.0245829927061915,0.0236902083141765,0.024136600510184,0.0482732010203681,rolling_conformal,-0.0245829927061915,0.0236902083141765,0.024136600510184,0.0482732010203681,rolling_conformal
FOMC_0047,2023-05-03,UUP_ret,-0.0054,-0.0069493420855043,-0.0005904191392023,-0.0008767724217155,0.0,1.0,-0.0035800733987866,-0.0053164089971981,0.0,1.0,-0.0017097830232694,-0.002539027789555,2.1684043449710093e-19,0.9999999999999998,-0.0017447398453808,-0.0025909386703905,0.0,1.0,-0.0032622981958308,-0.0048445128208088,4.336808689942019e-19,0.9999999999999998,-0.002115291919715,-0.0028731364088532,0.0,1.0,0.9620842577008374,3.0,0.348859037571614,-0.004724673357969,0.0032756867982149,0.5905580949047732,-0.0129223683706569,0.0111688235272259,0.0120455959489414,0.0240911918978829,rolling_conformal,-0.0169600546490572,0.0063272366546609,0.011643645651859,0.0232872913037181,rolling_conformal,-0.0139225639165397,0.0088445083374295,0.0113835361269846,0.0227670722539693,rolling_conformal,-0.0148284264532217,0.0096465491124405,0.0122374877828311,0.0244749755656622,rolling_conformal,-0.0171923633904455,0.0075033377488278,0.0123478505696366,0.0246957011392733,rolling_conformal,-0.0184444270994806,0.0045457429284719,0.0114950850139762,0.0229901700279525,rolling_conformal,-0.0146005993506118,0.0088543265329053,0.0117274629417585,0.0234549258835171,rolling_conformal,-0.0154001232425423,0.0059507765266042,0.0106754498845733,0.0213508997691466,rolling_conformal,-0.0154001232425423,0.0059507765266042,0.0106754498845733,0.0213508997691466,rolling_conformal
FOMC_0045,2023-06-14,GLD_ret,0.0006,0.0066061730359866,0.0026636710316574,0.0023973039284917,0.0,1.0,0.0048646819907144,0.0065439079473273,0.0,1.0,0.0037678475966766,-0.0049737129571716,4.336808689942019e-19,0.9999999999999998,0.0035922337924157,0.0058194187437135,4.336808689942019e-19,0.9999999999999998,0.0059417333819332,0.0096256080787318,0.0,1.0,0.0042962090077843,0.0062761667580419,0.0,1.0,0.9834814569560486,3.0,0.3,0.0076502023697104,0.0055764441178944,0.5783935174304763,-0.0219501847665116,0.0267447926234951,0.0243474886950033,0.0486949773900067,rolling_conformal,-0.0172742645238967,0.0303620804185515,0.0238181724712241,0.0476363449424483,rolling_conformal,-0.0317858510860433,0.0218384251717001,0.0268121381288717,0.0536242762577435,rolling_conformal,-0.01794162280085,0.0295804602882771,0.0237610415445635,0.0475220830891271,rolling_conformal,-0.0127808113694655,0.0320320275269292,0.0224064194481973,0.0448128388963947,rolling_conformal,-0.0130110162540867,0.0262233623260599,0.0196171892900733,0.0392343785801466,rolling_conformal,-0.0160312230095745,0.0285835565256585,0.0223073897676165,0.044614779535233,rolling_conformal,-0.0138964289246227,0.0291968336640435,0.0215466312943331,0.0430932625886662,rolling_conformal,-0.0138964289246227,0.0291968336640435,0.0215466312943331,0.0430932625886662,rolling_conformal
FOMC_0045,2023-06-14,QQQ_ret,0.0073,0.0045904157592246,0.0034012699414875,0.0030611429473387,0.0,1.0,0.0071074326508723,-0.0107414888486934,8.673617379884035e-19,0.9999999999999998,0.0133188293715675,0.0119869464344108,0.0,1.0,0.001343251767142,-0.0019541114335981,0.0,1.0,0.0027273877864914,0.0024546490078423,0.0,1.0,0.0111195020663562,-0.0158276553142201,0.0,1.0,0.9834814569560486,3.0,0.3268971101254485,-0.0114413086074688,0.0119243675303975,0.4896632840123207,-0.028736426916345,0.0348587128110226,0.0317975698636838,0.0635951397273677,rolling_conformal,-0.044094889157356,0.0226119114599692,0.0333534003086626,0.0667068006173253,rolling_conformal,-0.0197806211911278,0.0437545140599494,0.0317675676255386,0.0635351352510773,rolling_conformal,-0.030723489711471,0.0268152668442748,0.0287693782778729,0.0575387565557459,rolling_conformal,-0.0312772053809781,0.0361865033966627,0.0337318543888204,0.0674637087776408,rolling_conformal,-0.0322956759683878,0.0414765074868372,0.0368860917276125,0.073772183455225,rolling_conformal,-0.0475646955365786,0.0159093849081382,0.0317370402223584,0.0634740804447169,rolling_conformal,-0.0396095714065438,0.0167269541916061,0.028168262799075,0.05633652559815,rolling_conformal,-0.0396095714065438,0.0167269541916061,0.028168262799075,0.05633652559815,rolling_conformal
FOMC_0045,2023-06-14,SPY_ret,0.0012,0.0046563143304204,-0.0030656304613578,0.0041282243330443,0.0,1.0,2.1696177204375065e-05,3.368331510979229e-05,0.0,1.0,0.0041501949117323,0.0052349251538474,0.0,1.0,-0.0042048315685271,-0.0037843484116744,0.0,1.0,-0.0018064304086626,0.0024368951233498,2.1684043449710093e-19,0.9999999999999998,-0.0017318828643214,-0.0024611995075008,0.0,1.0,0.9834814569560486,3.0,0.25,-0.0007840942052236,0.0100314069302366,0.0724981182491504,-0.024427410603676,0.0326838592697646,0.0285556349367203,0.0571112698734407,rolling_conformal,-0.0362068617032263,0.0362742283334459,0.0362405450183361,0.0724810900366723,rolling_conformal,-0.0218141798824307,0.0322840301901256,0.0270491050362781,0.0540982100725563,rolling_conformal,-0.0286504755305686,0.0210817787072197,0.0248661271188941,0.0497322542377883,rolling_conformal,-0.0219800676704291,0.0268538579171288,0.0244169627937789,0.0488339255875579,rolling_conformal,-0.0235087969974409,0.0328214256582818,0.0281651113278613,0.0563302226557227,rolling_conformal,-0.0259630803516568,0.0210406813366551,0.0235018808441559,0.0470037616883119,rolling_conformal,-0.0249206947154076,0.0233525063049604,0.024136600510184,0.0482732010203681,rolling_conformal,-0.0249206947154076,0.0233525063049604,0.024136600510184,0.0482732010203681,rolling_conformal
FOMC_0045,2023-06-14,UUP_ret,-0.0049,-0.0020767026555548,-0.0024357951097142,-0.0036171557379257,0.0,1.0,-0.0037172662881341,-0.0054780268409716,4.336808689942019e-19,0.9999999999999998,-0.00210855224205,-0.0031312000794443,0.0,1.0,-0.001307500325544,-0.001690948201235,0.0,1.0,-0.0028081077740564,-0.0025272969966508,0.0,1.0,-0.0020530787097434,-0.0026762744846791,0.0,1.0,0.9834814569560486,3.0,0.3340035810549004,-0.0027236168813171,0.003282014015814,0.4535114449846971,-0.0155964669807201,0.0083621555048687,0.0119793112427944,0.0239586224855888,rolling_conformal,-0.0171216724928306,0.0061656188108874,0.011643645651859,0.0232872913037181,rolling_conformal,-0.014514736206429,0.0082523360475402,0.0113835361269846,0.0227670722539693,rolling_conformal,-0.0139284359840661,0.010546539581596,0.0122374877828311,0.0244749755656622,rolling_conformal,-0.0148751475662875,0.0098205535729858,0.0123478505696366,0.0246957011392733,rolling_conformal,-0.0134796847018207,0.009326279390711,0.0114029820462659,0.0228059640925318,rolling_conformal,-0.0144037374264377,0.0090511884570794,0.0117274629417585,0.0234549258835171,rolling_conformal,-0.0133990667658905,0.0079518330032561,0.0106754498845733,0.0213508997691466,rolling_conformal,-0.0133990667658905,0.0079518330032561,0.0106754498845733,0.0213508997691466,rolling_conformal
FOMC_0043,2023-07-26,GLD_ret,0.0049,0.0026159542878155,-0.0007619132506614,0.0012342994660715,0.0,1.0,-0.0013851409205147,0.0020855793773698,0.0,1.0,-0.0010260141171251,0.0016621428697427,0.0,1.0,-0.0020313497229035,-0.0028400346015151,0.0,1.0,-0.0032689070524918,-0.0046426140521835,4.336808689942019e-19,0.9999999999999998,-0.0018171067376813,-0.0025505390217922,2.1684043449710093e-19,0.9999999999999998,0.956717351708494,3.0,0.2877542635526782,-0.0012766302532035,0.0055717146373445,0.1864156098226585,-0.0231131892289317,0.0255817881610749,0.0243474886950033,0.0486949773900067,rolling_conformal,-0.0217325930938543,0.0259037518485939,0.0238181724712241,0.0476363449424483,rolling_conformal,-0.025149995259129,0.0284742809986145,0.0268121381288717,0.0536242762577435,rolling_conformal,-0.0266010761460787,0.0209210069430484,0.0237610415445635,0.0475220830891271,rolling_conformal,-0.0270490335003809,0.0177638053960138,0.0224064194481973,0.0448128388963947,rolling_conformal,-0.0170012350022578,0.0222331435778888,0.0196171892900733,0.0392343785801466,rolling_conformal,-0.0248579287894088,0.0197568507458242,0.0223073897676165,0.044614779535233,rolling_conformal,-0.0228232615475366,0.0202700010411296,0.0215466312943331,0.0430932625886662,rolling_conformal,-0.0228232615475366,0.0202700010411296,0.0215466312943331,0.0430932625886662,rolling_conformal
FOMC_0043,2023-07-26,QQQ_ret,-0.0033,0.0039086222833614,0.0031461602122276,0.0028315441910049,4.336808689942019e-19,0.9999999999999998,0.0068371905155853,0.0102910438009259,8.673617379884035e-19,0.9999999999999998,0.003371555246126,0.0056398727166347,4.336808689942019e-19,0.9999999999999998,0.0045031176121199,-0.0062949274667661,0.0,1.0,0.0034887210099375,0.0048952913005763,4.336808689942019e-19,0.9999999999999998,0.001343279232226,0.0018439988669175,0.0,1.0,0.956717351708494,3.0,0.2792955493605936,0.0030257987477949,0.0119323585681959,0.2022847240490654,-0.0289660256726789,0.0346291140546887,0.0317975698636838,0.0635951397273677,rolling_conformal,-0.0230623565077367,0.0436444441095886,0.0333534003086626,0.0667068006173253,rolling_conformal,-0.0261276949089038,0.0374074403421734,0.0317675676255386,0.0635351352510773,rolling_conformal,-0.035064305744639,0.0224744508111068,0.0287693782778729,0.0575387565557459,rolling_conformal,-0.0288365630882441,0.0386271456893967,0.0337318543888204,0.0674637087776408,rolling_conformal,-0.0329774694442511,0.0407947140109739,0.0368860917276125,0.073772183455225,rolling_conformal,-0.0298930413554409,0.033581039089276,0.0317370402223584,0.0634740804447169,rolling_conformal,-0.02514246405128,0.0311940615468699,0.028168262799075,0.05633652559815,rolling_conformal,-0.02514246405128,0.0311940615468699,0.028168262799075,0.05633652559815,rolling_conformal
FOMC_0043,2023-07-26,SPY_ret,0.0002,0.002817445222336,-0.0034157641752525,-0.0030741877577272,0.0,1.0,-0.0019377734126721,0.0029470421294086,2.1684043449710093e-19,0.9999999999999998,0.000728263608412,0.0011077835997143,0.0,1.0,-0.0027506268710322,-0.002475564183929,0.0,1.0,-0.0018586263789028,0.0023853474867567,2.1684043449710093e-19,0.9999999999999998,-0.0004810956513531,0.0006276222194365,0.0,1.0,0.956717351708494,3.0,0.25,0.0013513396656856,0.0100329487689312,0.1187029375105354,-0.0316298226944476,0.025481447178993,0.0285556349367203,0.0571112698734407,rolling_conformal,-0.0332935028889274,0.0391875871477448,0.0362405450183361,0.0724810900366723,rolling_conformal,-0.0259413214365638,0.0281568886359925,0.0270491050362781,0.0540982100725563,rolling_conformal,-0.0273416913028232,0.0223905629349651,0.0248661271188941,0.0497322542377883,rolling_conformal,-0.0220316153070222,0.0268023102805356,0.0244169627937789,0.0488339255875579,rolling_conformal,-0.0253476661055253,0.0309825565501974,0.0281651113278613,0.0563302226557227,rolling_conformal,-0.0228742586247194,0.0241295030635924,0.0235018808441559,0.0470037616883119,rolling_conformal,-0.0227852608444984,0.0254879401758696,0.024136600510184,0.0482732010203681,rolling_conformal,-0.0227852608444984,0.0254879401758696,0.024136600510184,0.0482732010203681,rolling_conformal
FOMC_0043,2023-07-26,UUP_ret,-0.0029,-0.0005894052973402,-0.0004542903286845,0.000581559320923,0.0,1.0,-0.0006116231675224,-0.0005504608507702,0.0,1.0,-0.0010300025216698,-0.0014127799225058,0.0,1.0,-0.0006882775590058,0.000856026297816,0.0,1.0,-0.0006390626748447,-0.0005751564073602,0.0,1.0,-0.0004281128358136,0.0005561252654507,0.0,1.0,0.956717351708494,3.0,0.2762224942742449,0.0002636743517421,0.0032782775965436,0.0744458454359591,-0.0113977519218713,0.0125608705637174,0.0119793112427944,0.0239586224855888,rolling_conformal,-0.0121941065026293,0.0110931848010888,0.011643645651859,0.0232872913037181,rolling_conformal,-0.0127963160494904,0.0099707562044788,0.0113835361269846,0.0227670722539693,rolling_conformal,-0.011381461485015,0.0130935140806471,0.0122374877828311,0.0244749755656622,rolling_conformal,-0.0129230069769969,0.0117726941622763,0.0123478505696366,0.0246957011392733,rolling_conformal,-0.0119923873436061,0.0108135767489256,0.0114029820462659,0.0228059640925318,rolling_conformal,-0.0111713376763078,0.0122835882072093,0.0117274629417585,0.0234549258835171,rolling_conformal,-0.0104117755328312,0.0109391242363154,0.0106754498845733,0.0213508997691466,rolling_conformal,-0.0104117755328312,0.0109391242363154,0.0106754498845733,0.0213508997691466,rolling_conformal
FOMC_0042,2023-09-20,GLD_ret,0.0007,0.0066444383638504,-0.0006346812074634,0.0010281835560908,0.0,1.0,-0.0048448835241972,0.0075801694893484,0.0,1.0,-0.0021700160766302,0.0035154260441409,0.0,1.0,9.223452145324264e-05,0.0001494199247542,0.0,1.0,-0.0044198024159175,0.0071600799137863,0.0,1.0,-0.0039664296878081,0.0064256160942492,0.0,1.0,0.9867659589695588,3.0,0.3,0.0077895153301555,0.0055105920734527,0.5856734263144372,-0.0233193051389125,0.0253756722510941,0.0243474886950033,0.0486949773900067,rolling_conformal,-0.0162380029818757,0.0313983419605725,0.0238181724712241,0.0476363449424483,rolling_conformal,-0.0208727825329093,0.0279036346211912,0.0243882085770503,0.0487764171541006,rolling_conformal,-0.0236116216198093,0.0239104614693178,0.0237610415445635,0.0475220830891271,rolling_conformal,-0.015246339534411,0.0295664993619837,0.0224064194481973,0.0448128388963947,rolling_conformal,-0.0129727509262228,0.0262616276539237,0.0196171892900733,0.0392343785801466,rolling_conformal,-0.0158817736733672,0.0287330058618657,0.0223073897676165,0.044614779535233,rolling_conformal,-0.0137571159641776,0.0293361466244886,0.0215466312943331,0.0430932625886662,rolling_conformal,-0.0137571159641776,0.0293361466244886,0.0215466312943331,0.0430932625886662,rolling_conformal
FOMC_0042,2023-09-20,QQQ_ret,-0.0144,0.0123268447971603,0.0029139564385034,-0.0043381945544919,0.0,1.0,0.0035129398099613,-0.0051677710941244,4.336808689942019e-19,0.9999999999999998,0.0005678606951319,-0.0009223645501598,0.0,1.0,0.0013454095905553,0.0012108686314997,0.0,1.0,0.0013003778345313,-0.002039374880203,0.0,1.0,0.0012209708497835,-0.0019318947031771,0.0,1.0,0.9867659589695588,3.0,0.3828120696411142,0.0044081535942756,0.0119326746792158,0.2697636143567176,-0.0361357644181757,0.0274593753091919,0.0317975698636838,0.0635951397273677,rolling_conformal,-0.038521171402787,0.0281856292145382,0.0333534003086626,0.0667068006173253,rolling_conformal,-0.0326899321756985,0.0308452030753788,0.0317675676255386,0.0635351352510773,rolling_conformal,-0.0275585096463731,0.0299802469093727,0.0287693782778729,0.0575387565557459,rolling_conformal,-0.0357712292690235,0.0316924795086173,0.0337318543888204,0.0674637087776408,rolling_conformal,-0.0245592469304521,0.0492129365247728,0.0368860917276125,0.073772183455225,rolling_conformal,-0.0336689349255356,0.0298051455191812,0.0317370402223584,0.0634740804447169,rolling_conformal,-0.0237601092047993,0.0325764163933506,0.028168262799075,0.05633652559815,rolling_conformal,-0.0237601092047993,0.0325764163933506,0.028168262799075,0.05633652559815,rolling_conformal
FOMC_0042,2023-09-20,SPY_ret,-0.0092,0.0084117313349234,-0.0008852195055124,-0.001134146068089,0.0,1.0,-0.0047492867321737,-0.0061162882924763,0.0,1.0,-0.003411365633255,-0.0049549980234952,0.0,1.0,-0.004775907042593,-0.0064211647681475,0.0,1.0,-0.0038775819054197,-0.0060199459081641,0.0,1.0,-0.0058568760389147,-0.0090928000504152,0.0,1.0,0.9867659589695588,3.0,0.25,-0.0054241672846926,0.0100327227112085,0.3509227132304015,-0.0296897810048093,0.0274214888686313,0.0285556349367203,0.0571112698734407,rolling_conformal,-0.0423568333108125,0.0301242567258597,0.0362405450183361,0.0724810900366723,rolling_conformal,-0.0320041030597734,0.0220941070127829,0.0270491050362781,0.0540982100725563,rolling_conformal,-0.0312872918870417,0.0184449623507466,0.0248661271188941,0.0497322542377883,rolling_conformal,-0.0304369087019431,0.0183970168856148,0.0244169627937789,0.0488339255875579,rolling_conformal,-0.0197533799929379,0.0365768426627848,0.0281651113278613,0.0563302226557227,rolling_conformal,-0.0325946808945711,0.0144090807937407,0.0235018808441559,0.0470037616883119,rolling_conformal,-0.0295607677948766,0.0187124332254914,0.024136600510184,0.0482732010203681,rolling_conformal,-0.0295607677948766,0.0187124332254914,0.024136600510184,0.0482732010203681,rolling_conformal
FOMC_0042,2023-09-20,UUP_ret,0.0017,-0.0044187862565776,-0.000679976754391,-0.0010097654802706,0.0,1.0,-0.0004864984257425,-0.0007189660302765,0.0,1.0,-0.0009397025238285,-0.0008457322714456,1.0842021724855044e-19,0.9999999999999998,-0.0012653759174252,-0.0018790832373764,0.0,1.0,-0.0009402680170856,-0.0012082557248894,0.0,1.0,-0.000772235383081,0.0011367985471082,0.0,1.0,0.9867659589695588,3.0,0.35,-0.0008884217475999,0.0031960007822276,0.2175165683634052,-0.0129890767230651,0.0109695457625237,0.0119793112427944,0.0239586224855888,rolling_conformal,-0.0123626116821356,0.0109246796215825,0.011643645651859,0.0232872913037181,rolling_conformal,-0.0122292683984303,0.0105378038555389,0.0113835361269846,0.0227670722539693,rolling_conformal,-0.0141165710202076,0.0103584045454546,0.0122374877828311,0.0244749755656622,rolling_conformal,-0.013556106294526,0.0111395948447472,0.0123478505696366,0.0246957011392733,rolling_conformal,-0.0158217683028435,0.0069841957896882,0.0114029820462659,0.0228059640925318,rolling_conformal,-0.0105906643946503,0.0128642614888668,0.0117274629417585,0.0234549258835171,rolling_conformal,-0.0115638716321733,0.0097870281369733,0.0106754498845733,0.0213508997691466,rolling_conformal,-0.0115638716321733,0.0097870281369733,0.0106754498845733,0.0213508997691466,rolling_conformal
FOMC_0039,2023-11-01,GLD_ret,-0.0032,0.0019789905130153,0.0095035176500232,0.0153956985930376,0.0,1.0,0.0066674762687584,0.0108013115553886,0.0,1.0,0.0035940182615066,0.0055042904532484,0.0,1.0,0.0041871177247487,0.0067831307140929,0.0,1.0,0.0008835713625411,0.0014245151793363,1.0842021724855044e-19,0.9999999999999998,-0.0021374164695437,-0.0019236748225893,0.0,1.0,0.970923582674274,3.0,0.3,-0.0009034502662895,0.0055149346324321,0.1407610906691753,-0.0089517901019657,0.039743187288041,0.0243474886950033,0.0486949773900067,rolling_conformal,-0.0130168609158355,0.0346194840266127,0.0238181724712241,0.0476363449424483,rolling_conformal,-0.0188839181238018,0.0298924990302988,0.0243882085770503,0.0487764171541006,rolling_conformal,-0.0169779108304706,0.0305441722586565,0.0237610415445635,0.0475220830891271,rolling_conformal,-0.020981904268861,0.0238309346275337,0.0224064194481973,0.0448128388963947,rolling_conformal,-0.017638198777058,0.0215961798030886,0.0196171892900733,0.0392343785801466,rolling_conformal,-0.0242310645902058,0.0203837149450271,0.0223073897676165,0.044614779535233,rolling_conformal,-0.0224500815606226,0.0206431810280436,0.0215466312943331,0.0430932625886662,rolling_conformal,-0.0224500815606226,0.0206431810280436,0.0215466312943331,0.0430932625886662,rolling_conformal
FOMC_0039,2023-11-01,QQQ_ret,0.0174,-0.0035604978111292,0.0018653255613368,0.002584173548665,0.0,1.0,0.0023196809296683,0.0033661423983691,0.0,1.0,0.0025982494010953,-0.0039035276823205,0.0,1.0,0.0013386810503181,0.0019978952807253,0.0,1.0,0.0021238810847868,0.0019114929763082,0.0,1.0,0.0009658446145414,0.0013136472333112,0.0,1.0,0.970923582674274,3.0,0.3098935526242494,-0.0002460236131453,0.011978545988558,0.0201261410340076,-0.0292133963150188,0.0343817434123489,0.0317975698636838,0.0635951397273677,rolling_conformal,-0.0299872579102934,0.0367195427070318,0.0333534003086626,0.0667068006173253,rolling_conformal,-0.0356710953078592,0.027864039943218,0.0317675676255386,0.0635351352510773,rolling_conformal,-0.0267714829971476,0.0307672735585983,0.0287693782778729,0.0575387565557459,rolling_conformal,-0.0318203614125122,0.0356433473651286,0.0337318543888204,0.0674637087776408,rolling_conformal,-0.0404465895387417,0.0333255939164832,0.0368860917276125,0.073772183455225,rolling_conformal,-0.0304233929890471,0.0330506874556697,0.0317370402223584,0.0634740804447169,rolling_conformal,-0.0284142864122203,0.0279222391859296,0.028168262799075,0.05633652559815,rolling_conformal,-0.0284142864122203,0.0279222391859296,0.028168262799075,0.05633652559815,rolling_conformal
FOMC_0039,2023-11-01,SPY_ret,0.0107,-0.0027295348759914,-0.0046352307071883,0.0061600422985656,0.0,1.0,0.0007344977194886,0.0006610479475397,0.0,1.0,-0.0013737447189444,0.0017858390701234,0.0,1.0,-0.0040038610990172,-0.0036034749891154,0.0,1.0,-0.0024409487590924,-0.0021968538831831,0.0,1.0,-0.0005104946381801,-0.000459445174362,0.0,1.0,0.970923582674274,3.0,0.25,-0.0011810127397348,0.0100425295618185,0.1052271783481048,-0.0223955926381547,0.0347156772352859,0.0285556349367203,0.0571112698734407,rolling_conformal,-0.0355794970707964,0.0369015929658759,0.0362405450183361,0.0724810900366723,rolling_conformal,-0.0252632659661547,0.0288349441064016,0.0270491050362781,0.0540982100725563,rolling_conformal,-0.0284696021080096,0.0212626521297786,0.0248661271188941,0.0497322542377883,rolling_conformal,-0.0266138166769621,0.0222201089105958,0.0244169627937789,0.0488339255875579,rolling_conformal,-0.0308946462038528,0.0254355764518699,0.0281651113278613,0.0563302226557227,rolling_conformal,-0.023961326018518,0.0230424356697938,0.0235018808441559,0.0470037616883119,rolling_conformal,-0.0253176132499189,0.0229555877704492,0.024136600510184,0.0482732010203681,rolling_conformal,-0.0253176132499189,0.0229555877704492,0.024136600510184,0.0482732010203681,rolling_conformal
FOMC_0039,2023-11-01,UUP_ret,0.0003,-0.0019794272055074,-0.0006163117692647,-0.0005546805923382,0.0,1.0,-0.0030173304872969,-0.0044807357736359,0.0,1.0,-0.0023627190863909,-0.0021264471777518,0.0,1.0,-0.000831581551504,-0.0007484233963536,1.0842021724855044e-19,0.9999999999999998,-0.0016420872188849,-0.0021035114599531,2.1684043449710093e-19,0.9999999999999998,-0.0012479809024449,0.0016712267466303,0.0,1.0,0.970923582674274,3.0,0.3229086048756188,0.000541639089268,0.0031939824670777,0.1449953190238874,-0.0125339918351326,0.0114246306504561,0.0119793112427944,0.0239586224855888,rolling_conformal,-0.0161243814254949,0.0071629098782231,0.011643645651859,0.0232872913037181,rolling_conformal,-0.0135099833047365,0.0092570889492327,0.0113835361269846,0.0227670722539693,rolling_conformal,-0.0129859111791847,0.0114890643864774,0.0122374877828311,0.0244749755656622,rolling_conformal,-0.0144513620295898,0.0102443391096835,0.0123478505696366,0.0246957011392733,rolling_conformal,-0.0133824092517733,0.0094235548407584,0.0114029820462659,0.0228059640925318,rolling_conformal,-0.0100562361951282,0.0133986896883889,0.0117274629417585,0.0234549258835171,rolling_conformal,-0.0101338107953052,0.0112170889738413,0.0106754498845733,0.0213508997691466,rolling_conformal,-0.0101338107953052,0.0112170889738413,0.0106754498845733,0.0213508997691466,rolling_conformal
FOMC_0037,2023-12-13,GLD_ret,0.0226,0.003071525126629,0.001562299137201,0.0025309246022656,0.0,1.0,0.0051717294091354,0.0083782016427994,0.0,1.0,0.0011012351816953,0.0017840009943464,0.0,1.0,-0.0028954847842918,-0.0046906853505527,0.0,1.0,-0.001214118998293,-0.0019668727772348,0.0,1.0,-0.0052370675980689,-0.004713360838262,0.0,1.0,0.974923635952894,3.0,0.3,-0.0028534740585536,0.0055251313106567,0.3405674962762408,-0.0212301169422979,0.0262919661468292,0.0237610415445635,0.0475220830891271,rolling_conformal,-0.0153828399017641,0.032139243187363,0.0237610415445635,0.0475220830891271,rolling_conformal,-0.0202067260299809,0.0237747280186739,0.0219907270243274,0.0439814540486549,rolling_conformal,-0.0284517268951163,0.0190703561940108,0.0237610415445635,0.0475220830891271,rolling_conformal,-0.0243732922254322,0.0204395466709625,0.0224064194481973,0.0448128388963947,rolling_conformal,-0.0157497515828524,0.0218928018361106,0.0188212767094815,0.0376425534189631,rolling_conformal,-0.0270207506058785,0.0175940289293545,0.0223073897676165,0.044614779535233,rolling_conformal,-0.0244001053528867,0.0186931572357795,0.0215466312943331,0.0430932625886662,rolling_conformal,-0.0244001053528867,0.0186931572357795,0.0215466312943331,0.0430932625886662,rolling_conformal
FOMC_0037,2023-12-13,QQQ_ret,0.0127,-0.0045658001771923,0.0049231966953628,0.0076566370879662,0.0,1.0,0.0036406337078565,0.0057345216399558,4.336808689942019e-19,0.9999999999999998,0.0031145261683557,0.0047713632756176,0.0,1.0,0.0023593460463854,0.0039813964532754,0.0,1.0,0.0030059488345892,0.0046140373346991,0.0,1.0,0.0022656520322539,0.0036665673008048,0.0,1.0,0.974923635952894,3.0,0.3215819880978671,0.0012739827505978,0.0120379669795194,0.0957028699324809,-0.0241409327757176,0.0394542069516501,0.0317975698636838,0.0635951397273677,rolling_conformal,-0.0276188786687067,0.0390879219486185,0.0333534003086626,0.0667068006173253,rolling_conformal,-0.026996204349921,0.0365389309011562,0.0317675676255386,0.0635351352510773,rolling_conformal,-0.0247879818245975,0.0327507747311483,0.0287693782778729,0.0575387565557459,rolling_conformal,-0.0291178170541212,0.0383458917235196,0.0337318543888204,0.0674637087776408,rolling_conformal,-0.0414518919048048,0.0323202915504201,0.0368860917276125,0.073772183455225,rolling_conformal,-0.0280704729215536,0.0354036075231632,0.0317370402223584,0.0634740804447169,rolling_conformal,-0.0268942800484771,0.0294422455496728,0.028168262799075,0.05633652559815,rolling_conformal,-0.0268942800484771,0.0294422455496728,0.028168262799075,0.05633652559815,rolling_conformal
FOMC_0037,2023-12-13,SPY_ret,0.0138,-0.0049451898250419,0.0010230429861645,0.0015882742360204,0.0,1.0,0.0036414103412979,0.0056532895548651,0.0,1.0,0.0020508060242945,0.0031838763527173,0.0,1.0,0.0050464056774003,0.007834544814164,0.0,1.0,0.0048578418333102,0.0075417994462141,0.0,1.0,0.0023953535117796,0.0037187863270378,0.0,1.0,0.974923635952894,3.0,0.25,0.0017857111323705,0.0100820918464374,0.1504675828275438,-0.0269673607006999,0.0301439091727408,0.0285556349367203,0.0571112698734407,rolling_conformal,-0.030587255463471,0.0418938345732012,0.0362405450183361,0.0724810900366723,rolling_conformal,-0.0238652286835608,0.0302329813889955,0.0270491050362781,0.0540982100725563,rolling_conformal,-0.0170315823047301,0.0327006719330582,0.0248661271188941,0.0497322542377883,rolling_conformal,-0.0168751633475648,0.031958762239993,0.0244169627937789,0.0488339255875579,rolling_conformal,-0.0331103011529033,0.0232199215028194,0.0281651113278613,0.0563302226557227,rolling_conformal,-0.0197830945171181,0.0272206671711938,0.0235018808441559,0.0470037616883119,rolling_conformal,-0.0223508893778134,0.0259223116425546,0.024136600510184,0.0482732010203681,rolling_conformal,-0.0223508893778134,0.0259223116425546,0.024136600510184,0.0482732010203681,rolling_conformal
FOMC_0037,2023-12-13,UUP_ret,-0.0085,-0.002739732107672,-0.0008803654291496,-0.0012281516145238,1.0842021724855044e-19,0.9999999999999998,-0.0008230016803083,-0.0011186160618419,1.0842021724855044e-19,0.9999999999999998,-0.000686849399804,0.0009775818945596,0.0,1.0,-0.0009981107215771,-0.0013228506780052,0.0,1.0,-0.0006571057474571,-0.0009364207386513,0.0,1.0,-0.0007731373405972,0.0011481089507869,0.0,1.0,0.974923635952894,3.0,0.3338025589957004,-0.0001646285778447,0.0031835960799071,0.0491717560666148,-0.0132074628573182,0.0107511596282706,0.0119793112427944,0.0239586224855888,rolling_conformal,-0.012762261713701,0.010525029590017,0.011643645651859,0.0232872913037181,rolling_conformal,-0.0104059542324249,0.0123611180215443,0.0113835361269846,0.0227670722539693,rolling_conformal,-0.0135603384608364,0.0109146371048258,0.0122374877828311,0.0244749755656622,rolling_conformal,-0.013284271308288,0.0114114298309852,0.0123478505696366,0.0246957011392733,rolling_conformal,-0.0141427141539379,0.0086632499385938,0.0114029820462659,0.0228059640925318,rolling_conformal,-0.0105793539909716,0.0128755718925455,0.0117274629417585,0.0234549258835171,rolling_conformal,-0.010840078462418,0.0105108213067285,0.0106754498845733,0.0213508997691466,rolling_conformal,-0.010840078462418,0.0105108213067285,0.0106754498845733,0.0213508997691466,rolling_conformal
FOMC_0036,2024-01-31,GLD_ret,-0.0007,0.0152201182471638,0.0060322390096997,0.0097722271957135,0.0,1.0,0.0067081087184665,0.0108671361239158,0.0,1.0,0.0049177533914273,0.0079667604941122,0.0,1.0,0.0078936723337696,0.0127877491807068,0.0,1.0,0.0063603613008847,0.0103037853074332,8.673617379884035e-19,0.9999999999999998,0.0073146163189479,0.0118496784366957,0.0,1.0,0.9799303611684556,3.0,0.3,0.0154329724558033,0.0056805740026867,0.7309513433298228,-0.01398881434885,0.0335332687402771,0.0237610415445635,0.0475220830891271,rolling_conformal,-0.0128939054206477,0.0346281776684794,0.0237610415445635,0.0475220830891271,rolling_conformal,-0.0140239665302152,0.0299574875184397,0.0219907270243274,0.0439814540486549,rolling_conformal,-0.0109732923638567,0.0365487907252704,0.0237610415445635,0.0475220830891271,rolling_conformal,-0.0121026341407641,0.0327102047556306,0.0224064194481973,0.0448128388963947,rolling_conformal,-0.0043083566262071,0.0347485931205347,0.0195284748733709,0.0390569497467418,rolling_conformal,-0.0104577113309207,0.0341570682043122,0.0223073897676165,0.044614779535233,rolling_conformal,-0.0069874230934208,0.0378533680050276,0.0224203955492242,0.0448407910984485,rolling_conformal,-0.0069874230934208,0.0378533680050276,0.0224203955492242,0.0448407910984485,rolling_conformal
FOMC_0036,2024-01-31,QQQ_ret,-0.0196,0.0189695299191487,0.0057286233576818,0.0092009159311814,0.0,1.0,0.0037984911317108,0.0059132046396658,4.336808689942019e-19,0.9999999999999998,0.0028812198942794,0.0025930979048514,0.0,1.0,0.0015698712632996,0.0014128841369697,0.0,1.0,0.0018021972858784,-0.0026453854897771,2.1684043449710093e-19,0.9999999999999998,0.0025892367935346,-0.0037655468396546,0.0,1.0,0.9799303611684556,3.0,0.3676442690155233,0.0057410922954343,0.0120653571849324,0.3224168342822112,-0.0225966539325024,0.0409984857948653,0.0317975698636838,0.0635951397273677,rolling_conformal,-0.0274401956689967,0.0392666049483285,0.0333534003086626,0.0667068006173253,rolling_conformal,-0.0291744697206871,0.0343606655303901,0.0317675676255386,0.0635351352510773,rolling_conformal,-0.0273564941409032,0.0301822624148426,0.0287693782778729,0.0575387565557459,rolling_conformal,-0.0363772398785976,0.0310864688990432,0.0337318543888204,0.0674637087776408,rolling_conformal,-0.0179165618084637,0.0558556216467613,0.0368860917276125,0.073772183455225,rolling_conformal,-0.0355025870620131,0.0279714933827038,0.0317370402223584,0.0634740804447169,rolling_conformal,-0.0224271705036407,0.0339093550945093,0.028168262799075,0.05633652559815,rolling_conformal,-0.0224271705036407,0.0339093550945093,0.028168262799075,0.05633652559815,rolling_conformal
FOMC_0036,2024-01-31,SPY_ret,-0.0163,0.0111389741452762,0.0035962002709835,0.005583100920702,0.0,1.0,0.0063316991947597,0.0098299629998645,0.0,1.0,0.0007057338490878,0.0010716959923562,0.0,1.0,0.0012483787110878,0.0018254284956374,0.0,1.0,-0.0001802697472632,-0.0001622427725368,0.0,1.0,-0.004921980657754,-0.0062962949235399,0.0,1.0,0.9799303611684556,3.0,0.25,-0.0022280993047862,0.0101411561964107,0.1801327091386849,-0.0229725340160183,0.0341387358574224,0.0285556349367203,0.0571112698734407,rolling_conformal,-0.0264105820184716,0.0460705080182007,0.0362405450183361,0.0724810900366723,rolling_conformal,-0.0259774090439219,0.0281208010286343,0.0270491050362781,0.0540982100725563,rolling_conformal,-0.0230406986232567,0.0266915556145316,0.0248661271188941,0.0497322542377883,rolling_conformal,-0.0245792055663158,0.024254720021242,0.0244169627937789,0.0488339255875579,rolling_conformal,-0.0170261371825851,0.0393040854731376,0.0281651113278613,0.0563302226557227,rolling_conformal,-0.0297981757676959,0.0172055859206159,0.0235018808441559,0.0470037616883119,rolling_conformal,-0.0263646998149703,0.0219085012053977,0.024136600510184,0.0482732010203681,rolling_conformal,-0.0263646998149703,0.0219085012053977,0.024136600510184,0.0482732010203681,rolling_conformal
FOMC_0036,2024-01-31,UUP_ret,0.0025,-0.0059400621550285,-0.0008482715864421,0.0011148257036714,1.0842021724855044e-19,0.9999999999999998,-0.0035173379876807,-0.0051671198610721,4.336808689942019e-19,0.9999999999999998,-0.0024269229860207,-0.0036039806342408,0.0,1.0,-0.0013782514711714,0.0017283024292829,0.0,1.0,-0.0023914878980874,-0.0035513595286599,0.0,1.0,-0.0010500956618038,-0.0009450860956234,0.0,1.0,0.9799303611684556,3.0,0.35,-0.0029626604880567,0.003211965753242,0.4798129593839105,-0.010864485539123,0.0130941369464658,0.0119793112427944,0.0239586224855888,rolling_conformal,-0.0168107655129312,0.0064765257907869,0.011643645651859,0.0232872913037181,rolling_conformal,-0.0149875167612254,0.0077795554927438,0.0113835361269846,0.0227670722539693,rolling_conformal,-0.0105091853535481,0.013965790212114,0.0122374877828311,0.0244749755656622,rolling_conformal,-0.0158992100982965,0.0087964910409767,0.0123478505696366,0.0246957011392733,rolling_conformal,-0.0173430442012944,0.0054629198912373,0.0114029820462659,0.0228059640925318,rolling_conformal,-0.012672549037382,0.0107823768461351,0.0117274629417585,0.0234549258835171,rolling_conformal,-0.01363811037263,0.0077127893965166,0.0106754498845733,0.0213508997691466,rolling_conformal,-0.01363811037263,0.0077127893965166,0.0106754498845733,0.0213508997691466,rolling_conformal
FOMC_0033,2024-03-20,GLD_ret,0.0119,0.0027062554668102,0.0029906660696156,0.0040229184318859,0.0,1.0,0.0016849172720341,0.0025584802321395,0.0,1.0,0.0035522139388726,0.0031969925449853,0.0,1.0,-9.7214907579228e-05,0.0001274551764888,0.0,1.0,-0.0016733764451228,-0.0015060388006106,2.1684043449710093e-19,0.9999999999999998,-0.0007654091644955,-0.0011149987545562,0.0,1.0,0.9667586270525684,3.0,0.3,3.765301422439136e-05,0.0056043219928908,0.0066754899520104,-0.0197381231126776,0.0277839599764495,0.0237610415445635,0.0475220830891271,rolling_conformal,-0.021202561312424,0.0263195217767031,0.0237610415445635,0.0475220830891271,rolling_conformal,-0.018793734479342,0.0251877195693128,0.0219907270243274,0.0439814540486549,rolling_conformal,-0.0236335863680747,0.0238884967210524,0.0237610415445635,0.0475220830891271,rolling_conformal,-0.0239124582488079,0.0209003806475867,0.0224064194481973,0.0448128388963947,rolling_conformal,-0.0168222194065606,0.0222347303401811,0.0195284748733709,0.0390569497467418,rolling_conformal,-0.0234223885221728,0.0211923910130602,0.0223073897676165,0.044614779535233,rolling_conformal,-0.0223827425349998,0.0224580485634486,0.0224203955492242,0.0448407910984485,rolling_conformal,-0.0223827425349998,0.0224580485634486,0.0224203955492242,0.0448407910984485,rolling_conformal
FOMC_0033,2024-03-20,QQQ_ret,0.0119,-0.0077799739762792,0.0015634163625608,0.0014070747263047,0.0,1.0,0.0033454078552191,0.0050981131583376,0.0,1.0,0.0031213676140648,0.004703218429984,0.0,1.0,0.0295141333817684,0.0389150039259352,3.469446951953614e-18,0.9999999999999998,0.0284132310300091,0.0389150039259352,0.0,1.0,0.0252969552607652,0.0389150039259352,0.0,1.0,0.9667586270525684,3.0,0.3158413440722089,0.0302084991798471,0.0121445656982866,0.7132542151135132,-0.0303904951373791,0.0332046445899885,0.0317975698636838,0.0635951397273677,rolling_conformal,-0.028255287150325,0.0384515134670002,0.0333534003086626,0.0667068006173253,rolling_conformal,-0.0270643491955546,0.0364707860555226,0.0317675676255386,0.0635351352510773,rolling_conformal,0.0101456256480622,0.0676843822038082,0.0287693782778729,0.0575387565557459,rolling_conformal,0.0051831495371148,0.0726468583147556,0.0337318543888204,0.0674637087776408,rolling_conformal,-0.0463495038954279,0.0307895559428695,0.0385695299191487,0.0771390598382975,rolling_conformal,0.0071779637035767,0.0706520441482937,0.0317370402223584,0.0634740804447169,rolling_conformal,0.0020402363807721,0.0583767619789221,0.028168262799075,0.05633652559815,rolling_conformal,0.0020402363807721,0.0583767619789221,0.028168262799075,0.05633652559815,rolling_conformal
FOMC_0033,2024-03-20,SPY_ret,0.0092,-0.0070595460705632,0.0011731974961991,0.0014748966953385,0.0,1.0,0.0024099548322765,0.0035550315022188,0.0,1.0,0.0034060658182047,0.0050849574200455,0.0,1.0,0.0155068383962742,0.0240743666102157,0.0,1.0,0.0101297929165531,0.0157265035029487,0.0,1.0,0.0105422404403101,0.0163668282835815,0.0,1.0,0.9667586270525684,3.0,0.25,0.0120867698993021,0.0101925561563329,0.5425107763139589,-0.0270807382413818,0.0300305316320588,0.0285556349367203,0.0571112698734407,rolling_conformal,-0.0326855135161172,0.039795576520555,0.0362405450183361,0.0724810900366723,rolling_conformal,-0.0219641476162326,0.0321340624563237,0.0270491050362781,0.0540982100725563,rolling_conformal,-0.0007917605086784,0.0489404937291099,0.0248661271188941,0.0497322542377883,rolling_conformal,-0.0086904592908301,0.0401434662967277,0.0244169627937789,0.0488339255875579,rolling_conformal,-0.0352246573984246,0.0211055652572981,0.0281651113278613,0.0563302226557227,rolling_conformal,-0.0071350525605743,0.0398687091277375,0.0235018808441559,0.0470037616883119,rolling_conformal,-0.0120498306108818,0.0362233704094862,0.024136600510184,0.0482732010203681,rolling_conformal,-0.0120498306108818,0.0362233704094862,0.024136600510184,0.0482732010203681,rolling_conformal
FOMC_0033,2024-03-20,UUP_ret,-0.0046,-0.0007789823005978,-0.0004946864714898,0.000695274584477,0.0,1.0,-0.0006620119829594,0.0008775835122755,0.0,1.0,-0.0008414772023426,0.0011425977733854,0.0,1.0,-0.0007608214256802,-0.0006847392831122,0.0,1.0,-0.0007713365903616,0.0009460287426725,0.0,1.0,-0.0006839023909613,0.0010155950505775,0.0,1.0,0.9667586270525684,3.0,0.2949385742957652,0.0005349354616742,0.0032053718972999,0.1430214097717562,-0.0112840366583173,0.0126745858272714,0.0119793112427944,0.0239586224855888,rolling_conformal,-0.0107660621395835,0.0125212291641345,0.011643645651859,0.0232872913037181,rolling_conformal,-0.0102409383535992,0.01252613390037,0.0113835361269846,0.0227670722539693,rolling_conformal,-0.0129222270659433,0.0115527484997188,0.0122374877828311,0.0244749755656622,rolling_conformal,-0.0114018218269641,0.0132938793123091,0.0123478505696366,0.0246957011392733,rolling_conformal,-0.0121819643468638,0.010623999745668,0.0114029820462659,0.0228059640925318,rolling_conformal,-0.010711867891181,0.0127430579923361,0.0117274629417585,0.0234549258835171,rolling_conformal,-0.010140514422899,0.0112103853462475,0.0106754498845733,0.0213508997691466,rolling_conformal,-0.010140514422899,0.0112103853462475,0.0106754498845733,0.0213508997691466,rolling_conformal
FOMC_0031,2024-05-01,GLD_ret,0.0091,0.0050934315488913,0.0087938579660708,0.0142460499050348,0.0,1.0,0.0074740863258799,0.0121080198479255,0.0,1.0,0.0092728399997122,0.0141787923228493,0.0,1.0,0.0062025703851077,0.0100481640238746,0.0,1.0,0.0040697675902678,0.0064591975574932,0.0,1.0,0.0050851676963271,0.00823797166805,0.0,1.0,0.9527294467544336,3.0,0.3,0.0087535315587628,0.0056273518638876,0.6086924714270996,-0.0095149916395287,0.0380070914495984,0.0237610415445635,0.0475220830891271,rolling_conformal,-0.011653021696638,0.0358690613924891,0.0237610415445635,0.0475220830891271,rolling_conformal,-0.007811934701478,0.0361695193471768,0.0219907270243274,0.0439814540486549,rolling_conformal,-0.0137128775206889,0.0338092055684382,0.0237610415445635,0.0475220830891271,rolling_conformal,-0.0159472218907041,0.0288656170056906,0.0224064194481973,0.0448128388963947,rolling_conformal,-0.0144350433244796,0.0246219064222622,0.0195284748733709,0.0390569497467418,rolling_conformal,-0.0140694180995665,0.0305453614356665,0.0223073897676165,0.044614779535233,rolling_conformal,-0.0136668639904613,0.0311739271079871,0.0224203955492242,0.0448407910984485,rolling_conformal,-0.0136668639904613,0.0311739271079871,0.0224203955492242,0.0448407910984485,rolling_conformal
FOMC_0031,2024-05-01,QQQ_ret,-0.0072,0.0021358158751269,0.0033556707804939,0.0046020761782776,4.336808689942019e-19,0.9999999999999998,0.0038278658103423,0.006230430724714,4.336808689942019e-19,0.9999999999999998,0.0035041454639068,0.0055241766285238,0.0,1.0,-0.0042692807261759,-0.0038423526535583,0.0,1.0,-0.0032937871348786,-0.004524536012943,0.0,1.0,-0.0049135399330973,-0.0044221859397876,0.0,1.0,0.9527294467544336,3.0,0.2635759246042273,-0.0033670681848316,0.0121621079176267,0.2168225792785501,-0.0271954936854062,0.0363996460419615,0.0317975698636838,0.0635951397273677,rolling_conformal,-0.0271229695839486,0.0395838310333766,0.0333534003086626,0.0667068006173253,rolling_conformal,-0.0262433909970147,0.0372917442540625,0.0317675676255386,0.0635351352510773,rolling_conformal,-0.0326117309314313,0.0249270256243146,0.0287693782778729,0.0575387565557459,rolling_conformal,-0.0382563904017635,0.0292073183758773,0.0337318543888204,0.0674637087776408,rolling_conformal,-0.0364337140440217,0.0407053457942757,0.0385695299191487,0.0771390598382975,rolling_conformal,-0.0361592261621461,0.0273148542825708,0.0317370402223584,0.0634740804447169,rolling_conformal,-0.0315353309839066,0.0248011946142433,0.028168262799075,0.05633652559815,rolling_conformal,-0.0315353309839066,0.0248011946142433,0.028168262799075,0.05633652559815,rolling_conformal
FOMC_0031,2024-05-01,SPY_ret,-0.0032,0.0014635533470687,-0.0012043318792604,-0.0015360631726415,0.0,1.0,0.0047915689325557,0.0073718869575498,0.0,1.0,0.007979686673267,0.012388463560247,0.0,1.0,-0.0010049822790313,-0.0014210894374709,0.0,1.0,-0.0004484381688255,-0.0006276708343391,5.421010862427522e-20,0.9999999999999998,0.001752061661009,-0.0021956018353628,0.0,1.0,0.9527294467544336,3.0,0.25,-0.0014729349957182,0.0102165279816579,0.126006108108464,-0.0300916981093618,0.0270195717640788,0.0285556349367203,0.0571112698734407,rolling_conformal,-0.0288686580607862,0.043612431975886,0.0362405450183361,0.0724810900366723,rolling_conformal,-0.0146606414760311,0.0394375685965252,0.0270491050362781,0.0540982100725563,rolling_conformal,-0.0262872165563651,0.0234450376814232,0.0248661271188941,0.0497322542377883,rolling_conformal,-0.0250446336281181,0.0237892919594397,0.0244169627937789,0.0488339255875579,rolling_conformal,-0.0267015579807926,0.0296286646749301,0.0281651113278613,0.0563302226557227,rolling_conformal,-0.0256974826795188,0.021306279008793,0.0235018808441559,0.0470037616883119,rolling_conformal,-0.0256095355059022,0.0226636655144658,0.024136600510184,0.0482732010203681,rolling_conformal,-0.0256095355059022,0.0226636655144658,0.024136600510184,0.0482732010203681,rolling_conformal
FOMC_0031,2024-05-01,UUP_ret,-0.001,0.000171881530306,-0.0016354305538201,-0.0024286143724229,0.0,1.0,-0.0013768769739155,-0.0020446623062646,0.0,1.0,-0.0013384083239665,-0.001848299931606,0.0,1.0,-0.0013414869904271,-0.0019921081807843,0.0,1.0,-0.0015444872354187,-0.0022935635445968,0.0,1.0,-0.0015280802666042,-0.0019464950631311,0.0,1.0,0.9527294467544336,3.0,0.2561199475618266,-0.0015443302172141,0.0031727993948562,0.3273891265084583,-0.0144079256152174,0.0095506968703714,0.0119793112427944,0.0239586224855888,rolling_conformal,-0.0136883079581237,0.0095989833455944,0.011643645651859,0.0232872913037181,rolling_conformal,-0.0132318360585907,0.0095352361953785,0.0113835361269846,0.0227670722539693,rolling_conformal,-0.0142295959636155,0.0102453796020467,0.0122374877828311,0.0244749755656622,rolling_conformal,-0.0146414141142335,0.0100542870250398,0.0123478505696366,0.0246957011392733,rolling_conformal,-0.0112311005159598,0.011574863576572,0.0114029820462659,0.0228059640925318,rolling_conformal,-0.0136739580048897,0.0097809678786274,0.0117274629417585,0.0234549258835171,rolling_conformal,-0.0122197801017875,0.0091311196673591,0.0106754498845733,0.0213508997691466,rolling_conformal,-0.0122197801017875,0.0091311196673591,0.0106754498845733,0.0213508997691466,rolling_conformal
FOMC_0029,2024-06-12,GLD_ret,0.0027,0.0045109220340279,0.0050382888999325,0.0081620280178906,0.0,1.0,0.0026346191390212,0.0042680830052143,0.0,1.0,0.0035357214050327,0.005727868676153,0.0,1.0,0.0053575313499835,0.0086792007869732,0.0,1.0,0.004727975126072,0.0076593197042367,0.0,1.0,0.0070089826830044,0.0113545519464671,0.0,1.0,0.9641940458845052,3.0,0.2991926279853236,0.0111683859936066,0.0056395389882507,0.6644716323368635,-0.0155990135266729,0.0319230695624542,0.0237610415445635,0.0475220830891271,rolling_conformal,-0.0194929585393492,0.0280291245497779,0.0237610415445635,0.0475220830891271,rolling_conformal,-0.0162628583481744,0.0277185957004805,0.0219907270243274,0.0439814540486549,rolling_conformal,-0.0150818407575903,0.0324402423315368,0.0237610415445635,0.0475220830891271,rolling_conformal,-0.0147470997439606,0.0300657391524341,0.0224064194481973,0.0448128388963947,rolling_conformal,-0.0150175528393429,0.0240393969073989,0.0195284748733709,0.0390569497467418,rolling_conformal,-0.0109528378211493,0.0336619417140836,0.0223073897676165,0.044614779535233,rolling_conformal,-0.0112520095556176,0.0335887815428308,0.0224203955492242,0.0448407910984485,rolling_conformal,-0.0112520095556176,0.0335887815428308,0.0224203955492242,0.0448407910984485,rolling_conformal
FOMC_0029,2024-06-12,QQQ_ret,0.0131,0.0119521773143546,0.0023080279572726,0.0020772251615454,0.0,1.0,0.0028584504046845,0.0041309184502507,0.0,1.0,0.0002046772631167,0.0002938658248613,0.0,1.0,0.0002086003409877,0.0001877403068889,0.0,1.0,0.0006697804834918,-0.0009424536278487,0.0,1.0,0.0008823449393874,0.0007941104454486,0.0,1.0,0.9641940458845052,3.0,0.3154552367177543,0.0053924763386149,0.0121749355645112,0.306959459865613,-0.0297203447021384,0.0338747950252292,0.0317975698636838,0.0635951397273677,rolling_conformal,-0.0292224818584118,0.0374843187589134,0.0333534003086626,0.0667068006173253,rolling_conformal,-0.0314737018006773,0.0320614334503999,0.0317675676255386,0.0635351352510773,rolling_conformal,-0.028581637970984,0.0289571185847619,0.0287693782778729,0.0575387565557459,rolling_conformal,-0.0346743080166691,0.0327894007609716,0.0337318543888204,0.0674637087776408,rolling_conformal,-0.026617352604794,0.0505217072335034,0.0385695299191487,0.0771390598382975,rolling_conformal,-0.0309429297769097,0.0325311506678071,0.0317370402223584,0.0634740804447169,rolling_conformal,-0.02277578646046,0.0335607391376899,0.028168262799075,0.05633652559815,rolling_conformal,-0.02277578646046,0.0335607391376899,0.028168262799075,0.05633652559815,rolling_conformal
FOMC_0029,2024-06-12,SPY_ret,0.0082,0.0055493957952959,0.001407852024361,0.002038868823977,0.0,1.0,0.0019140175767608,0.0029715122879212,2.1684043449710093e-19,0.9999999999999998,0.0008730216393825,0.0012373889246312,1.0842021724855044e-19,0.9999999999999998,0.0004539077849748,0.0004085170064773,5.421010862427522e-20,0.9999999999999998,-0.0011849301670608,-0.0010664371503547,0.0,1.0,-0.0014346230302856,-0.0018736046751281,0.0,1.0,0.9641940458845052,3.0,0.25,-2.053274115049003e-05,0.0102165279816579,0.0020067011068625,-0.0265167661127433,0.0305945037606974,0.0285556349367203,0.0571112698734407,rolling_conformal,-0.0332690327304149,0.0392120573062573,0.0362405450183361,0.0724810900366723,rolling_conformal,-0.0258117161116469,0.0282864939609094,0.0270491050362781,0.0540982100725563,rolling_conformal,-0.0244576101124168,0.0252746441253715,0.0248661271188941,0.0497322542377883,rolling_conformal,-0.0254833999441336,0.0233505256434242,0.0244169627937789,0.0488339255875579,rolling_conformal,-0.0226157155325654,0.0337145071231573,0.0281651113278613,0.0563302226557227,rolling_conformal,-0.0253754855192841,0.0216282761690277,0.0235018808441559,0.0470037616883119,rolling_conformal,-0.0241571332513345,0.0241160677690335,0.024136600510184,0.0482732010203681,rolling_conformal,-0.0241571332513345,0.0241160677690335,0.024136600510184,0.0482732010203681,rolling_conformal
FOMC_0029,2024-06-12,UUP_ret,-0.0045,-0.0031587290205279,-0.0005657825602503,0.0007380339113093,0.0,1.0,-0.0008087288064576,-0.0011451853063261,0.0,1.0,-0.0002528281847556,-0.0002275453662801,0.0,1.0,-0.0011292004156737,-0.0014565760841028,0.0,1.0,-0.0009268449722951,-0.0011360907127272,0.0,1.0,-0.0001574544816651,-0.0001417090334985,0.0,1.0,0.9641940458845052,3.0,0.3217269258839567,-0.0012236021591815,0.0031738563294516,0.2782537640336581,-0.0112412773314851,0.0127173451541037,0.0119793112427944,0.0239586224855888,rolling_conformal,-0.0127888309581852,0.0104984603455329,0.011643645651859,0.0232872913037181,rolling_conformal,-0.0116110814932647,0.0111559907607045,0.0113835361269846,0.0227670722539693,rolling_conformal,-0.013694063866934,0.0107809116987282,0.0122374877828311,0.0244749755656622,rolling_conformal,-0.0134839412823638,0.0112117598569094,0.0123478505696366,0.0246957011392733,rolling_conformal,-0.0145617110667938,0.008244253025738,0.0114029820462659,0.0228059640925318,rolling_conformal,-0.0118691719752571,0.01158575390826,0.0117274629417585,0.0234549258835171,rolling_conformal,-0.0118990520437549,0.0094518477253917,0.0106754498845733,0.0213508997691466,rolling_conformal,-0.0118990520437549,0.0094518477253917,0.0106754498845733,0.0213508997691466,rolling_conformal
FOMC_0027,2024-07-31,GLD_ret,0.0181,-0.0108101502207682,0.0049968294540267,0.0080948637155233,0.0,1.0,0.0081382238701073,0.0131839226695739,0.0,1.0,0.004611820888726,0.0074711498397361,0.0,1.0,0.007389620355538,0.0119711849759715,8.673617379884035e-19,0.9999999999999998,0.0067635274481099,0.0109569144659381,0.0,1.0,0.0050794605951832,0.0082287261641969,0.0,1.0,0.9563327926830728,3.0,0.3,0.0030204758984488,0.0055837621725857,0.351045887277124,-0.0156661778290402,0.0318559052600869,0.0237610415445635,0.0475220830891271,rolling_conformal,-0.0105771188749896,0.0369449642141375,0.0237610415445635,0.0475220830891271,rolling_conformal,-0.0145195771845913,0.0294618768640636,0.0219907270243274,0.0439814540486549,rolling_conformal,-0.011789856568592,0.0357322265205351,0.0237610415445635,0.0475220830891271,rolling_conformal,-0.0114495049822592,0.0333633339141355,0.0224064194481973,0.0448128388963947,rolling_conformal,-0.0303386250941391,0.0087183246526026,0.0195284748733709,0.0390569497467418,rolling_conformal,-0.0140786636034196,0.0305361159318134,0.0223073897676165,0.044614779535233,rolling_conformal,-0.0193999196507754,0.0254408714476731,0.0224203955492242,0.0448407910984485,rolling_conformal,-0.0193999196507754,0.0254408714476731,0.0224203955492242,0.0448407910984485,rolling_conformal
FOMC_0027,2024-07-31,QQQ_ret,0.0296,-0.0136415921374199,0.0036666084084583,0.0032999475676124,0.0,1.0,0.0033272659084822,0.0049112244899427,0.0,1.0,0.000372852558607,0.0005365147108949,0.0,1.0,0.0234629004117724,0.0390849626059655,0.0,1.0,0.0224973517802663,0.0379642811291994,0.0,1.0,0.016686265654291,0.028158073291616,0.0,1.0,0.9563327926830728,3.0,0.3031947909925238,0.0193557905853775,0.0122042365185209,0.613300945168617,-0.0284976222960713,0.0350975174312963,0.0317975698636838,0.0635951397273677,rolling_conformal,-0.0284421758187198,0.0382646247986054,0.0333534003086626,0.0667068006173253,rolling_conformal,-0.0312310529146437,0.0323040823364336,0.0317675676255386,0.0635351352510773,rolling_conformal,0.0103155843280925,0.0678543408838384,0.0287693782778729,0.0575387565557459,rolling_conformal,0.0042324267403789,0.0716961355180198,0.0337318543888204,0.0674637087776408,rolling_conformal,-0.0522111220565687,0.0249279377817288,0.0385695299191487,0.0771390598382975,rolling_conformal,-0.0035789669307423,0.0598951135139745,0.0317370402223584,0.0634740804447169,rolling_conformal,-0.0088124722136974,0.0475240533844525,0.028168262799075,0.05633652559815,rolling_conformal,-0.0088124722136974,0.0475240533844525,0.028168262799075,0.05633652559815,rolling_conformal
FOMC_0027,2024-07-31,SPY_ret,0.0163,-0.0110829454669126,0.0022211654605594,-0.0032226566271407,0.0,1.0,0.0054143778717634,-0.0077265452036537,0.0,1.0,-0.0050375841339557,-0.0066519664404372,0.0,1.0,0.0155871394298312,0.0234113419607829,0.0,1.0,0.013605969465869,0.0206016578640387,1.734723475976807e-18,0.9999999999999998,0.0104871421875648,0.0162812882461944,0.0,1.0,0.9563327926830728,3.0,0.25,0.0108562642906053,0.0102398498524148,0.51460989786587,-0.0317782915638611,0.0253329783095795,0.0285556349367203,0.0571112698734407,rolling_conformal,-0.0439670902219898,0.0285139998146824,0.0362405450183361,0.0724810900366723,rolling_conformal,-0.0337010714767154,0.0203971385958409,0.0270491050362781,0.0540982100725563,rolling_conformal,-0.0014547851581112,0.0482774690796771,0.0248661271188941,0.0497322542377883,rolling_conformal,-0.0038153049297402,0.0450186206578176,0.0244169627937789,0.0488339255875579,rolling_conformal,-0.039248056794774,0.0170821658609487,0.0281651113278613,0.0563302226557227,rolling_conformal,-0.0072205925979615,0.0397831690903503,0.0235018808441559,0.0470037616883119,rolling_conformal,-0.0132803362195787,0.0349928648007893,0.024136600510184,0.0482732010203681,rolling_conformal,-0.0132803362195787,0.0349928648007893,0.024136600510184,0.0482732010203681,rolling_conformal
FOMC_0027,2024-07-31,UUP_ret,-0.0055,0.0048430945828175,-0.0007394660593607,0.0010981070981507,0.0,1.0,-0.0010588485632755,0.0015723901164641,0.0,1.0,-0.0032331116615874,0.0047394620001858,0.0,1.0,-0.0018379348403517,-0.0027293332379223,0.0,1.0,-0.0012797555693283,-0.0011517800123955,0.0,1.0,-0.002226196144674,0.0027847598445498,0.0,1.0,0.9563327926830728,3.0,0.3074167153309465,0.0037592789837236,0.0031664934864925,0.5427962832922031,-0.0108812041446436,0.0130774183409452,0.0119793112427944,0.0239586224855888,rolling_conformal,-0.0100712555353949,0.0132160357683232,0.011643645651859,0.0232872913037181,rolling_conformal,-0.0066440741267987,0.0161229981271705,0.0113835361269846,0.0227670722539693,rolling_conformal,-0.0149668210207535,0.0095081545449087,0.0122374877828311,0.0244749755656622,rolling_conformal,-0.0134996305820322,0.0111960705572411,0.0123478505696366,0.0246957011392733,rolling_conformal,-0.0065598874634483,0.0162460766290834,0.0114029820462659,0.0228059640925318,rolling_conformal,-0.0089427030972087,0.0145122227863084,0.0117274629417585,0.0234549258835171,rolling_conformal,-0.0069161709008496,0.014434728868297,0.0106754498845733,0.0213508997691466,rolling_conformal,-0.0069161709008496,0.014434728868297,0.0106754498845733,0.0213508997691466,rolling_conformal
FOMC_0026,2024-09-18,GLD_ret,-0.0077104654052888,-0.0077229858019289,0.0057758918725546,0.0093569448335384,0.0,1.0,0.002227765426981,0.0036089799917092,0.0,1.0,0.0086635120963266,0.0140348895960491,0.0,1.0,0.0087425524834676,0.0141629350232175,0.0,1.0,0.0039995119642768,0.0064792093821285,0.0,1.0,0.0136701526829797,0.0188379857085505,0.0,1.0,0.9733222145375426,3.0,0.3,0.013043633106488,0.0056277174769172,0.6985909274378723,-0.0144040967110251,0.033117986378102,0.0237610415445635,0.0475220830891271,rolling_conformal,-0.0201520615528543,0.0273700215362728,0.0237610415445635,0.0475220830891271,rolling_conformal,-0.0079558374282782,0.0360256166203766,0.0219907270243274,0.0439814540486549,rolling_conformal,-0.009598106521346,0.0379239765677811,0.0237610415445635,0.0475220830891271,rolling_conformal,-0.0159272100660688,0.0288856288303259,0.0224064194481973,0.0448128388963947,rolling_conformal,-0.0273401750920023,0.0118942034881443,0.0196171892900733,0.0392343785801466,rolling_conformal,-0.0034694040590659,0.041145375476167,0.0223073897676165,0.044614779535233,rolling_conformal,-0.0093767624427362,0.0354640286557123,0.0224203955492242,0.0448407910984485,rolling_conformal,-0.0093767624427362,0.0354640286557123,0.0224203955492242,0.0448407910984485,rolling_conformal
FOMC_0026,2024-09-18,QQQ_ret,-0.0043,-0.0116834109739554,0.0045475247804412,0.0064831963541132,0.0,1.0,0.0012233761553009,0.001730635278151,0.0,1.0,0.0216290783729975,0.0194661705356977,0.0,1.0,0.0162346512080646,0.0273959739136091,0.0,1.0,0.0164487616222034,0.0277572852374683,0.0,1.0,0.0242213027669424,0.0396008150080974,0.0,1.0,0.9733222145375426,3.0,0.3251679800382734,0.0286560335471087,0.0123688762626198,0.6985033408965567,-0.0253143735095706,0.0382807662177971,0.0317975698636838,0.0635951397273677,rolling_conformal,-0.0316227650305115,0.0350840355868137,0.0333534003086626,0.0667068006173253,rolling_conformal,-0.0123013970898408,0.0512337381612364,0.0317675676255386,0.0635351352510773,rolling_conformal,-0.0013734043642638,0.056165352191482,0.0287693782778729,0.0575387565557459,rolling_conformal,-0.005974569151352,0.0614891396262888,0.0337318543888204,0.0674637087776408,rolling_conformal,-0.0502893697012222,0.0269225477533113,0.0386059587272668,0.0772119174545336,rolling_conformal,0.0078637747857389,0.0713378552304559,0.0317370402223584,0.0634740804447169,rolling_conformal,0.0004877707480336,0.0568242963461837,0.028168262799075,0.05633652559815,rolling_conformal,0.0004877707480336,0.0568242963461837,0.028168262799075,0.05633652559815,rolling_conformal
FOMC_0026,2024-09-18,SPY_ret,-0.003,-0.0084426888134148,0.0046951736192984,0.006328036345823,0.0,1.0,0.0043311646293,0.0066793157926198,0.0,1.0,0.0025137328638113,0.0022623595774302,0.0,1.0,0.0130458176079099,0.0202536318362802,1.734723475976807e-18,0.9999999999999998,0.0112034627426027,0.0173933759078907,0.0,1.0,0.0083821246953093,0.0130132485894678,0.0,1.0,0.9733222145375426,3.0,0.25,0.0087966538745592,0.01031428310645,0.4602945046784213,-0.0222275985908973,0.0348836712825434,0.0285556349367203,0.0571112698734407,rolling_conformal,-0.0295612292257162,0.042919860810956,0.0362405450183361,0.0724810900366723,rolling_conformal,-0.0247867454588479,0.0293114646137084,0.0270491050362781,0.0540982100725563,rolling_conformal,-0.0046124952826139,0.0451197589551743,0.0248661271188941,0.0497322542377883,rolling_conformal,-0.0070235868858882,0.0418103387016696,0.0244169627937789,0.0488339255875579,rolling_conformal,-0.0366078001412762,0.0197224225144465,0.0281651113278613,0.0563302226557227,rolling_conformal,-0.0104886322546881,0.0365151294336237,0.0235018808441559,0.0470037616883119,rolling_conformal,-0.0153399466356248,0.0329332543847432,0.024136600510184,0.0482732010203681,rolling_conformal,-0.0153399466356248,0.0329332543847432,0.024136600510184,0.0482732010203681,rolling_conformal
FOMC_0026,2024-09-18,UUP_ret,0.0011,0.0033269432921618,-0.0013988767932925,-0.0012589891139633,0.0,1.0,-0.001478568633675,-0.0017777067418707,0.0,1.0,-0.0020220444193978,-0.0030027359628057,0.0,1.0,-0.002017055891208,-0.0029953279984439,0.0,1.0,-0.0027217322916134,-0.0040417724530459,0.0,1.0,-0.0017108222638155,-0.0025405710617661,0.0,1.0,0.9733222145375426,3.0,0.3180206364836634,-0.0007420384535882,0.0031661673992383,0.1898688510389082,-0.0132383003567577,0.010720322128831,0.0119793112427944,0.0239586224855888,rolling_conformal,-0.0134213523937298,0.0098659389099882,0.011643645651859,0.0232872913037181,rolling_conformal,-0.0143862720897904,0.0083808001641788,0.0113835361269846,0.0227670722539693,rolling_conformal,-0.0151981319586422,0.0092074759617542,0.0122028039601982,0.0244056079203964,rolling_conformal,-0.0163249062027558,0.0082413612966639,0.0122831337497098,0.0245662674994197,rolling_conformal,-0.008076038754104,0.0147299253384277,0.0114029820462659,0.0228059640925318,rolling_conformal,-0.0137910513709704,0.0087099092474381,0.0112504803092042,0.0225009606184085,rolling_conformal,-0.0110241891794929,0.0095401122723164,0.0102821507259047,0.0205643014518094,rolling_conformal,-0.0110241891794929,0.0095401122723164,0.0102821507259047,0.0205643014518094,rolling_conformal
FOMC_0024,2024-11-07,GLD_ret,0.0160765038555301,0.004349505753354,0.0059959358390154,0.009713416059205,0.0,1.0,0.0021152761635051,0.0034267473848783,0.0,1.0,0.0045907127606189,0.0074369546722026,0.0,1.0,0.0042518006874557,0.0068879171136782,0.0,1.0,0.0036142410950769,0.0058550705740247,0.0,1.0,0.0037230953738874,0.0060314145056977,0.0,1.0,0.960897894412278,3.0,0.2958642689321992,0.0066405573627298,0.0056736881950353,0.5392585310236128,-0.0140476254853585,0.0334744576037686,0.0237610415445635,0.0475220830891271,rolling_conformal,-0.0203342941596852,0.0271877889294419,0.0237610415445635,0.0475220830891271,rolling_conformal,-0.0145537723521248,0.02942768169653,0.0219907270243274,0.0439814540486549,rolling_conformal,-0.0168731244308853,0.0306489586582418,0.0237610415445635,0.0475220830891271,rolling_conformal,-0.0165513488741726,0.028261490022222,0.0224064194481973,0.0448128388963947,rolling_conformal,-0.0152676835367193,0.0239666950434273,0.0196171892900733,0.0392343785801466,rolling_conformal,-0.0169437807907459,0.0290066098021413,0.0229751952964436,0.0459503905928872,rolling_conformal,-0.0157798381864944,0.0290609529119541,0.0224203955492242,0.0448407910984485,rolling_conformal,-0.0157798381864944,0.0290609529119541,0.0224203955492242,0.0448407910984485,rolling_conformal
FOMC_0024,2024-11-07,QQQ_ret,0.0157,0.0026391681617777,0.0039591448576703,0.0035632303719033,0.0,1.0,0.0044977694805875,0.007344135567973,0.0,1.0,0.0035771596977714,0.0052155460014237,0.0,1.0,-0.0045685392128485,-0.0041116852915636,0.0,1.0,-0.0030402359736722,-0.002736212376305,0.0,1.0,-0.0021523112988145,0.003452786920271,0.0,1.0,0.960897894412278,3.0,0.2764178324035407,0.0040348602333068,0.0123630930191437,0.2460592313319089,-0.0282343394917805,0.0353608002355871,0.0317975698636838,0.0635951397273677,rolling_conformal,-0.0260092647406896,0.0406975358766356,0.0333534003086626,0.0667068006173253,rolling_conformal,-0.0265520216241148,0.0369831136269624,0.0317675676255386,0.0635351352510773,rolling_conformal,-0.0358076592051727,0.0275842886220454,0.0316959739136091,0.0633919478272182,rolling_conformal,-0.0364680667651254,0.0309956420125153,0.0337318543888204,0.0674637087776408,rolling_conformal,-0.035966790565489,0.0412451268890446,0.0386059587272668,0.0772119174545336,rolling_conformal,-0.0357954067770299,0.0427009806175721,0.039248193697301,0.0784963873946021,rolling_conformal,-0.0252330107252399,0.0333027311918536,0.0292678709585467,0.0585357419170935,rolling_conformal,-0.0252330107252399,0.0333027311918536,0.0292678709585467,0.0585357419170935,rolling_conformal
FOMC_0024,2024-11-07,SPY_ret,0.0077,-0.0015392385000576,0.0037549685440683,0.0033794716896614,4.336808689942019e-19,0.9999999999999998,0.0038336674393648,0.0048550582580571,0.0,1.0,0.0040404968640158,0.00549833550652,0.0,1.0,0.0011266373308052,-0.0015074754139393,0.0,1.0,0.0015676241495533,-0.0020668622704193,0.0,1.0,0.0005046208914691,0.0006431656710405,0.0,1.0,0.960897894412278,3.0,0.25,0.0001121993225059,0.0103150416383066,0.0107611606287797,-0.0251761632470588,0.0319351066263818,0.0285556349367203,0.0571112698734407,rolling_conformal,-0.0313854867602789,0.0410956032763933,0.0362405450183361,0.0724810900366723,rolling_conformal,-0.0215507695297581,0.0325474405427982,0.0270491050362781,0.0540982100725563,rolling_conformal,-0.0263736025328335,0.0233586517049548,0.0248661271188941,0.0497322542377883,rolling_conformal,-0.0264838250641982,0.0223501005233596,0.0244169627937789,0.0488339255875579,rolling_conformal,-0.029704349827919,0.0266258728278037,0.0281651113278613,0.0563302226557227,rolling_conformal,-0.0228587151731154,0.0241450465151965,0.0235018808441559,0.0470037616883119,rolling_conformal,-0.0240244011876781,0.0242487998326899,0.024136600510184,0.0482732010203681,rolling_conformal,-0.0240244011876781,0.0242487998326899,0.024136600510184,0.0482732010203681,rolling_conformal
FOMC_0024,2024-11-07,UUP_ret,-0.0081,-0.0002881180625964,-0.001368696238556,-0.0020325139142557,0.0,1.0,-0.0006486306383176,-0.0009632164979017,0.0,1.0,-0.0010459287972274,-0.0015532042638828,0.0,1.0,-0.0009220533495438,-0.0013692492240726,0.0,1.0,-0.000680335292355,-0.0010102979091472,0.0,1.0,-0.0007400097986183,-0.0010989145509482,0.0,1.0,0.960897894412278,3.0,0.2721709745449984,-0.0009660632086114,0.0031188780033851,0.2364956540421526,-0.0140118251570501,0.0099467973285386,0.0119793112427944,0.0239586224855888,rolling_conformal,-0.0126068621497608,0.0106804291539572,0.011643645651859,0.0232872913037181,rolling_conformal,-0.0129367403908674,0.0098303318631018,0.0113835361269846,0.0227670722539693,rolling_conformal,-0.0135720531842708,0.0108335547361256,0.0122028039601982,0.0244056079203964,rolling_conformal,-0.0132934316588571,0.0112728358405626,0.0122831337497098,0.0245662674994197,rolling_conformal,-0.0116911001088623,0.0111148639836694,0.0114029820462659,0.0228059640925318,rolling_conformal,-0.0123493948601524,0.010151565758256,0.0112504803092042,0.0225009606184085,rolling_conformal,-0.0112482139345161,0.0093160875172932,0.0102821507259047,0.0205643014518094,rolling_conformal,-0.0112482139345161,0.0093160875172932,0.0102821507259047,0.0205643014518094,rolling_conformal
FOMC_0021,2024-12-18,GLD_ret,-0.0191850778377131,0.0020297911905222,0.0084275035388254,0.0136525557328971,0.0,1.0,0.0059141843896337,0.0095809787112066,0.0,1.0,0.0039299823494085,0.0060411232459155,0.0,1.0,0.0057481340100859,0.0093119770963391,0.0,1.0,0.0045135275742496,0.0073119146702844,0.0,1.0,0.0043644343395141,0.0070703836300129,0.0,1.0,0.9809731462161456,3.0,0.3,0.0066698470777988,0.0056804987774072,0.5400538377999264,-0.0076344495423034,0.0349395610080978,0.0212870052752006,0.0425740105504012,rolling_conformal,-0.0132710031185678,0.0324329605409811,0.0228519818297745,0.045703963659549,rolling_conformal,-0.0157042317554224,0.0277864782472535,0.0217453550013379,0.0434907100026759,rolling_conformal,-0.0136191880242978,0.0322431422169761,0.0229311651206369,0.0458623302412739,rolling_conformal,-0.0144162876509689,0.0290401169915378,0.0217282023212534,0.0434564046425068,rolling_conformal,-0.017587398099551,0.0216469804805956,0.0196171892900733,0.0392343785801466,rolling_conformal,-0.0152370061376035,0.0293777733976294,0.0223073897676165,0.044614779535233,rolling_conformal,-0.0148767842165342,0.028216478372132,0.0215466312943331,0.0430932625886662,rolling_conformal,-0.0148767842165342,0.028216478372132,0.0215466312943331,0.0430932625886662,rolling_conformal
FOMC_0021,2024-12-18,QQQ_ret,-0.0361,0.0036240876933313,0.0053491076724403,0.0048141969051963,0.0,1.0,0.0050509931929889,0.00454589387369,0.0,1.0,0.003543565349676,0.0031892088147084,4.336808689942019e-19,0.9999999999999998,0.0011585186212635,0.0015894289628598,0.0,1.0,0.0013826055284459,0.0012443449756013,0.0,1.0,0.0014931354349037,0.0023473481048648,0.0,1.0,0.9809731462161456,3.0,0.3268017606466536,0.0034557360628287,0.0122594071634806,0.2198989734979709,-0.0269833729584875,0.0366117667688801,0.0317975698636838,0.0635951397273677,rolling_conformal,-0.0288075064349726,0.0378992941823526,0.0333534003086626,0.0667068006173253,rolling_conformal,-0.0285783588108301,0.0349567764402471,0.0317675676255386,0.0635351352510773,rolling_conformal,-0.0301065449507492,0.0332854028764689,0.0316959739136091,0.0633919478272182,rolling_conformal,-0.032487509413219,0.0349761993644218,0.0337318543888204,0.0674637087776408,rolling_conformal,-0.0349818710339354,0.0422300464205981,0.0386059587272668,0.0772119174545336,rolling_conformal,-0.0369008455924361,0.0415955418021659,0.039248193697301,0.0784963873946021,rolling_conformal,-0.025812134895718,0.0327236070213755,0.0292678709585467,0.0585357419170935,rolling_conformal,-0.025812134895718,0.0327236070213755,0.0292678709585467,0.0585357419170935,rolling_conformal
FOMC_0021,2024-12-18,SPY_ret,-0.0298,0.0003738440093818,0.0030191395664985,0.0043781554122012,0.0,1.0,0.0016956963282292,0.0023762761045379,0.0,1.0,0.0001388368800563,0.0001249531920507,0.0,1.0,-0.000589010586438,-0.0005301095277942,0.0,1.0,-0.003482192137362,-0.0031339729236258,4.336808689942019e-19,0.9999999999999998,-0.0016277891991382,-0.0014650102792243,2.1684043449710093e-19,0.9999999999999998,0.9809731462161456,3.0,0.25,-0.0011560912131337,0.0102845282341972,0.1010522382930135,-0.0241774795245191,0.0329337903489216,0.0285556349367203,0.0571112698734407,rolling_conformal,-0.0338642689137982,0.038616821122874,0.0362405450183361,0.0724810900366723,rolling_conformal,-0.0269241518442274,0.0271740582283289,0.0270491050362781,0.0540982100725563,rolling_conformal,-0.0253962366466884,0.0243360175910999,0.0248661271188941,0.0497322542377883,rolling_conformal,-0.0275509357174047,0.0212829898701531,0.0244169627937789,0.0488339255875579,rolling_conformal,-0.0277912673184795,0.0285389553372432,0.0281651113278613,0.0563302226557227,rolling_conformal,-0.0249668911233803,0.0220368705649315,0.0235018808441559,0.0470037616883119,rolling_conformal,-0.0252926917233178,0.0229805092970502,0.024136600510184,0.0482732010203681,rolling_conformal,-0.0252926917233178,0.0229805092970502,0.024136600510184,0.0482732010203681,rolling_conformal
FOMC_0021,2024-12-18,UUP_ret,0.0116,-0.0019220386777517,-0.0010971372541047,-0.0016292488223455,0.0,1.0,-0.0013951786440007,-0.0020718402863411,0.0,1.0,-0.0016260962361641,-0.0023574185661941,0.0,1.0,-0.0011580458324949,-0.0017196980612549,0.0,1.0,-0.0014675234712151,-0.0021792723547545,0.0,1.0,-0.0013237734559655,-0.001935404649681,0.0,1.0,0.9809731462161456,3.0,0.3275950756337757,-0.0021241286254055,0.0031328142300493,0.4040627115766111,-0.0130098152713486,0.0097513176266575,0.0113805664490031,0.0227611328980062,rolling_conformal,-0.0133953661603507,0.0092516855876684,0.0113235258740095,0.0226470517480191,rolling_conformal,-0.0136129541372928,0.0088981170049045,0.0112555355710987,0.0225110711421974,rolling_conformal,-0.0119188940729207,0.0084794979504108,0.0101991960116657,0.0203983920233315,rolling_conformal,-0.0138007870298951,0.0094422423203861,0.0116215146751406,0.0232430293502813,rolling_conformal,-0.0124834967372564,0.0086394193817529,0.0105614580595046,0.0211229161190093,rolling_conformal,-0.01272586098748,0.008855051688118,0.010790456337799,0.0215809126755981,rolling_conformal,-0.0121020310915957,0.0078537738407847,0.0099779024661902,0.0199558049323804,rolling_conformal,-0.0121020310915957,0.0078537738407847,0.0099779024661902,0.0199558049323804,rolling_conformal
FOMC_0019,2025-01-29,GLD_ret,-0.0038404097330004,0.0032607274100622,0.0015662533363777,0.0025373304049319,0.0,1.0,0.0038103337460039,0.0061727406685263,0.0,1.0,0.0083452321015789,0.0135192760045579,0.0,1.0,0.0056249204953567,0.009112371202478,0.0,1.0,0.0065543676198877,0.0106180755442181,8.673617379884035e-19,0.9999999999999998,0.0097299779993544,0.0157625643589542,0.0,1.0,0.9715652142686096,3.0,0.3,0.0144144159291439,0.0059239994231709,0.7087287083168059,-0.0212237111396316,0.0262983719494955,0.0237610415445635,0.0475220830891271,rolling_conformal,-0.0175883008760372,0.0299337822130899,0.0237610415445635,0.0475220830891271,rolling_conformal,-0.0084714510197695,0.0355100030288854,0.0219907270243274,0.0439814540486549,rolling_conformal,-0.0146486703420855,0.0328734127470416,0.0237610415445635,0.0475220830891271,rolling_conformal,-0.0117883439039792,0.0330244949924155,0.0224064194481973,0.0448128388963947,rolling_conformal,-0.0178536017600897,0.0243750565802141,0.0211143291701519,0.0422286583403039,rolling_conformal,-0.0072126309374894,0.0387377596553978,0.0229751952964436,0.0459503905928872,rolling_conformal,-0.0080059796200803,0.0368348114783682,0.0224203955492242,0.0448407910984485,rolling_conformal,-0.0080059796200803,0.0368348114783682,0.0224203955492242,0.0448407910984485,rolling_conformal
FOMC_0019,2025-01-29,QQQ_ret,-0.0019,-0.0014331776561956,-0.0007320260326879,0.0011218118817862,0.0,1.0,-0.0008778697150917,0.0014814051442173,0.0,1.0,0.0018590978148302,0.0030656331181196,0.0,1.0,0.0023872813578538,0.0021485532220684,0.0,1.0,0.003280205785447,0.0044703738637156,0.0,1.0,0.0027491661892726,0.0044714203698443,0.0,1.0,0.9715652142686096,3.0,0.2916558546127643,0.0034366372330185,0.0124343157833473,0.2165367803752509,-0.0388377582428403,0.0410813820064128,0.0399595701246265,0.0799191402492531,rolling_conformal,-0.0345217496363281,0.0374845599247627,0.0360031547805454,0.0720063095610908,rolling_conformal,-0.035090525025694,0.0412217912619332,0.0381561581438136,0.0763123162876273,rolling_conformal,-0.0321411670043496,0.0364382734484864,0.034289720226418,0.068579440452836,rolling_conformal,-0.0298193463627024,0.0387600940901336,0.034289720226418,0.068579440452836,rolling_conformal,-0.0407621837323055,0.0378958284199142,0.0393290060761098,0.0786580121522197,rolling_conformal,-0.0347767733274566,0.0437196140671454,0.039248193697301,0.0784963873946021,rolling_conformal,-0.0282718977919964,0.0351451722580335,0.031708535025015,0.06341707005003,rolling_conformal,-0.0282718977919964,0.0351451722580335,0.031708535025015,0.06341707005003,rolling_conformal
FOMC_0019,2025-01-29,SPY_ret,-0.0045,-0.0029706099392379,-0.0032070758260367,0.0040817357147066,0.0,1.0,-0.0029428151777093,0.0041340015717226,0.0,1.0,0.0003321015388715,0.0005155876390981,0.0,1.0,0.0027124394305224,0.0037315703544909,0.0,1.0,0.002980689797886,0.0039695365175058,0.0,1.0,0.0027958827154739,0.0043406079157733,0.0,1.0,0.9715652142686096,3.0,0.25,0.0028897239698236,0.0104142863893787,0.2172075727338156,-0.0261138300749151,0.0342773015043284,0.0301955657896218,0.0603911315792436,rolling_conformal,-0.0321065434466135,0.0403745465900587,0.0362405450183361,0.0724810900366723,rolling_conformal,-0.0284463014752793,0.0294774767534755,0.0289618891143774,0.0579237782287548,rolling_conformal,-0.0224731926517872,0.0299363333607692,0.0262047630062782,0.0524095260125564,rolling_conformal,-0.021059119668423,0.0289981927034347,0.0250286561859289,0.0500573123718578,rolling_conformal,-0.0331095453764941,0.0271683254980182,0.0301389354372562,0.0602778708745124,rolling_conformal,-0.0197111616946951,0.0283923775262418,0.0240517696104685,0.048103539220937,rolling_conformal,-0.0216640372802075,0.0274434852198547,0.0245537612500311,0.0491075225000622,rolling_conformal,-0.0216640372802075,0.0274434852198547,0.0245537612500311,0.0491075225000622,rolling_conformal
FOMC_0019,2025-01-29,UUP_ret,0.002,-0.0012327045860416,-0.0013555880968379,-0.0020130483238043,0.0,1.0,-0.0008403977194427,-0.0012479906133724,1.0842021724855044e-19,0.9999999999999998,-0.0010398185200805,-0.0015441305023196,0.0,1.0,-0.001261666556764,-0.0018735748367945,0.0,1.0,-0.0019942847360392,-0.0029615128330182,0.0,1.0,-0.0015504819246564,-0.0023024656581148,0.0,1.0,0.9715652142686096,3.0,0.3029498250760683,-0.0021762199013027,0.0032886708561362,0.3982194733070694,-0.0139923595665988,0.00996626291899,0.0119793112427944,0.0239586224855888,rolling_conformal,-0.0128916362652315,0.0103956550384865,0.011643645651859,0.0232872913037181,rolling_conformal,-0.0129276666293043,0.0098394056246649,0.0113835361269846,0.0227670722539693,rolling_conformal,-0.0140763787969927,0.0103292291234036,0.0122028039601982,0.0244056079203964,rolling_conformal,-0.0145830275081589,0.0086600018421223,0.0116215146751406,0.0232430293502813,rolling_conformal,-0.0126356866323076,0.0101702774602242,0.0114029820462659,0.0228059640925318,rolling_conformal,-0.0130929219959138,0.0084879906796842,0.010790456337799,0.0215809126755981,rolling_conformal,-0.012154122367493,0.0078016825648874,0.0099779024661902,0.0199558049323804,rolling_conformal,-0.012154122367493,0.0078016825648874,0.0099779024661902,0.0199558049323804,rolling_conformal
FOMC_0018,2025-03-19,GLD_ret,0.0041077079996585,0.00014258725473,0.0034233113357492,0.004664690497424,0.0,1.0,0.0003721616843946,0.0003349455159551,0.0,1.0,-0.0001026161678986,-9.235455110879645e-05,0.0,1.0,0.0012565304321422,-0.0017122873285855,0.0,1.0,-0.000349831296162,-0.000459601180518,0.0,1.0,0.0005817335085168,-0.0007601079740625,0.0,1.0,0.9528122257715076,3.0,0.2534876195451159,-0.0006375430912094,0.0059495198628718,0.0967885274163256,-0.0190963510471395,0.0284257320419876,0.0237610415445635,0.0475220830891271,rolling_conformal,-0.0234260960286083,0.0240959870605187,0.0237610415445635,0.0475220830891271,rolling_conformal,-0.0220830815754362,0.0218983724732186,0.0219907270243274,0.0439814540486549,rolling_conformal,-0.0254733288731491,0.022048754215978,0.0237610415445635,0.0475220830891271,rolling_conformal,-0.0228660206287154,0.0219468182676793,0.0224064194481973,0.0448128388963947,rolling_conformal,-0.0209717419154218,0.021256916424882,0.0211143291701519,0.0422286583403039,rolling_conformal,-0.0237353032705062,0.022215087322381,0.0229751952964436,0.0459503905928872,rolling_conformal,-0.0230579386404337,0.0217828524580148,0.0224203955492242,0.0448407910984485,rolling_conformal,-0.0230579386404337,0.0217828524580148,0.0224203955492242,0.0448407910984485,rolling_conformal
FOMC_0018,2025-03-19,QQQ_ret,0.0134,-0.0031931961509952,0.0033409239324534,0.0030068315392081,0.0,1.0,0.0031130216210033,0.0046660076118859,0.0,1.0,-0.0042235461485987,0.0057595707466002,0.0,1.0,0.0021599413676853,0.0019439472309167,0.0,1.0,0.0033574206447214,0.0030216785802493,0.0,1.0,-0.0005409353122185,0.0008125717149072,0.0,1.0,0.9528122257715076,3.0,0.3029801718206255,-0.0005013706517217,0.0124341947869574,0.0387598258847124,-0.0369527385854184,0.0429664016638347,0.0399595701246265,0.0799191402492531,rolling_conformal,-0.0313371471686595,0.0406691623924313,0.0360031547805454,0.0720063095610908,rolling_conformal,-0.0323965873972133,0.0439157288904139,0.0381561581438136,0.0763123162876273,rolling_conformal,-0.0323457729955012,0.0362336674573348,0.034289720226418,0.068579440452836,rolling_conformal,-0.0312680416461687,0.0373113988066673,0.034289720226418,0.068579440452836,rolling_conformal,-0.0425222022271051,0.0361358099251145,0.0393290060761098,0.0786580121522197,rolling_conformal,-0.0384356219823937,0.0400607654122083,0.039248193697301,0.0784963873946021,rolling_conformal,-0.0322099056767367,0.0312071643732932,0.031708535025015,0.06341707005003,rolling_conformal,-0.0322099056767367,0.0312071643732932,0.031708535025015,0.06341707005003,rolling_conformal
FOMC_0018,2025-03-19,SPY_ret,0.0109,-0.0026882251285144,0.0029112667031665,0.0037230686596146,0.0,1.0,0.0020178525661636,0.0018160673095472,0.0,1.0,0.0032635933146726,0.0043985731183086,0.0,1.0,0.0038107188107022,0.0059161409536152,4.336808689942019e-19,0.9999999999999998,0.0047155874214705,0.0073209494718329,0.0,1.0,0.004732853222029,0.0073477546272,0.0,1.0,0.9528122257715076,3.0,0.25,0.0055645736415121,0.0104158483091873,0.3482123423621591,-0.0264724971300071,0.0339186344492364,0.0301955657896218,0.0603911315792436,rolling_conformal,-0.0344244777087888,0.0380566123278834,0.0362405450183361,0.0724810900366723,rolling_conformal,-0.0245633159960688,0.033360462232686,0.0289618891143774,0.0579237782287548,rolling_conformal,-0.0202886220526629,0.0321209039598935,0.0262047630062782,0.0524095260125564,rolling_conformal,-0.0177077067140959,0.0323496056577618,0.0250286561859289,0.0500573123718578,rolling_conformal,-0.0328271605657706,0.0274507103087417,0.0301389354372562,0.0602778708745124,rolling_conformal,-0.0167040149832684,0.0313995242376685,0.0240517696104685,0.048103539220937,rolling_conformal,-0.0189891876085189,0.0301183348915432,0.0245537612500311,0.0491075225000622,rolling_conformal,-0.0189891876085189,0.0301183348915432,0.0245537612500311,0.0491075225000622,rolling_conformal
FOMC_0018,2025-03-19,UUP_ret,0.0025,0.0008997386977227,-0.0007807263157439,-0.0010971356800138,0.0,1.0,-0.0015209260017219,-0.0019808666935406,0.0,1.0,-0.0017060576054821,-0.0022499797616973,2.1684043449710093e-19,0.9999999999999998,-0.0010495458740279,-0.0009445912866251,0.0,1.0,-0.0012833921324409,-0.0019058373166747,0.0,1.0,-0.0014543024922384,-0.0021287273092207,0.0,1.0,0.9528122257715076,3.0,0.2907683301863136,-0.0013729598358913,0.0032957548452516,0.2940781326079881,-0.0130764469228082,0.0108821755627806,0.0119793112427944,0.0239586224855888,rolling_conformal,-0.0136245123453997,0.0096627789583183,0.011643645651859,0.0232872913037181,rolling_conformal,-0.013633515888682,0.0091335563652872,0.0113835361269846,0.0227670722539693,rolling_conformal,-0.0131473952468234,0.011258212673573,0.0122028039601982,0.0244056079203964,rolling_conformal,-0.0135273519918154,0.0097156773584658,0.0116215146751406,0.0232430293502813,rolling_conformal,-0.0096617193617819,0.0114611967572274,0.0105614580595046,0.0211229161190093,rolling_conformal,-0.0129191836470198,0.0086617290285782,0.010790456337799,0.0215809126755981,rolling_conformal,-0.0113508623020816,0.0086049426302988,0.0099779024661902,0.0199558049323804,rolling_conformal,-0.0113508623020816,0.0086049426302988,0.0099779024661902,0.0199558049323804,rolling_conformal
FOMC_0015,2025-05-07,GLD_ret,-0.0149930608013485,-0.0087193871289943,-0.0017572362608295,0.0026588104554854,0.0,1.0,0.0028326652514672,0.0044533037032385,0.0,1.0,0.0046568319064171,0.0075440676883957,0.0,1.0,0.0028689758003701,0.0046477407965996,0.0,1.0,0.0050296520075699,0.0081480362522632,0.0,1.0,0.0081781152954546,0.0132485467786365,0.0,1.0,0.9732706882627178,3.0,0.3,0.0079897999276167,0.0058997278104025,0.5752394412483983,-0.0211022310890781,0.026419852000049,0.0237610415445635,0.0475220830891271,rolling_conformal,-0.019307737841325,0.0282143452478021,0.0237610415445635,0.0475220830891271,rolling_conformal,-0.0144466593359316,0.0295347947127232,0.0219907270243274,0.0439814540486549,rolling_conformal,-0.0191133007479639,0.0284087823411632,0.0237610415445635,0.0475220830891271,rolling_conformal,-0.0142583831959341,0.0305544557004606,0.0224064194481973,0.0448128388963947,rolling_conformal,-0.0298337162991462,0.0123949420411576,0.0211143291701519,0.0422286583403039,rolling_conformal,-0.009726648517807,0.0362237420750802,0.0229751952964436,0.0459503905928872,rolling_conformal,-0.0144305956216075,0.030410195476841,0.0224203955492242,0.0448407910984485,rolling_conformal,-0.0144305956216075,0.030410195476841,0.0224203955492242,0.0448407910984485,rolling_conformal
FOMC_0015,2025-05-07,QQQ_ret,0.0039,-0.0002680873193881,0.0037941095275651,0.0034146985748085,0.0,1.0,0.0056353955076502,0.0082548031127608,0.0,1.0,0.0032684437195425,0.0049922385264679,0.0,1.0,0.0008231013282699,0.0007407911954429,0.0,1.0,0.0012514692648038,0.0011263223383234,0.0,1.0,0.0009097706135504,0.0014013834022822,0.0,1.0,0.9732706882627178,3.0,0.3026762813074289,0.0011200927656192,0.0124608267783482,0.0824761487785502,-0.0365448715498179,0.0433742686994351,0.0399595701246265,0.0799191402492531,rolling_conformal,-0.0277483516677846,0.0442579578933062,0.0360031547805454,0.0720063095610908,rolling_conformal,-0.0331639196173457,0.0431483966702815,0.0381561581438136,0.0763123162876273,rolling_conformal,-0.033548929030975,0.0350305114218609,0.034289720226418,0.068579440452836,rolling_conformal,-0.0331633978880945,0.0354160425647415,0.034289720226418,0.068579440452836,rolling_conformal,-0.039597093395498,0.0390609187567217,0.0393290060761098,0.0786580121522197,rolling_conformal,-0.0378468102950188,0.0406495770995833,0.039248193697301,0.0784963873946021,rolling_conformal,-0.0305884422593957,0.0328286277906343,0.031708535025015,0.06341707005003,rolling_conformal,-0.0305884422593957,0.0328286277906343,0.031708535025015,0.06341707005003,rolling_conformal
FOMC_0015,2025-05-07,SPY_ret,0.0042,-0.00195127833243,0.0021687401936936,0.0027896459228053,0.0,1.0,0.0007192671780349,0.0006473404602314,0.0,1.0,0.0027241377263528,0.0035371234274121,0.0,1.0,0.0050558486865483,0.0078492050858663,0.0,1.0,0.0066066521062556,0.0102568273949618,0.0,1.0,0.0049495054712442,0.0076841072441066,0.0,1.0,0.9732706882627178,3.0,0.25,0.0060665499774683,0.010443299478613,0.3674507341268572,-0.0274059198668164,0.0329852117124271,0.0301955657896218,0.0603911315792436,rolling_conformal,-0.0355932045581047,0.0368878854785675,0.0362405450183361,0.0724810900366723,rolling_conformal,-0.0254247656869652,0.0324990125417896,0.0289618891143774,0.0579237782287548,rolling_conformal,-0.0183555579204118,0.0340539680921445,0.0262047630062782,0.0524095260125564,rolling_conformal,-0.014771828790967,0.0352854835808907,0.0250286561859289,0.0500573123718578,rolling_conformal,-0.0320902137696862,0.0281876571048261,0.0301389354372562,0.0602778708745124,rolling_conformal,-0.0163676623663618,0.0317358768545751,0.0240517696104685,0.048103539220937,rolling_conformal,-0.0184872112725627,0.0306203112274994,0.0245537612500311,0.0491075225000622,rolling_conformal,-0.0184872112725627,0.0306203112274994,0.0245537612500311,0.0491075225000622,rolling_conformal
FOMC_0015,2025-05-07,UUP_ret,0.0073,0.0044460990677993,-0.0007507055676064,-0.0006756350108457,0.0,1.0,-0.0011225714756514,0.0013566098070304,0.0,1.0,-0.0013196788186591,-0.0011877109367932,0.0,1.0,-0.0015087904095044,-0.0022405537581141,0.0,1.0,-0.001912590455112,-0.0028401968258413,0.0,1.0,-0.0017209277971407,-0.002555577778754,0.0,1.0,0.9732706882627178,3.0,0.3400575519469503,-0.0001920651598705,0.0033046760809495,0.0549296036928033,-0.0126549462536402,0.0113036762319486,0.0119793112427944,0.0239586224855888,rolling_conformal,-0.0102870358448286,0.0130002554588894,0.011643645651859,0.0232872913037181,rolling_conformal,-0.0125712470637778,0.0101958251901914,0.0113835361269846,0.0227670722539693,rolling_conformal,-0.0144433577183123,0.009962250202084,0.0122028039601982,0.0244056079203964,rolling_conformal,-0.014461711500982,0.0087813178492992,0.0116215146751406,0.0232430293502813,rolling_conformal,-0.0061153589917052,0.015007557127304,0.0105614580595046,0.0211229161190093,rolling_conformal,-0.013346034116553,0.008234878559045,0.010790456337799,0.0215809126755981,rolling_conformal,-0.0101699676260608,0.0097858373063196,0.0099779024661902,0.0199558049323804,rolling_conformal,-0.0101699676260608,0.0097858373063196,0.0099779024661902,0.0199558049323804,rolling_conformal
FOMC_0013,2025-06-18,GLD_ret,-0.0053856275650212,-0.0121349748101648,0.0048678973587066,0.0068619482187113,0.0,1.0,0.0017581379848532,0.002519785536197,2.1684043449710093e-19,0.9999999999999998,0.0009368762184266,0.0015177394738511,1.0842021724855044e-19,0.9999999999999998,0.0063916990454137,0.0091321981997952,0.0,1.0,0.0050590546843588,0.0045531492159229,0.0,1.0,0.0034687301807233,0.0056193428927717,0.0,1.0,0.9787304499845646,3.0,0.3,0.0003516570982689,0.0060516259153155,0.0549197260726472,-0.0168990933258521,0.0306229897632749,0.0237610415445635,0.0475220830891271,rolling_conformal,-0.0212412560083665,0.0262808270807606,0.0237610415445635,0.0475220830891271,rolling_conformal,-0.021019389015893,0.0240548679635954,0.0225371284897442,0.0450742569794885,rolling_conformal,-0.0146288433447683,0.0328932397443588,0.0237610415445635,0.0475220830891271,rolling_conformal,-0.0180162527538118,0.0271225511856577,0.0225694019697348,0.0451388039394696,rolling_conformal,-0.0332493039803167,0.0089793543599871,0.0211143291701519,0.0422286583403039,rolling_conformal,-0.0206361185749542,0.0318748043604978,0.026255461467726,0.052510922935452,rolling_conformal,-0.0226312036306963,0.0233345178272342,0.0229828607289652,0.0459657214579305,rolling_conformal,-0.0226312036306963,0.0233345178272342,0.0229828607289652,0.0459657214579305,rolling_conformal
FOMC_0013,2025-06-18,QQQ_ret,-0.0002,0.0011538139112366,0.0035716946631643,0.0032145251968479,4.336808689942019e-19,0.9999999999999998,0.0040181286004806,0.0059914970237215,0.0,1.0,0.0033786031353287,0.0050769812234186,4.336808689942019e-19,0.9999999999999998,0.0004395137986951,-0.0006579054707214,0.0,1.0,0.0003654819604623,-0.0005232689119838,0.0,1.0,0.0011181032148418,0.0010062928933576,0.0,1.0,0.9787304499845646,3.0,0.3272925813025317,0.0013182192851195,0.0124609301819727,0.0956683379902653,-0.0367450449277786,0.0431740953214745,0.0399595701246265,0.0799191402492531,rolling_conformal,-0.0300116577568238,0.0419946518042669,0.0360031547805454,0.0720063095610908,rolling_conformal,-0.033079176920395,0.0432331393672322,0.0381561581438136,0.0763123162876273,rolling_conformal,-0.0349476256971395,0.0336318147556965,0.034289720226418,0.068579440452836,rolling_conformal,-0.0348129891384018,0.0337664513144342,0.034289720226418,0.068579440452836,rolling_conformal,-0.0381751921648731,0.0404828199873465,0.0393290060761098,0.0786580121522197,rolling_conformal,-0.0382419008039434,0.0402544865906587,0.039248193697301,0.0784963873946021,rolling_conformal,-0.0303903157398954,0.0330267543101345,0.031708535025015,0.06341707005003,rolling_conformal,-0.0303903157398954,0.0330267543101345,0.031708535025015,0.06341707005003,rolling_conformal
FOMC_0013,2025-06-18,SPY_ret,-0.0002,-0.0004516985345347,0.0060542337485726,0.0084634521427581,0.0,1.0,0.00255030664791,0.0034264862104281,0.0,1.0,0.0020033703872677,0.0030316988958535,0.0,1.0,-0.000995491635899,-0.0014663082639142,0.0,1.0,-0.0003792085023094,-0.0005772707666165,0.0,1.0,0.0008821702016138,0.0007939531814524,0.0,1.0,0.9787304499845646,3.0,0.25,0.000554921290324,0.0104473549284017,0.0504378162221915,-0.0217321136468636,0.0386590179323799,0.0301955657896218,0.0603911315792436,rolling_conformal,-0.032814058807908,0.0396670312287643,0.0362405450183361,0.0724810900366723,rolling_conformal,-0.0259301902185239,0.0319935880102309,0.0289618891143774,0.0579237782287548,rolling_conformal,-0.0276710712701924,0.0247384547423639,0.0262047630062782,0.0524095260125564,rolling_conformal,-0.0256059269525454,0.0244513854193124,0.0250286561859289,0.0500573123718578,rolling_conformal,-0.0305906339717909,0.0296872369027214,0.0301389354372562,0.0602778708745124,rolling_conformal,-0.023257816429016,0.024845722791921,0.0240517696104685,0.048103539220937,rolling_conformal,-0.023998839959707,0.0251086825403551,0.0245537612500311,0.0491075225000622,rolling_conformal,-0.023998839959707,0.0251086825403551,0.0245537612500311,0.0491075225000622,rolling_conformal
FOMC_0013,2025-06-18,UUP_ret,0.0018,0.0064130563188134,-0.0008867024599735,-0.0011863148575754,1.0842021724855044e-19,0.9999999999999998,-0.0011779003533874,-0.0010601103180486,0.0,1.0,-0.000527472220919,-0.0006317680238952,0.0,1.0,-0.0009942933119267,-0.0008948639807341,0.0,1.0,-0.0012222820584763,-0.0017970205794745,0.0,1.0,-0.0004037146069976,-0.000572286723092,0.0,1.0,0.9787304499845646,3.0,0.35,0.0020598416757323,0.0033692760349962,0.3794074822852052,-0.0125668813065785,0.0101942515914276,0.0113805664490031,0.0227611328980062,rolling_conformal,-0.0123836361920582,0.0102634155559608,0.0113235258740095,0.0226470517480191,rolling_conformal,-0.011887303594994,0.0106237675472034,0.0112555355710987,0.0225110711421974,rolling_conformal,-0.0105860891958735,0.0087963612344053,0.0096912252151394,0.0193824504302788,rolling_conformal,-0.0134106054554607,0.0098165642965115,0.0116135848759861,0.0232271697519723,rolling_conformal,-0.0041484017406912,0.0169745143783181,0.0105614580595046,0.0211229161190093,rolling_conformal,-0.0113434006360904,0.0101988271899063,0.0107711139129983,0.0215422278259967,rolling_conformal,-0.0079180607904578,0.0120377441419226,0.0099779024661902,0.0199558049323804,rolling_conformal,-0.0079180607904578,0.0120377441419226,0.0099779024661902,0.0199558049323804,rolling_conformal
FOMC_0011,2025-07-30,GLD_ret,-0.0172734972895408,-0.0093372317463158,0.0010203824344267,0.000918344190984,0.0,1.0,-0.0008517146883184,-0.0007665432194866,0.0,1.0,0.0006937664715141,0.0006243898243627,0.0,1.0,0.004766840139336,0.0077222810257244,0.0,1.0,0.0058585750316731,0.0094908915513104,0.0,1.0,0.0055232545089122,0.0089476723044378,0.0,1.0,0.9645871698075612,3.0,0.3,0.0041546413070541,0.005966452161764,0.4104939070975886,-0.0228426973535795,0.0246793857355476,0.0237610415445635,0.0475220830891271,rolling_conformal,-0.0245275847640502,0.0229944983250769,0.0237610415445635,0.0475220830891271,rolling_conformal,-0.0219127386653814,0.023161518314107,0.0225371284897442,0.0450742569794885,rolling_conformal,-0.0160387605188391,0.031483322570288,0.0237610415445635,0.0475220830891271,rolling_conformal,-0.0130785104184243,0.0320602935210452,0.0225694019697348,0.0451388039394696,rolling_conformal,-0.0304515609164677,0.0117770974238361,0.0211143291701519,0.0422286583403039,rolling_conformal,-0.0173077891632881,0.0352031337721639,0.026255461467726,0.052510922935452,rolling_conformal,-0.0188282194219111,0.0271375020360193,0.0229828607289652,0.0459657214579305,rolling_conformal,-0.0188282194219111,0.0271375020360193,0.0229828607289652,0.0459657214579305,rolling_conformal
FOMC_0011,2025-07-30,QQQ_ret,0.0013,0.0006348067494566,0.0032068307708693,0.0028861476937824,4.336808689942019e-19,0.9999999999999998,0.003867008166693,0.0055998507178892,0.0,1.0,0.0024264420015744,0.0035498395202039,0.0,1.0,0.0008695066996276,0.0007825560296649,0.0,1.0,0.0017075066267463,0.002334207927137,0.0,1.0,0.0011145311754199,0.0017348980247875,0.0,1.0,0.9645871698075612,3.0,0.2916122059836581,0.0017676224765061,0.0124149515101751,0.1246340214284009,-0.0370734224308441,0.042845717818409,0.0399595701246265,0.0799191402492531,rolling_conformal,-0.0304033040626562,0.0416030054984346,0.0360031547805454,0.0720063095610908,rolling_conformal,-0.0346063186236096,0.0417059976640176,0.0381561581438136,0.0763123162876273,rolling_conformal,-0.0335071641967531,0.0350722762560829,0.034289720226418,0.068579440452836,rolling_conformal,-0.031955512299281,0.036623928153555,0.034289720226418,0.068579440452836,rolling_conformal,-0.0386941993266532,0.0399638128255664,0.0393290060761098,0.0786580121522197,rolling_conformal,-0.0375132956725135,0.0409830917220885,0.039248193697301,0.0784963873946021,rolling_conformal,-0.0299409125485088,0.0334761575015211,0.031708535025015,0.06341707005003,rolling_conformal,-0.0299409125485088,0.0334761575015211,0.031708535025015,0.06341707005003,rolling_conformal
FOMC_0011,2025-07-30,SPY_ret,-0.0013,0.0009798405536543,0.0028921965635524,-0.0038621179208685,0.0,1.0,0.0021771455815004,-0.0028993621768287,0.0,1.0,0.0024670223026685,0.0022203200724017,0.0,1.0,0.0003017239654531,-0.0003977365156906,0.0,1.0,0.0011523412382232,-0.0014442932743176,0.0,1.0,0.0021025285356956,0.001892275682126,0.0,1.0,0.9645871698075612,3.0,0.25,0.0019137919350093,0.0104244547099596,0.1551112114197846,-0.0340576837104903,0.0263334478687532,0.0301955657896218,0.0603911315792436,rolling_conformal,-0.0391399071951649,0.0333411828415074,0.0362405450183361,0.0724810900366723,rolling_conformal,-0.0267415690419757,0.0311822091867791,0.0289618891143774,0.0579237782287548,rolling_conformal,-0.0266024995219688,0.0258070264905876,0.0262047630062782,0.0524095260125564,rolling_conformal,-0.0264729494602465,0.0235843629116112,0.0250286561859289,0.0500573123718578,rolling_conformal,-0.0291590948836018,0.0311187759909105,0.0301389354372562,0.0602778708745124,rolling_conformal,-0.0221594939283424,0.0259440452925945,0.0240517696104685,0.048103539220937,rolling_conformal,-0.0226399693150217,0.0264675531850404,0.0245537612500311,0.0491075225000622,rolling_conformal,-0.0226399693150217,0.0264675531850404,0.0245537612500311,0.0491075225000622,rolling_conformal
FOMC_0011,2025-07-30,UUP_ret,0.0098,0.0041129003187769,-0.0011893231285701,0.0016024276280246,0.0,1.0,-0.0020793690527038,0.0030878630432651,0.0,1.0,-0.0028838138776768,0.0042824636083501,0.0,1.0,-0.0019048537508149,0.0024620056623613,0.0,1.0,-0.0013359935237736,0.0017572335088035,0.0,1.0,-0.0025027348808475,0.0036157839091602,0.0,1.0,0.9645871698075612,3.0,0.3345746951339161,0.0041603171283891,0.0033310642443519,0.5553477213228154,-0.0097781388209784,0.0129829940770278,0.0113805664490031,0.0227611328980062,rolling_conformal,-0.0082356628307444,0.0144113889172747,0.0113235258740095,0.0226470517480191,rolling_conformal,-0.0069730719627485,0.0155379991794489,0.0112555355710987,0.0225110711421974,rolling_conformal,-0.007229219552778,0.0121532308775007,0.0096912252151394,0.0193824504302788,rolling_conformal,-0.0098563513671826,0.0133708183847897,0.0116135848759861,0.0232271697519723,rolling_conformal,-0.0064485577407277,0.0146743583782815,0.0105614580595046,0.0211229161190093,rolling_conformal,-0.0071553300038381,0.0143868978221586,0.0107711139129983,0.0215422278259967,rolling_conformal,-0.005817585337801,0.0141382195945794,0.0099779024661902,0.0199558049323804,rolling_conformal,-0.005817585337801,0.0141382195945794,0.0099779024661902,0.0199558049323804,rolling_conformal
FOMC_0009,2025-09-17,GLD_ret,-0.0077151716641871,-0.0024468120293387,-0.0005827503600094,-0.0007742894758551,0.0,1.0,0.0011381767478414,0.0014911794574052,0.0,1.0,0.0003237460016872,0.000499022189136,0.0,1.0,-0.0017896483835362,-0.0025783772258321,2.1684043449710093e-19,0.9999999999999998,0.0008805277821379,0.0007924750039241,0.0,1.0,0.0005426559040036,0.0008791025644859,0.0,1.0,0.9699350536688328,3.0,0.3,-0.0001424061763937,0.0061098456381961,0.0227783449601269,-0.0245353310204187,0.0229867520687083,0.0237610415445635,0.0475220830891271,rolling_conformal,-0.0222698620871583,0.0252522210019688,0.0237610415445635,0.0475220830891271,rolling_conformal,-0.0220381063006082,0.0230361506788803,0.0225371284897442,0.0450742569794885,rolling_conformal,-0.0264438576152442,0.0212871031635798,0.023865480389412,0.0477309607788241,rolling_conformal,-0.0221473820349946,0.023732332042843,0.0229398570389188,0.0458797140778376,rolling_conformal,-0.0235611411994907,0.0186675171408131,0.0211143291701519,0.0422286583403039,rolling_conformal,-0.02537635890324,0.0271345640322119,0.026255461467726,0.052510922935452,rolling_conformal,-0.023125266905359,0.0228404545525715,0.0229828607289652,0.0459657214579305,rolling_conformal,-0.023125266905359,0.0228404545525715,0.0229828607289652,0.0459657214579305,rolling_conformal
FOMC_0009,2025-09-17,QQQ_ret,-0.002,0.0014149898381337,0.0031953954996163,0.0044933032704278,0.0,1.0,0.0049521134664406,0.0044569021197965,0.0,1.0,0.0084095587554269,0.0075686028798842,0.0,1.0,0.0006073181624857,-0.0009441756619721,0.0,1.0,0.0014176094584522,-0.0019329052870449,0.0,1.0,0.0025535439846731,-0.0037907150766992,0.0,1.0,0.9699350536688328,3.0,0.3057145996774699,-0.0027490688532775,0.0124141894620631,0.1812985694183309,-0.0354662668541986,0.0444528733950544,0.0399595701246265,0.0799191402492531,rolling_conformal,-0.0315462526607488,0.040460056900342,0.0360031547805454,0.0720063095610908,rolling_conformal,-0.0305875552639294,0.0457247610236978,0.0381561581438136,0.0763123162876273,rolling_conformal,-0.0352338958883902,0.0333455445644458,0.034289720226418,0.068579440452836,rolling_conformal,-0.0362226255134629,0.032356814939373,0.034289720226418,0.068579440452836,rolling_conformal,-0.0379140162379761,0.0407439959142436,0.0393290060761098,0.0786580121522197,rolling_conformal,-0.0430389087740003,0.0354574786206017,0.039248193697301,0.0784963873946021,rolling_conformal,-0.0344576038782926,0.0289594661717374,0.031708535025015,0.06341707005003,rolling_conformal,-0.0344576038782926,0.0289594661717374,0.031708535025015,0.06341707005003,rolling_conformal
FOMC_0009,2025-09-17,SPY_ret,-0.0012,0.0013397581063025,0.0029998909604615,0.0026999018644154,0.0,1.0,0.0074759435030518,0.0067283491527466,0.0,1.0,0.0090841251244198,0.0081757126119779,0.0,1.0,-0.001502236009237,-0.0023322214043405,0.0,1.0,0.0021837636136052,-0.003390293010122,0.0,1.0,0.0009797299450557,-0.0013470903738025,0.0,1.0,0.9699350536688328,3.0,0.25,-0.0007766849918426,0.0104238668928569,0.0693442882453675,-0.0274956639252063,0.0328954676540372,0.0301955657896218,0.0603911315792436,rolling_conformal,-0.0295121958655895,0.0429688941710828,0.0362405450183361,0.0724810900366723,rolling_conformal,-0.0207861765023995,0.0371376017263553,0.0289618891143774,0.0579237782287548,rolling_conformal,-0.0285369844106187,0.0238725416019376,0.0262047630062782,0.0524095260125564,rolling_conformal,-0.028418949196051,0.0216383631758068,0.0250286561859289,0.0500573123718578,rolling_conformal,-0.0287991773309536,0.0314786935435587,0.0301389354372562,0.0602778708745124,rolling_conformal,-0.025398859984271,0.0227046792366659,0.0240517696104685,0.048103539220937,rolling_conformal,-0.0253304462418738,0.0237770762581884,0.0245537612500311,0.0491075225000622,rolling_conformal,-0.0253304462418738,0.0237770762581884,0.0245537612500311,0.0491075225000622,rolling_conformal
FOMC_0009,2025-09-17,UUP_ret,0.0033,0.0005242246523545,-0.0009766608540307,0.0013783193936614,0.0,1.0,-0.0010109217677757,0.0014306234146736,0.0,1.0,-0.0028469210139324,0.0042276777056897,0.0,1.0,-0.0006240303384306,0.0009266850525694,0.0,1.0,-0.0013101139134453,0.0019455191614664,0.0,1.0,-0.0023379738650159,0.0034718911895487,0.0,1.0,0.9699350536688328,3.0,0.2903221892975449,0.0028777300058665,0.0034118229731332,0.4575421242262787,-0.0100022470553417,0.0127588858426645,0.0113805664490031,0.0227611328980062,rolling_conformal,-0.0098929024593359,0.0127541492886832,0.0113235258740095,0.0226470517480191,rolling_conformal,-0.0070278578654089,0.0154832132767885,0.0112555355710987,0.0225110711421974,rolling_conformal,-0.0087645401625699,0.0106179102677089,0.0096912252151394,0.0193824504302788,rolling_conformal,-0.0096680657145197,0.0135591040374525,0.0116135848759861,0.0232271697519723,rolling_conformal,-0.01003723340715,0.0110856827118592,0.0105614580595046,0.0211229161190093,rolling_conformal,-0.0072992227234496,0.014243005102547,0.0107711139129983,0.0215422278259967,rolling_conformal,-0.0071001724603237,0.0128556324720567,0.0099779024661902,0.0199558049323804,rolling_conformal,-0.0071001724603237,0.0128556324720567,0.0099779024661902,0.0199558049323804,rolling_conformal
FOMC_0007,2025-10-29,GLD_ret,-0.0037872684129753,-0.0036627062581147,-0.0034015258700287,-0.0055104719094466,4.336808689942019e-19,0.9999999999999998,-0.0018385128947168,-0.0029783908894413,2.1684043449710093e-19,0.9999999999999998,-0.0037185609672924,-0.0033467048705631,4.336808689942019e-19,0.9999999999999998,-0.0029972060272481,-0.0048554737641419,0.0,1.0,-0.0042494902249341,-0.0068841741643933,0.0,1.0,0.0006384079683262,-0.0008988283024765,0.0,1.0,0.973037026989756,3.0,0.3,-0.0020735900270016,0.0061287949811373,0.252804214493945,-0.0292715134540102,0.0182505696351169,0.0237610415445635,0.0475220830891271,rolling_conformal,-0.0267394324340049,0.0207826506551222,0.0237610415445635,0.0475220830891271,rolling_conformal,-0.0258838333603074,0.019190423619181,0.0225371284897442,0.0450742569794885,rolling_conformal,-0.0287209541535539,0.0190100066252701,0.023865480389412,0.0477309607788241,rolling_conformal,-0.0298240312033121,0.0160556828745254,0.0229398570389188,0.0458797140778376,rolling_conformal,-0.0247770354282667,0.0174516229120371,0.0211143291701519,0.0422286583403039,rolling_conformal,-0.0271542897702025,0.0253566331652494,0.026255461467726,0.052510922935452,rolling_conformal,-0.0250564507559669,0.0209092707019636,0.0229828607289652,0.0459657214579305,rolling_conformal,-0.0250564507559669,0.0209092707019636,0.0229828607289652,0.0459657214579305,rolling_conformal
FOMC_0007,2025-10-29,QQQ_ret,0.0045,-0.0007013369089055,0.0013902137527852,0.0012511923775067,0.0,1.0,0.003623782809352,0.0053171659527003,0.0,1.0,0.0028616711347481,0.0041951125216,0.0,1.0,0.0006520347438961,0.0008872803149035,0.0,1.0,0.0011741495684183,0.0018717747496108,0.0,1.0,0.0014836379666815,0.0022397435851879,0.0,1.0,0.973037026989756,3.0,0.3015268958063086,0.0016911608918593,0.0123900471750514,0.1201011790189781,-0.0387083777471198,0.0412107625021332,0.0399595701246265,0.0799191402492531,rolling_conformal,-0.030685988827845,0.0413203207332458,0.0360031547805454,0.0720063095610908,rolling_conformal,-0.0339610456222135,0.0423512706654137,0.0381561581438136,0.0763123162876273,rolling_conformal,-0.0334024399115144,0.0351770005413215,0.034289720226418,0.068579440452836,rolling_conformal,-0.0324179454768072,0.0361614949760288,0.034289720226418,0.068579440452836,rolling_conformal,-0.0400303429850154,0.0386276691672043,0.0393290060761098,0.0786580121522197,rolling_conformal,-0.0370084501121131,0.041487937282489,0.039248193697301,0.0784963873946021,rolling_conformal,-0.0300173741331557,0.0333996959168743,0.031708535025015,0.06341707005003,rolling_conformal,-0.0300173741331557,0.0333996959168743,0.031708535025015,0.06341707005003,rolling_conformal
FOMC_0007,2025-10-29,SPY_ret,0.0005,0.0008400671652604,0.0002628201398506,-0.0003299687113462,0.0,1.0,0.0017534110639475,-0.0022839208544299,2.1684043449710093e-19,0.9999999999999998,0.0015351559648463,0.0013816403683617,0.0,1.0,-0.0011080384312925,-0.0017202296645816,0.0,1.0,0.0005610200939401,-0.000870983695842,0.0,1.0,0.0029597127460883,-0.0043826369723757,0.0,1.0,0.973037026989756,3.0,0.25,-0.0035385050786617,0.010391935382786,0.2540129688163705,-0.030525534500968,0.0298655970782755,0.0301955657896218,0.0603911315792436,rolling_conformal,-0.0385244658727661,0.0339566241639061,0.0362405450183361,0.0724810900366723,rolling_conformal,-0.0275802487460157,0.0303435294827391,0.0289618891143774,0.0579237782287548,rolling_conformal,-0.0279249926708599,0.0244845333416965,0.0262047630062782,0.0524095260125564,rolling_conformal,-0.0258996398817709,0.0241576724900869,0.0250286561859289,0.0500573123718578,rolling_conformal,-0.0292988682719957,0.0309790026025167,0.0301389354372562,0.0602778708745124,rolling_conformal,-0.0284344065828442,0.0196691326380927,0.0240517696104685,0.048103539220937,rolling_conformal,-0.0280922663286928,0.0210152561713694,0.0245537612500311,0.0491075225000622,rolling_conformal,-0.0280922663286928,0.0210152561713694,0.0245537612500311,0.0491075225000622,rolling_conformal
FOMC_0007,2025-10-29,UUP_ret,0.0057,-0.0003410727863973,-0.0015186354582332,0.0022551736554764,0.0,1.0,-0.0010627194515053,0.0015781383854854,0.0,1.0,-0.0004900997048414,0.0007259108935482,0.0,1.0,-0.0003556634893005,0.0005281602816112,0.0,1.0,-0.0004286891511182,0.0006366033894106,0.0,1.0,-0.00016401390137,0.0002435606435345,0.0,1.0,0.973037026989756,3.0,0.2935930815315368,7.910794460193263e-05,0.0034307077986911,0.0225418440653698,-0.0091253927935266,0.0136357401044795,0.0113805664490031,0.0227611328980062,rolling_conformal,-0.0097453874885241,0.012901664259495,0.0113235258740095,0.0226470517480191,rolling_conformal,-0.0105296246775504,0.0119814464646469,0.0112555355710987,0.0225110711421974,rolling_conformal,-0.0091630649335281,0.0102193854967506,0.0096912252151394,0.0193824504302788,rolling_conformal,-0.0109769814865755,0.0122501882653968,0.0116135848759861,0.0232271697519723,rolling_conformal,-0.010902530845902,0.0102203852731073,0.0105614580595046,0.0211229161190093,rolling_conformal,-0.0105275532694638,0.0110146745565329,0.0107711139129983,0.0215422278259967,rolling_conformal,-0.0098987945215883,0.0100570104107921,0.0099779024661902,0.0199558049323804,rolling_conformal,-0.0098987945215883,0.0100570104107921,0.0099779024661902,0.0199558049323804,rolling_conformal
FOMC_0005,2025-12-10,GLD_ret,0.004259147967166,-0.0063731779976188,-0.0015493697097079,-0.0025099789297268,0.0,1.0,-0.0001589478431246,-0.0002574955058619,0.0,1.0,-0.0051521306793284,-0.0083464517005121,0.0,1.0,-0.0015729726503236,-0.0021701718260747,2.1684043449710093e-19,0.9999999999999998,-0.0014656973237977,-0.0022615559576037,0.0,1.0,-0.0040704624755989,-0.0064984248138808,0.0,1.0,0.9713104407405408,3.0,0.3,-0.0077530209228026,0.00615065567465,0.5576241141844417,-0.0262710204742904,0.0212510626148367,0.0237610415445635,0.0475220830891271,rolling_conformal,-0.0240185370504255,0.0235035460387016,0.0237610415445635,0.0475220830891271,rolling_conformal,-0.0308835801902564,0.0141906767892321,0.0225371284897442,0.0450742569794885,rolling_conformal,-0.0260356522154868,0.0216953085633372,0.023865480389412,0.0477309607788241,rolling_conformal,-0.0252014129965225,0.0206783010813151,0.0229398570389188,0.0458797140778376,rolling_conformal,-0.0274875071677708,0.014741151172533,0.0211143291701519,0.0422286583403039,rolling_conformal,-0.0327538862816068,0.0197570366538452,0.026255461467726,0.052510922935452,rolling_conformal,-0.0307358816517679,0.0152298398061625,0.0229828607289652,0.0459657214579305,rolling_conformal,-0.0307358816517679,0.0152298398061625,0.0229828607289652,0.0459657214579305,rolling_conformal
FOMC_0005,2025-12-10,QQQ_ret,0.0041,-0.0005425625430284,0.0028212306699891,0.0039500358935236,0.0,1.0,0.0028759659635906,0.0025883693672315,0.0,1.0,0.0021428762636006,0.0019285886372406,0.0,1.0,0.0006471508314296,0.000902976932075,0.0,1.0,0.0010055413286316,0.001530741361729,0.0,1.0,0.0013549424365631,0.0018790929079403,0.0,1.0,0.9713104407405408,3.0,0.2948311946832644,0.0014563916727749,0.0123896390585036,0.1051854245585806,-0.0360095342311029,0.0439096060181502,0.0399595701246265,0.0799191402492531,rolling_conformal,-0.0334147854133138,0.038591524147777,0.0360031547805454,0.0720063095610908,rolling_conformal,-0.036227569506573,0.0400847467810542,0.0381561581438136,0.0763123162876273,rolling_conformal,-0.033386743294343,0.035192697158493,0.034289720226418,0.068579440452836,rolling_conformal,-0.0327589788646889,0.0358204615881471,0.034289720226418,0.068579440452836,rolling_conformal,-0.0398715686191383,0.0387864435330814,0.0393290060761098,0.0786580121522197,rolling_conformal,-0.0373691007893607,0.0411272866052413,0.039248193697301,0.0784963873946021,rolling_conformal,-0.03025214335224,0.0331649266977899,0.031708535025015,0.06341707005003,rolling_conformal,-0.03025214335224,0.0331649266977899,0.031708535025015,0.06341707005003,rolling_conformal
FOMC_0005,2025-12-10,SPY_ret,0.0066,-0.0012152302012915,0.0048733491200599,0.0043860142080539,0.0,1.0,-0.0003649518246904,-0.0005665877078319,0.0,1.0,0.0004227212209905,-0.00061660428974,5.421010862427522e-20,0.9999999999999998,0.0010429309879193,0.0009386378891273,0.0,1.0,0.0002200792337411,0.0001980713103669,0.0,1.0,0.0005640735032258,-0.0007926825946923,0.0,1.0,0.9713104407405408,3.0,0.25,-0.0010330674207935,0.0103880916919326,0.0904528608758968,-0.0258095515815678,0.0345815799976757,0.0301955657896218,0.0603911315792436,rolling_conformal,-0.0368071327261681,0.0356739573105041,0.0362405450183361,0.0724810900366723,rolling_conformal,-0.0295784934041175,0.0283452848246373,0.0289618891143774,0.0579237782287548,rolling_conformal,-0.0252661251171508,0.0271434008954055,0.0262047630062782,0.0524095260125564,rolling_conformal,-0.0248305848755619,0.0252267274962959,0.0250286561859289,0.0500573123718578,rolling_conformal,-0.0313541656385477,0.0289237052359646,0.0301389354372562,0.0602778708745124,rolling_conformal,-0.0248444522051608,0.0232590870157761,0.0240517696104685,0.048103539220937,rolling_conformal,-0.0255868286708246,0.0235206938292376,0.0245537612500311,0.0491075225000622,rolling_conformal,-0.0255868286708246,0.0235206938292376,0.0245537612500311,0.0491075225000622,rolling_conformal
FOMC_0005,2025-12-10,UUP_ret,-0.0053,0.0033913469265344,0.0001348077820784,0.0002001895563865,0.0,1.0,-0.0002273442487028,0.0003376062093237,0.0,1.0,0.0002475964305574,0.0003676806993778,0.0,1.0,-0.000153250058551,0.0002275763369483,0.0,1.0,-0.0001023189856247,0.0001519436936528,0.0,1.0,0.0002131012654263,0.0003164553791581,2.710505431213761e-20,0.9999999999999998,0.9713104407405408,3.0,0.3464425789150036,0.0015199016103866,0.003472444240013,0.3044477709386313,-0.0111803768926166,0.0115807560053896,0.0113805664490031,0.0227611328980062,rolling_conformal,-0.0109859196646858,0.0116611320833333,0.0113235258740095,0.0226470517480191,rolling_conformal,-0.0108878548717209,0.0116232162704765,0.0112555355710987,0.0225110711421974,rolling_conformal,-0.009463648878191,0.0099188015520877,0.0096912252151394,0.0193824504302788,rolling_conformal,-0.0114616411823333,0.0117655285696389,0.0116135848759861,0.0232271697519723,rolling_conformal,-0.0071701111329702,0.0139528049860391,0.0105614580595046,0.0211229161190093,rolling_conformal,-0.0104546585338402,0.0110875692921564,0.0107711139129983,0.0215422278259967,rolling_conformal,-0.0084580008558036,0.0114978040765768,0.0099779024661902,0.0199558049323804,rolling_conformal,-0.0084580008558036,0.0114978040765768,0.0099779024661902,0.0199558049323804,rolling_conformal
FOMC_0003,2026-01-28,GLD_ret,0.0387733484949053,0.0023836848166278,0.0058924790869156,0.005303231178224,0.0,1.0,0.0051698825703722,0.0074684672680615,0.0,1.0,0.0064832742987662,0.009339395929984,0.0,1.0,0.0043916283884314,-0.0057615798500749,0.0,1.0,0.0021612147581225,0.0019450932823102,0.0,1.0,0.0030701759413942,0.0027631583472548,0.0,1.0,0.9621018411662948,3.0,0.2928051618749342,0.0031824558464308,0.0061464634462173,0.3411394541213647,-0.0184578103663395,0.0290642727227876,0.0237610415445635,0.0475220830891271,rolling_conformal,-0.016292574276502,0.0312295088126251,0.0237610415445635,0.0475220830891271,rolling_conformal,-0.0131977325597601,0.0318765244197283,0.0225371284897442,0.0450742569794885,rolling_conformal,-0.029627060239487,0.018103900539337,0.023865480389412,0.0477309607788241,rolling_conformal,-0.0209947637566085,0.024884950321229,0.0229398570389188,0.0458797140778376,rolling_conformal,-0.0187306443535241,0.0234980139867797,0.0211143291701519,0.0422286583403039,rolling_conformal,-0.0234923031204712,0.0290186198149808,0.026255461467726,0.052510922935452,rolling_conformal,-0.0198004048825344,0.026165316575396,0.0229828607289652,0.0459657214579305,rolling_conformal,-0.0198004048825344,0.026165316575396,0.0229828607289652,0.0459657214579305,rolling_conformal
FOMC_0003,2026-01-28,QQQ_ret,0.0033,-0.003190325447222,0.0026005094636862,0.0036827582331699,0.0,1.0,0.0022208258877071,0.0019987432989363,0.0,1.0,0.0039756332089064,-0.0067088810400295,0.0,1.0,0.0024333158907948,0.0034351095554321,0.0,1.0,0.0035233594815969,0.0052491046007241,0.0,1.0,0.0028247355546903,0.0025422619992212,0.0,1.0,0.9621018411662948,3.0,0.2867582179053557,0.0011229942988657,0.0123879749757577,0.0831179055225816,-0.0362768118914566,0.0436423283577965,0.0399595701246265,0.0799191402492531,rolling_conformal,-0.034004411481609,0.0380018980794818,0.0360031547805454,0.0720063095610908,rolling_conformal,-0.0448650391838432,0.031447277103784,0.0381561581438136,0.0763123162876273,rolling_conformal,-0.0282608643581769,0.0351310834690412,0.0316959739136091,0.0633919478272182,rolling_conformal,-0.0284827497880962,0.0389809589895446,0.0337318543888204,0.0674637087776408,rolling_conformal,-0.0425193315233319,0.0361386806288877,0.0393290060761098,0.0786580121522197,rolling_conformal,-0.0367059316980797,0.0417904556965223,0.039248193697301,0.0784963873946021,rolling_conformal,-0.0305855407261493,0.0328315293238807,0.031708535025015,0.06341707005003,rolling_conformal,-0.0305855407261493,0.0328315293238807,0.031708535025015,0.06341707005003,rolling_conformal
FOMC_0003,2026-01-28,SPY_ret,-0.0001,-0.0038769898352996,0.0026284455902192,0.0023656010311973,0.0,1.0,0.0019482234277474,-0.0029303610945456,0.0,1.0,0.000848785171913,-0.001317738979395,0.0,1.0,0.0065241322777218,0.0097073918999341,8.673617379884035e-19,0.9999999999999998,0.0076440496620153,0.0068796446958138,0.0,1.0,0.0014614971527919,-0.0019347252162686,0.0,1.0,0.9621018411662948,3.0,0.25,-0.0027833350766803,0.0103989869218111,0.2111420860132225,-0.0278299647584245,0.0325611668208191,0.0301955657896218,0.0603911315792436,rolling_conformal,-0.0391709061128817,0.0333101839237905,0.0362405450183361,0.0724810900366723,rolling_conformal,-0.0302796280937725,0.0276441501349823,0.0289618891143774,0.0579237782287548,rolling_conformal,-0.016497371106344,0.0359121549062123,0.0262047630062782,0.0524095260125564,rolling_conformal,-0.018149011490115,0.0319083008817427,0.0250286561859289,0.0500573123718578,rolling_conformal,-0.0340159252725558,0.0262619456019565,0.0301389354372562,0.0602778708745124,rolling_conformal,-0.0259864948267371,0.0221170443941998,0.0240517696104685,0.048103539220937,rolling_conformal,-0.0273370963267114,0.0217704261733507,0.0245537612500311,0.0491075225000622,rolling_conformal,-0.0273370963267114,0.0217704261733507,0.0245537612500311,0.0491075225000622,rolling_conformal
FOMC_0003,2026-01-28,UUP_ret,0.006,-1.0459432769007902e-05,-0.0005937482940092,-0.0008507874049322,0.0,1.0,-0.0018779733240958,-0.0024031884619007,0.0,1.0,-0.000380055910037,0.0004701294637399,0.0,1.0,-0.0009034116285806,-0.0008130704657225,1.0842021724855044e-19,0.9999999999999998,-0.0016730693676153,-0.0023671345990695,0.0,1.0,-0.0006051772458518,-0.0007253434534746,0.0,1.0,0.9621018411662948,3.0,0.2671600232609621,-0.0005877905240614,0.0034785808888108,0.1445512519314461,-0.0122313538539353,0.0105297790440709,0.0113805664490031,0.0227611328980062,rolling_conformal,-0.0137267143359103,0.0089203374121088,0.0113235258740095,0.0226470517480191,rolling_conformal,-0.0107854061073587,0.0117256650348387,0.0112555355710987,0.0225110711421974,rolling_conformal,-0.010504295680862,0.0088781547494168,0.0096912252151394,0.0193824504302788,rolling_conformal,-0.0139807194750557,0.0092464502769166,0.0116135848759861,0.0232271697519723,rolling_conformal,-0.0105719174922736,0.0105509986267356,0.0105614580595046,0.0211229161190093,rolling_conformal,-0.011496457366473,0.0100457704595237,0.0107711139129983,0.0215422278259967,rolling_conformal,-0.0105656929902516,0.0093901119421287,0.0099779024661902,0.0199558049323804,rolling_conformal,-0.0105656929902516,0.0093901119421287,0.0099779024661902,0.0199558049323804,rolling_conformal
FOMC_0002,2026-03-18,GLD_ret,-0.0316371614232872,-0.0015057077317673,-0.0005738577291566,0.0008234433201486,0.0,1.0,-0.0004877048022911,0.0007051381343371,0.0,1.0,-0.0021529979225097,-0.0028152561160047,0.0,1.0,0.0011883544075037,0.0010695189667533,0.0,1.0,0.0023396735503056,0.002105706195275,0.0,1.0,0.0005846803320399,0.0005262122988359,0.0,1.0,0.923121053406012,3.0,0.2111840230278163,0.0001165239027627,0.0066209444025707,0.0172963677924589,-0.0235240453748546,0.025170932015152,0.0243474886950033,0.0486949773900067,rolling_conformal,-0.023113034336887,0.0245233106055612,0.0238181724712241,0.0476363449424483,rolling_conformal,-0.027203464693055,0.0215729524610455,0.0243882085770503,0.0487764171541006,rolling_conformal,-0.0239262593485118,0.0260652972820186,0.0249957783152652,0.0499915566305304,rolling_conformal,-0.0210353908583367,0.0252468032488868,0.0231410970536117,0.0462821941072235,rolling_conformal,-0.0227205767600027,0.0197091612964679,0.0212148690282353,0.0424297380564707,rolling_conformal,-0.0259679510541624,0.0270203756518342,0.0264941633529983,0.0529883267059967,rolling_conformal,-0.0231356704612972,0.0233687182668227,0.02325219436406,0.04650438872812,rolling_conformal,-0.0231356704612972,0.0233687182668227,0.02325219436406,0.04650438872812,rolling_conformal
FOMC_0002,2026-03-18,QQQ_ret,-0.0139,0.0101961700550559,0.0027245714227578,0.0040328053725604,0.0,1.0,0.004325422298849,0.0065106835725585,0.0,1.0,0.0030174265726356,0.0045487323835711,0.0,1.0,0.0005516448976181,-0.0008334361490609,0.0,1.0,0.0012361805610295,0.0011125625049266,0.0,1.0,0.0010301399939144,0.0009271259945229,0.0,1.0,0.923121053406012,3.0,0.2445353816432201,0.0039921690266665,0.0123887852915449,0.2437084257749251,-0.0359267647520661,0.0439923754971869,0.0399595701246265,0.0799191402492531,rolling_conformal,-0.0294924712079868,0.0425138383531039,0.0360031547805454,0.0720063095610908,rolling_conformal,-0.0336074257602424,0.0427048905273848,0.0381561581438136,0.0763123162876273,rolling_conformal,-0.03252941006267,0.0308625377645481,0.0316959739136091,0.0633919478272182,rolling_conformal,-0.0326192918838937,0.034844416893747,0.0337318543888204,0.0674637087776408,rolling_conformal,-0.0291328360210538,0.0495251761311658,0.0393290060761098,0.0786580121522197,rolling_conformal,-0.0383210677027781,0.040175319691824,0.039248193697301,0.0784963873946021,rolling_conformal,-0.0277163659983484,0.0357007040516815,0.031708535025015,0.06341707005003,rolling_conformal,-0.0277163659983484,0.0357007040516815,0.031708535025015,0.06341707005003,rolling_conformal
FOMC_0002,2026-03-18,SPY_ret,-0.014,0.0049191504799056,0.0037773239663794,0.0050136792719109,4.336808689942019e-19,0.9999999999999998,-0.003272742926973,-0.0042216679609126,4.336808689942019e-19,0.9999999999999998,-0.0033977116711335,-0.0030579405040202,0.0,1.0,2.729631483323003e-05,-4.003726362754712e-05,3.388131789017202e-21,0.9999999999999998,-0.003227020782634,-0.0043805442800936,0.0,1.0,-0.0026570472501346,-0.0035314466434977,0.0,1.0,0.923121053406012,3.0,0.2398259288528833,-0.0017304904898683,0.0103992443956279,0.1426658603461288,-0.0251818865177108,0.0352092450615327,0.0301955657896218,0.0603911315792436,rolling_conformal,-0.0404622129792488,0.0320188770574234,0.0362405450183361,0.0724810900366723,rolling_conformal,-0.0320198296183976,0.0259039486103572,0.0289618891143774,0.0579237782287548,rolling_conformal,-0.0262448002699057,0.0261647257426506,0.0262047630062782,0.0524095260125564,rolling_conformal,-0.0294092004660225,0.0206481119058353,0.0250286561859289,0.0500573123718578,rolling_conformal,-0.0252197849573505,0.0350580859171618,0.0301389354372562,0.0602778708745124,rolling_conformal,-0.0275832162539662,0.0205203229669707,0.0240517696104685,0.048103539220937,rolling_conformal,-0.0262842517398995,0.0228232707601627,0.0245537612500311,0.0491075225000622,rolling_conformal,-0.0262842517398995,0.0228232707601627,0.0245537612500311,0.0491075225000622,rolling_conformal
FOMC_0002,2026-03-18,UUP_ret,0.0061,0.002014723267179,3.38825615990963e-05,5.031560397465801e-05,0.0,1.0,-0.0003315098621387,0.000492292145276,0.0,1.0,-0.0008330051002706,0.0012370125739018,0.0,1.0,-0.0012150651560588,0.0018043717567474,0.0,1.0,-0.0006027185187911,0.0008499100750409,0.0,1.0,-0.000296867035051,0.0004408475470507,0.0,1.0,0.923121053406012,3.0,0.226312620732116,0.0008767390345775,0.0035143278162402,0.1996660646953381,-0.0113302508450284,0.0114308820529777,0.0113805664490031,0.0227611328980062,rolling_conformal,-0.0108312337287335,0.0118158180192856,0.0113235258740095,0.0226470517480191,rolling_conformal,-0.0100185229971968,0.0124925481450006,0.0112555355710987,0.0225110711421974,rolling_conformal,-0.0078868534583919,0.0114955969718868,0.0096912252151394,0.0193824504302788,rolling_conformal,-0.0107636748009452,0.012463494951027,0.0116135848759861,0.0232271697519723,rolling_conformal,-0.0085467347923256,0.0125761813266837,0.0105614580595046,0.0211229161190093,rolling_conformal,-0.0103302663659476,0.0112119614600491,0.0107711139129983,0.0215422278259967,rolling_conformal,-0.0091011634316126,0.0108546415007678,0.0099779024661902,0.0199558049323804,rolling_conformal,-0.0091011634316126,0.0108546415007678,0.0099779024661902,0.0199558049323804,rolling_conformal
